材料说明,来源类型,文件大小,大小MiB,SHA256,本地保管路径,未提交原因
distutils-precedence.pth,历史固件研究材料,151,0.000,2638ce9e2500e572a5e0de7faed6661eb569d1b696fcba07b0dd223da5f5d224,C:\zyh\work\宇树固件\_extracted\readable_output\_tools\venv\Lib\site-packages\distutils-precedence.pth,禁止的固件、压缩包、模型、共享库或抓包类型
master_service.LOG,历史固件研究材料,90503526,86.311,7cdad96c33905e7e3ca9a58d913224b466247fcd1dfab84e5f1fe1403631737c,C:\zyh\work\宇树固件\_extracted\readable_output\text\unitree\var\log\master_service\master_service.LOG,超过 50 MiB
aes_key.bin,历史固件研究材料,16,0.000,dd003eb5163018e3337797a058fc4e962a1813e70726c04c253fb72785d31751,C:\zyh\work\宇树固件\_extracted\unitree\etc\key\aes_key.bin,禁止的固件、压缩包、模型、共享库或抓包类型
go2-audit-report-20260828.tar.gz,历史固件研究材料,556255,0.530,5ecba01956c7b682174efb74962f9e49596517d22e1959b656e4bb5879d9cfc8,C:\zyh\work\宇树固件\_extracted\unitree\go2-audit-report-20260828.tar.gz,禁止的固件、压缩包、模型、共享库或抓包类型
libconsole_bridge.so,历史固件研究材料,18368,0.018,82f54817ec90c8e3da6d49a95f9a70e8689a99f56a6c9e06be74a5874f67d8bd,C:\zyh\work\宇树固件\_extracted\unitree\lib\libconsole_bridge.so,禁止的固件、压缩包、模型、共享库或抓包类型
libcycloneddsidl.so,历史固件研究材料,751672,0.717,68fd57076d1fadab6ab0031e535b0b60a2b07ada8bf80c5239bdbd63195d3f72,C:\zyh\work\宇树固件\_extracted\unitree\lib\libcycloneddsidl.so,禁止的固件、压缩包、模型、共享库或抓包类型
libcycloneddsidlcxx.so,历史固件研究材料,274136,0.261,23b45d77dc27c165ca03eb06d1802df55fc23047b64a974ab5b433771d7f4999,C:\zyh\work\宇树固件\_extracted\unitree\lib\libcycloneddsidlcxx.so,禁止的固件、压缩包、模型、共享库或抓包类型
libdds_security_ac.so,历史固件研究材料,370720,0.354,4dbec7d56732919853076a804dc91f43d9226381ccff342e60a904e1b731b467,C:\zyh\work\宇树固件\_extracted\unitree\lib\libdds_security_ac.so,禁止的固件、压缩包、模型、共享库或抓包类型
libdds_security_auth.so,历史固件研究材料,330496,0.315,0c4eaf5c035ada47d746d9208fa10231f709ba6c00bc7f1c64f11b0944b3d990,C:\zyh\work\宇树固件\_extracted\unitree\lib\libdds_security_auth.so,禁止的固件、压缩包、模型、共享库或抓包类型
libdds_security_crypto.so,历史固件研究材料,511336,0.488,4ceff71a4feed493c2636e822fe58ba780db28c041614e6589edc3a72c15226d,C:\zyh\work\宇树固件\_extracted\unitree\lib\libdds_security_crypto.so,禁止的固件、压缩包、模型、共享库或抓包类型
libddsc.so,历史固件研究材料,9569704,9.126,9ae0419f82a2e4e3d5430a13512cc3051eff226192cb21d94e6dae051a2fa6de,C:\zyh\work\宇树固件\_extracted\unitree\lib\libddsc.so,禁止的固件、压缩包、模型、共享库或抓包类型
libddscxx.so,历史固件研究材料,3153856,3.008,2721c6370e39538e2d6f4ec42f1b1579cfff75e4d8fd51faed1ae65f1414b824,C:\zyh\work\宇树固件\_extracted\unitree\lib\libddscxx.so,禁止的固件、压缩包、模型、共享库或抓包类型
libglog.so,历史固件研究材料,252400,0.241,43bc924aa4a3530cca3dbb77020b84da9a76ea65958cddd21fddc90cbe1f1c3d,C:\zyh\work\宇树固件\_extracted\unitree\lib\libglog.so,禁止的固件、压缩包、模型、共享库或抓包类型
libkvsWebrtcClient.so,历史固件研究材料,2318920,2.211,4c49a934ec032640675bfcfdd30c35667160633b7f6b632640dfdb4828816de2,C:\zyh\work\宇树固件\_extracted\unitree\lib\libkvsWebrtcClient.so,禁止的固件、压缩包、模型、共享库或抓包类型
libkvsWebrtcSignalingClient.so,历史固件研究材料,232024,0.221,2d7a1b0284c47ff3f675c3a0e3a9e237261e68630476bd80f61322317e12fbdd,C:\zyh\work\宇树固件\_extracted\unitree\lib\libkvsWebrtcSignalingClient.so,禁止的固件、压缩包、模型、共享库或抓包类型
liblcm.so,历史固件研究材料,101528,0.097,dc4ba87c6441d533567ce507e17ebf938a493b5d725f99ecdb89ccb6f4738908,C:\zyh\work\宇树固件\_extracted\unitree\lib\liblcm.so,禁止的固件、压缩包、模型、共享库或抓包类型
libpinocchio.so,历史固件研究材料,256408,0.245,62bc45faf20e23cbb05ced1fe7da1c37f5fedd019291af63eb0ff0d34a9a12db,C:\zyh\work\宇树固件\_extracted\unitree\lib\libpinocchio.so,禁止的固件、压缩包、模型、共享库或抓包类型
libtinyxml.so,历史固件研究材料,88688,0.085,ea58fef4cc457646982543e7a1fc3fc437d2d777b8246f3b9abd862f10eab72c,C:\zyh\work\宇树固件\_extracted\unitree\lib\libtinyxml.so,禁止的固件、压缩包、模型、共享库或抓包类型
liburdfdom_model.so,历史固件研究材料,133072,0.127,8606fc31cfd4e83190dea2d0216e66ae50781a0d7b14d4862dcd14f58b1fdf3d,C:\zyh\work\宇树固件\_extracted\unitree\lib\liburdfdom_model.so,禁止的固件、压缩包、模型、共享库或抓包类型
libwebsockets.so,历史固件研究材料,520160,0.496,d140e3c2ea800f2db10180f6e7277c82451ff0e2e8c11d18baf4233218001a12,C:\zyh\work\宇树固件\_extracted\unitree\lib\libwebsockets.so,禁止的固件、压缩包、模型、共享库或抓包类型
libzmq.so,历史固件研究材料,634768,0.605,4a001a8f0165f292849444a8df247c61276ba5d951caa6694b7e880f24938137,C:\zyh\work\宇树固件\_extracted\unitree\lib\libzmq.so,禁止的固件、压缩包、模型、共享库或抓包类型
libmcf_core.so,历史固件研究材料,3795440,3.620,e937fd0dffb8676d9281f29401f9519d6ba90ceb9e16b87d2b0660a0e8a51436,C:\zyh\work\宇树固件\_extracted\unitree\module\mcf\depend\libmcf_core.so,禁止的固件、压缩包、模型、共享库或抓包类型
libmcf_runtime.so,历史固件研究材料,6547920,6.245,41517eb1438a326aaeb4c5fc372c555ed232f543c353b5413712ac2901b6f87c,C:\zyh\work\宇树固件\_extracted\unitree\module\mcf\depend\libmcf_runtime.so,禁止的固件、压缩包、模型、共享库或抓包类型
config.zip,历史固件研究材料,27712225,26.428,a294624511b141d30feca36f9e63e6a01a380a7d4635267b419987f7f479b500,C:\zyh\work\宇树固件\_extracted\unitree\module\mcf\module\ai\config.zip,禁止的固件、压缩包、模型、共享库或抓包类型
libgo2_ai_module.so,历史固件研究材料,6204872,5.917,e23baa46610a56677f9f1105218a463199f57126a568f0a197f8f59c2c913d68,C:\zyh\work\宇树固件\_extracted\unitree\module\mcf\module\ai\libgo2_ai_module.so,禁止的固件、压缩包、模型、共享库或抓包类型
libsport_mode.so,历史固件研究材料,13024080,12.421,20ca3da561e66bad31218327914800b42afc101845fee3f50844e6330fc202bd,C:\zyh\work\宇树固件\_extracted\unitree\module\mcf\module\normal\libsport_mode.so,禁止的固件、压缩包、模型、共享库或抓包类型
libgo2_state_estimator.so,历史固件研究材料,462312,0.441,a0deb3649337bd99da168e156a3f8c7fabeea6625c1b7c967a49186589ee877d,C:\zyh\work\宇树固件\_extracted\unitree\module\mcf\module\state_estimator\libgo2_state_estimator.so,禁止的固件、压缩包、模型、共享库或抓包类型
xtra2.bin,历史固件研究材料,60787,0.058,7843e1674af3705d1284814bf69b6812b9ba6072d536de501b6abd197c6d31b7,C:\zyh\work\宇树固件\_extracted\unitree\module\vui_service\etc\xtra2.bin,禁止的固件、压缩包、模型、共享库或抓包类型
flashboot.bin,历史固件研究材料,18280,0.017,868a38e06a855340a49b6acdf1aa5142e3ce6ca9e4765ec2962c7a740a3881d4,C:\zyh\work\宇树固件\_extracted\unitree\module\vui_service\firmware\flashboot.bin,禁止的固件、压缩包、模型、共享库或抓包类型
master.bin,历史固件研究材料,602804,0.575,4a7052a072224f79d0d20e89c7ec287f0462ba2a3580808d525afdaa6c7e1ee2,C:\zyh\work\宇树固件\_extracted\unitree\module\vui_service\firmware\master.bin,禁止的固件、压缩包、模型、共享库或抓包类型
respak.bin,历史固件研究材料,3396005,3.239,907bd3cb3a708d5cc6f1d84c47075d6ab0dec5975c3b95174f401975b6c8ba40,C:\zyh\work\宇树固件\_extracted\unitree\module\vui_service\firmware\respak.bin,禁止的固件、压缩包、模型、共享库或抓包类型
script.bin,历史固件研究材料,4001,0.004,8d80857f17c25e84ef8e23c86b1f19de82c64cb0d8c319b49a7d3896c7f18a24,C:\zyh\work\宇树固件\_extracted\unitree\module\vui_service\firmware\script.bin,禁止的固件、压缩包、模型、共享库或抓包类型
flashboot.bin,历史固件研究材料,18280,0.017,868a38e06a855340a49b6acdf1aa5142e3ce6ca9e4765ec2962c7a740a3881d4,C:\zyh\work\宇树固件\_extracted\unitree\module\vui_service\firmware_en\flashboot.bin,禁止的固件、压缩包、模型、共享库或抓包类型
master.bin,历史固件研究材料,601516,0.574,719c48012ff49839af68f8c49801d37a4368af16c639ec547764000f79622e93,C:\zyh\work\宇树固件\_extracted\unitree\module\vui_service\firmware_en\master.bin,禁止的固件、压缩包、模型、共享库或抓包类型
respak.bin,历史固件研究材料,3383650,3.227,d2ce70277fd355c4668abe52808c4b08294fc5da1bbefbc7d5f4b92622e75d2b,C:\zyh\work\宇树固件\_extracted\unitree\module\vui_service\firmware_en\respak.bin,禁止的固件、压缩包、模型、共享库或抓包类型
script.bin,历史固件研究材料,4001,0.004,8d80857f17c25e84ef8e23c86b1f19de82c64cb0d8c319b49a7d3896c7f18a24,C:\zyh\work\宇树固件\_extracted\unitree\module\vui_service\firmware_en\script.bin,禁止的固件、压缩包、模型、共享库或抓包类型
libg2o_cli.so,历史固件研究材料,51096,0.049,9d06d937b6b81ddda45a63462efbe5de067e12948fae2b7e332ed712a16f243f,C:\zyh\work\宇树固件\_extracted\unitree\opt\lib\g2o\libg2o_cli.so,禁止的固件、压缩包、模型、共享库或抓包类型
libg2o_core.so,历史固件研究材料,470144,0.448,c6f262050bec37f165bb0b0c4a8653dd2fba0561a57032242762a50ed2416b73,C:\zyh\work\宇树固件\_extracted\unitree\opt\lib\g2o\libg2o_core.so,禁止的固件、压缩包、模型、共享库或抓包类型
libg2o_csparse_extension.so,历史固件研究材料,30896,0.029,8d85e21f13c7a41dcd0f63c61f629fd225dcfef883e30b08c8fbe305a018c820,C:\zyh\work\宇树固件\_extracted\unitree\opt\lib\g2o\libg2o_csparse_extension.so,禁止的固件、压缩包、模型、共享库或抓包类型
libg2o_ext_csparse.so,历史固件研究材料,60944,0.058,e54fde1c1fa25a026c329f012b7e6c9e4beeb182dbbe8f270cae38732aba1651,C:\zyh\work\宇树固件\_extracted\unitree\opt\lib\g2o\libg2o_ext_csparse.so,禁止的固件、压缩包、模型、共享库或抓包类型
libg2o_ext_freeglut_minimal.so,历史固件研究材料,91928,0.088,b87d1469e81356b71ed31326f6d4b95da8f2f6c511cb61a20e477c4e19339df6,C:\zyh\work\宇树固件\_extracted\unitree\opt\lib\g2o\libg2o_ext_freeglut_minimal.so,禁止的固件、压缩包、模型、共享库或抓包类型
libg2o_hierarchical.so,历史固件研究材料,224040,0.214,40e1a44915aa38e2765046e3a330d642fac631baa9d16b82554ce9cd2ca5e2ac,C:\zyh\work\宇树固件\_extracted\unitree\opt\lib\g2o\libg2o_hierarchical.so,禁止的固件、压缩包、模型、共享库或抓包类型
libg2o_interface.so,历史固件研究材料,21472,0.020,46aa9eea5b68a9306b4d6b6fa2fe36caad1de1b3d7c55b23ebf1b05711ba5fba,C:\zyh\work\宇树固件\_extracted\unitree\opt\lib\g2o\libg2o_interface.so,禁止的固件、压缩包、模型、共享库或抓包类型
libg2o_opengl_helper.so,历史固件研究材料,19440,0.019,f717828abe25aadfe84fe34ddf2ef124af062c7aa57e8e246a8a777ec517ce14,C:\zyh\work\宇树固件\_extracted\unitree\opt\lib\g2o\libg2o_opengl_helper.so,禁止的固件、压缩包、模型、共享库或抓包类型
libg2o_parser.so,历史固件研究材料,92296,0.088,24d22adcb21727627c0e4a11e261f1dce2d7522235493d0189c90cb662f3f6f6,C:\zyh\work\宇树固件\_extracted\unitree\opt\lib\g2o\libg2o_parser.so,禁止的固件、压缩包、模型、共享库或抓包类型
libg2o_simulator.so,历史固件研究材料,208008,0.198,fcf0b9020dbd590545f1d25a9826fa112b6429cff8fd9f54185318b63db4701a,C:\zyh\work\宇树固件\_extracted\unitree\opt\lib\g2o\libg2o_simulator.so,禁止的固件、压缩包、模型、共享库或抓包类型
libg2o_solver_csparse.so,历史固件研究材料,389064,0.371,57316c71aaa0deb75bed6f4fb48d479b043a34b08d381cb0b761c85614823964,C:\zyh\work\宇树固件\_extracted\unitree\opt\lib\g2o\libg2o_solver_csparse.so,禁止的固件、压缩包、模型、共享库或抓包类型
libg2o_solver_dense.so,历史固件研究材料,347856,0.332,c4f1ccf05e1e88bfdcbc7acb77d55ca493cdca3afd6dde5559ec07671f0abe70,C:\zyh\work\宇树固件\_extracted\unitree\opt\lib\g2o\libg2o_solver_dense.so,禁止的固件、压缩包、模型、共享库或抓包类型
libg2o_solver_eigen.so,历史固件研究材料,396768,0.378,ad47b308412e14302b59bbbf5fb8607f8d603af56f739ca5170958b20b67814f,C:\zyh\work\宇树固件\_extracted\unitree\opt\lib\g2o\libg2o_solver_eigen.so,禁止的固件、压缩包、模型、共享库或抓包类型
libg2o_solver_pcg.so,历史固件研究材料,378304,0.361,cbbeecf1b38ec4775c9544e597293f36f9fe3f34ca427570f8b30ac001a91eb0,C:\zyh\work\宇树固件\_extracted\unitree\opt\lib\g2o\libg2o_solver_pcg.so,禁止的固件、压缩包、模型、共享库或抓包类型
libg2o_solver_slam2d_linear.so,历史固件研究材料,149136,0.142,e75253409dbbb915e2e6ca3395ace18ac7060fbc98c1fc807d6de317a4daf6a6,C:\zyh\work\宇树固件\_extracted\unitree\opt\lib\g2o\libg2o_solver_slam2d_linear.so,禁止的固件、压缩包、模型、共享库或抓包类型
libg2o_solver_structure_only.so,历史固件研究材料,42232,0.040,1f6c99ffe00df85f4d2a07c907bb0872c5462adf8e48c4d40b35c6834bc0a61c,C:\zyh\work\宇树固件\_extracted\unitree\opt\lib\g2o\libg2o_solver_structure_only.so,禁止的固件、压缩包、模型、共享库或抓包类型
libg2o_stuff.so,历史固件研究材料,136360,0.130,ccd966b3c56bf1dd6780c581fb5d1c46f89b564e1250a643f7cd2630cb4f7a98,C:\zyh\work\宇树固件\_extracted\unitree\opt\lib\g2o\libg2o_stuff.so,禁止的固件、压缩包、模型、共享库或抓包类型
libg2o_types_data.so,历史固件研究材料,117936,0.112,e9621406f6f7447c3fe724d670f36b352a4d400c7d5a935eccac6ac443256d44,C:\zyh\work\宇树固件\_extracted\unitree\opt\lib\g2o\libg2o_types_data.so,禁止的固件、压缩包、模型、共享库或抓包类型
libg2o_types_icp.so,历史固件研究材料,134376,0.128,82902e19cd4d17fe41984d9633919c97f76fbb4681f37374e720ec037705625a,C:\zyh\work\宇树固件\_extracted\unitree\opt\lib\g2o\libg2o_types_icp.so,禁止的固件、压缩包、模型、共享库或抓包类型
libg2o_types_sba.so,历史固件研究材料,436336,0.416,fff378b9c85c9f9886ab9e2e531303112ed993dacd83ab52085d8edafec66f20,C:\zyh\work\宇树固件\_extracted\unitree\opt\lib\g2o\libg2o_types_sba.so,禁止的固件、压缩包、模型、共享库或抓包类型
libg2o_types_sclam2d.so,历史固件研究材料,137224,0.131,5584466b5f436a7570dd04a85bf07b8c78f8b1a9601234cca8613e8175c40106,C:\zyh\work\宇树固件\_extracted\unitree\opt\lib\g2o\libg2o_types_sclam2d.so,禁止的固件、压缩包、模型、共享库或抓包类型
libg2o_types_sim3.so,历史固件研究材料,148184,0.141,1c4d6dafb04b33b70f5116742229ce67e80603ad1de083fe28efba5856dbbc15,C:\zyh\work\宇树固件\_extracted\unitree\opt\lib\g2o\libg2o_types_sim3.so,禁止的固件、压缩包、模型、共享库或抓包类型
libg2o_types_slam2d.so,历史固件研究材料,466552,0.445,6d5a42f60868cac07e8fb29cf3759c4908251f2c29f3686a70a0ac4a58056415,C:\zyh\work\宇树固件\_extracted\unitree\opt\lib\g2o\libg2o_types_slam2d.so,禁止的固件、压缩包、模型、共享库或抓包类型
libg2o_types_slam2d_addons.so,历史固件研究材料,265624,0.253,c82dad9d69c3065c4fa947446d366ed9b503e8f8e4b3ecbd6bb0bb8f61535c8c,C:\zyh\work\宇树固件\_extracted\unitree\opt\lib\g2o\libg2o_types_slam2d_addons.so,禁止的固件、压缩包、模型、共享库或抓包类型
libg2o_types_slam3d.so,历史固件研究材料,504976,0.482,a9a68e1b14da6c339d5b57ec12e3ef6e4c918f19ac698c82ec9cc2ed7894a556,C:\zyh\work\宇树固件\_extracted\unitree\opt\lib\g2o\libg2o_types_slam3d.so,禁止的固件、压缩包、模型、共享库或抓包类型
libg2o_types_slam3d_addons.so,历史固件研究材料,345072,0.329,67e78e9e5dba22695baad693b55a6ee04b60c4edf059079727234e2987ea4dab,C:\zyh\work\宇树固件\_extracted\unitree\opt\lib\g2o\libg2o_types_slam3d_addons.so,禁止的固件、压缩包、模型、共享库或抓包类型
libtinyobj.so,历史固件研究材料,119432,0.114,7c89aa2ff374b9016ec7fe9c1e444481853d77748f8da19ecc14502278e8dc0f,C:\zyh\work\宇树固件\_extracted\unitree\opt\lib\libtinyobj.so,禁止的固件、压缩包、模型、共享库或抓包类型
libpango_core.so,历史固件研究材料,347912,0.332,a27a0b8b4648bc27b356c26ec1c3c648b1d1b5795a5081359c993e37620220b7,C:\zyh\work\宇树固件\_extracted\unitree\opt\lib\pango\libpango_core.so,禁止的固件、压缩包、模型、共享库或抓包类型
libpango_display.so,历史固件研究材料,848176,0.809,fa74a561ca9711e234c5e275bb66903d920b96f66df397121f076f68d5b17781,C:\zyh\work\宇树固件\_extracted\unitree\opt\lib\pango\libpango_display.so,禁止的固件、压缩包、模型、共享库或抓包类型
libpango_geometry.so,历史固件研究材料,120456,0.115,f0cf70ac0b09fbd2fb69c44c66bb428b69c3a1d1602eafc4094aa66f41227ddb,C:\zyh\work\宇树固件\_extracted\unitree\opt\lib\pango\libpango_geometry.so,禁止的固件、压缩包、模型、共享库或抓包类型
libpango_glgeometry.so,历史固件研究材料,53352,0.051,27696f02754f4631b60b7c777c487fa12dc74f10070f4a9e177f148829347690,C:\zyh\work\宇树固件\_extracted\unitree\opt\lib\pango\libpango_glgeometry.so,禁止的固件、压缩包、模型、共享库或抓包类型
libpango_image.so,历史固件研究材料,136488,0.130,277e56baf25aaa0b33dadc88537442c90851ed442050a0107658b92ff4bcdc26,C:\zyh\work\宇树固件\_extracted\unitree\opt\lib\pango\libpango_image.so,禁止的固件、压缩包、模型、共享库或抓包类型
libpango_opengl.so,历史固件研究材料,303552,0.289,1bdcc721b7a0d399c8da8cbb628b82fde5a034652236598dd4b7424693b871be,C:\zyh\work\宇树固件\_extracted\unitree\opt\lib\pango\libpango_opengl.so,禁止的固件、压缩包、模型、共享库或抓包类型
libpango_packetstream.so,历史固件研究材料,216816,0.207,9e040d49a727e066b1f2266f7652d28b040b1784c07c47a1811f1fce41477d49,C:\zyh\work\宇树固件\_extracted\unitree\opt\lib\pango\libpango_packetstream.so,禁止的固件、压缩包、模型、共享库或抓包类型
libpango_plot.so,历史固件研究材料,182008,0.174,75d33565bf5520773cd6a9662905d79fba2230d3d75272fbba3588eed5da487d,C:\zyh\work\宇树固件\_extracted\unitree\opt\lib\pango\libpango_plot.so,禁止的固件、压缩包、模型、共享库或抓包类型
libpango_python.so,历史固件研究材料,7848,0.007,0dfa7a694a977d97fa4775a48e1bdf71421599a40c4136c3a32fddef00d13b29,C:\zyh\work\宇树固件\_extracted\unitree\opt\lib\pango\libpango_python.so,禁止的固件、压缩包、模型、共享库或抓包类型
libpango_scene.so,历史固件研究材料,25336,0.024,0d4692985febda473602f3aac431142db8ed5a271bb5d7f2f2bd4b0fa242d724,C:\zyh\work\宇树固件\_extracted\unitree\opt\lib\pango\libpango_scene.so,禁止的固件、压缩包、模型、共享库或抓包类型
libpango_tools.so,历史固件研究材料,274112,0.261,6e268658d486cb12a2acd8a42a85cc19cbc6057ddaf350a9d4ce22387785b1bb,C:\zyh\work\宇树固件\_extracted\unitree\opt\lib\pango\libpango_tools.so,禁止的固件、压缩包、模型、共享库或抓包类型
libpango_vars.so,历史固件研究材料,145680,0.139,039fce0435f4596b390e66d5bccede7b1dfd63338c578b0c66d67a2d25638647,C:\zyh\work\宇树固件\_extracted\unitree\opt\lib\pango\libpango_vars.so,禁止的固件、压缩包、模型、共享库或抓包类型
libpango_video.so,历史固件研究材料,1236176,1.179,1730bc160700398a082fddd516b2425e84d3253b54f225588f7e3552013946ee,C:\zyh\work\宇树固件\_extracted\unitree\opt\lib\pango\libpango_video.so,禁止的固件、压缩包、模型、共享库或抓包类型
libpango_windowing.so,历史固件研究材料,226656,0.216,b62f7fc274e15e13987f1486b3269302b9f117571e9c040e8f8fcddace1e58fa,C:\zyh\work\宇树固件\_extracted\unitree\opt\lib\pango\libpango_windowing.so,禁止的固件、压缩包、模型、共享库或抓包类型
libaccess_alsa_plugin.so,历史固件研究材料,18440,0.018,2b5700f58b2ab3088af67759dda59a26fc9f43ac4c10fd77f3a166cbc8358db5,C:\zyh\work\宇树固件\_extracted\unitree\opt\lib\vlc\plugins\access\libaccess_alsa_plugin.so,禁止的固件、压缩包、模型、共享库或抓包类型
libaccess_concat_plugin.so,历史固件研究材料,14264,0.014,058aa95d1e0ad42cf764cfc8d1290ae00303f2da2ed7921af35a95b719de5582,C:\zyh\work\宇树固件\_extracted\unitree\opt\lib\vlc\plugins\access\libaccess_concat_plugin.so,禁止的固件、压缩包、模型、共享库或抓包类型
libaccess_imem_plugin.so,历史固件研究材料,18488,0.018,7838ca65730328533f86104e821a4c7612bd8dacd2d7dba028639944e41ea708,C:\zyh\work\宇树固件\_extracted\unitree\opt\lib\vlc\plugins\access\libaccess_imem_plugin.so,禁止的固件、压缩包、模型、共享库或抓包类型
libaccess_mms_plugin.so,历史固件研究材料,51160,0.049,10c938aee8eb21003e347396cdbedc249c8081fbad942a9b475775337a21650f,C:\zyh\work\宇树固件\_extracted\unitree\opt\lib\vlc\plugins\access\libaccess_mms_plugin.so,禁止的固件、压缩包、模型、共享库或抓包类型
libaccess_mtp_plugin.so,历史固件研究材料,10168,0.010,b35fc7093c5e127e6e3353180e0d1f75ac275b321dfba3954a32ab0556dcc7b9,C:\zyh\work\宇树固件\_extracted\unitree\opt\lib\vlc\plugins\access\libaccess_mtp_plugin.so,禁止的固件、压缩包、模型、共享库或抓包类型
libaccess_realrtsp_plugin.so,历史固件研究材料,55248,0.053,dd338baf03f07b9d8e708543ab9a1041096218ff317fbfbd3cafd7587d34ea8f,C:\zyh\work\宇树固件\_extracted\unitree\opt\lib\vlc\plugins\access\libaccess_realrtsp_plugin.so,禁止的固件、压缩包、模型、共享库或抓包类型
libattachment_plugin.so,历史固件研究材料,10168,0.010,48b7b0616dbe4e5ab126871aeb97d537581ce6608bf4b43a66f9550c4ebeacbe,C:\zyh\work\宇树固件\_extracted\unitree\opt\lib\vlc\plugins\access\libattachment_plugin.so,禁止的固件、压缩包、模型、共享库或抓包类型
libavio_plugin.so,历史固件研究材料,14400,0.014,63421f00c9da27b218770e9a3f08ab6b07366705e2b1c6d21fecad411e647443,C:\zyh\work\宇树固件\_extracted\unitree\opt\lib\vlc\plugins\access\libavio_plugin.so,禁止的固件、压缩包、模型、共享库或抓包类型
libcdda_plugin.so,历史固件研究材料,30648,0.029,1507fe048c5a53b691496ca91eaef1c2621cce26bec4be3c5901cd9541f81eb7,C:\zyh\work\宇树固件\_extracted\unitree\opt\lib\vlc\plugins\access\libcdda_plugin.so,禁止的固件、压缩包、模型、共享库或抓包类型
libdc1394_plugin.so,历史固件研究材料,18360,0.018,e73b6834f196c9bebf789236e5748fdf22a1cf88dbe5e3922e31153987163585,C:\zyh\work\宇树固件\_extracted\unitree\opt\lib\vlc\plugins\access\libdc1394_plugin.so,禁止的固件、压缩包、模型、共享库或抓包类型
libdtv_plugin.so,历史固件研究材料,84104,0.080,3b764f2c01701258d6ed272fa6e98dda5770d561585f43fecc8d336c21457940,C:\zyh\work\宇树固件\_extracted\unitree\opt\lib\vlc\plugins\access\libdtv_plugin.so,禁止的固件、压缩包、模型、共享库或抓包类型
libdv1394_plugin.so,历史固件研究材料,14264,0.014,24233732ee2aebec1b437d822f5a2fea205e31d010f4dcccdf9464662e7602ae,C:\zyh\work\宇树固件\_extracted\unitree\opt\lib\vlc\plugins\access\libdv1394_plugin.so,禁止的固件、压缩包、模型、共享库或抓包类型
libdvb_plugin.so,历史固件研究材料,79864,0.076,cee1060f1132a218de84e131e5c194b5b4bd4e0a9831040d6a00f0f300d674b3,C:\zyh\work\宇树固件\_extracted\unitree\opt\lib\vlc\plugins\access\libdvb_plugin.so,禁止的固件、压缩包、模型、共享库或抓包类型
libdvdnav_plugin.so,历史固件研究材料,51256,0.049,e47ab0269dea35e559c67cfc21aac7ac6239d8c1786a57d42d010b19feddb1a7,C:\zyh\work\宇树固件\_extracted\unitree\opt\lib\vlc\plugins\access\libdvdnav_plugin.so,禁止的固件、压缩包、模型、共享库或抓包类型
libdvdread_plugin.so,历史固件研究材料,30672,0.029,b1c0333e56ed047a6c061c486bc0696bc45ab2a2f9c9b2a2b5f90c6259c0ec59,C:\zyh\work\宇树固件\_extracted\unitree\opt\lib\vlc\plugins\access\libdvdread_plugin.so,禁止的固件、压缩包、模型、共享库或抓包类型
libfilesystem_plugin.so,历史固件研究材料,14288,0.014,bd3a497a2ddc75f9f7ea0a87ee951b0b21becb156e33a2cdb06d98595d77677e,C:\zyh\work\宇树固件\_extracted\unitree\opt\lib\vlc\plugins\access\libfilesystem_plugin.so,禁止的固件、压缩包、模型、共享库或抓包类型
libftp_plugin.so,历史固件研究材料,38864,0.037,14f887dc48f17db2a864b41b29a2e5134d6cca8a25886b3b98ca7197170d8d4c,C:\zyh\work\宇树固件\_extracted\unitree\opt\lib\vlc\plugins\access\libftp_plugin.so,禁止的固件、压缩包、模型、共享库或抓包类型
libhttp_plugin.so,历史固件研究材料,22488,0.021,49fb4d9d1a081293a0bed1a15c7632c546dc1961e9415bc7414b7b868cf22f75,C:\zyh\work\宇树固件\_extracted\unitree\opt\lib\vlc\plugins\access\libhttp_plugin.so,禁止的固件、压缩包、模型、共享库或抓包类型
libhttps_plugin.so,历史固件研究材料,79952,0.076,6ff738c65548d1630255efe77130199109aa9b1daf42dbf49ee80a105b5a0b4e,C:\zyh\work\宇树固件\_extracted\unitree\opt\lib\vlc\plugins\access\libhttps_plugin.so,禁止的固件、压缩包、模型、共享库或抓包类型
libidummy_plugin.so,历史固件研究材料,10168,0.010,da664c041983e23d18fc4f72f7bc1dbcc1d89714856c16e611faf2e4f32fa515,C:\zyh\work\宇树固件\_extracted\unitree\opt\lib\vlc\plugins\access\libidummy_plugin.so,禁止的固件、压缩包、模型、共享库或抓包类型
libimem_plugin.so,历史固件研究材料,10168,0.010,66daa9ccede1d8666250bdcb265021125ba649789eacdd23ffe593f4dedefc14,C:\zyh\work\宇树固件\_extracted\unitree\opt\lib\vlc\plugins\access\libimem_plugin.so,禁止的固件、压缩包、模型、共享库或抓包类型
liblibbluray_plugin.so,历史固件研究材料,71688,0.068,8a6b3f3ce5cb5790cf2655d4ca6ae273ddbc22d2e525547db3be29df95e606a8,C:\zyh\work\宇树固件\_extracted\unitree\opt\lib\vlc\plugins\access\liblibbluray_plugin.so,禁止的固件、压缩包、模型、共享库或抓包类型
liblinsys_hdsdi_plugin.so,历史固件研究材料,26552,0.025,c8595415c8a06e7a3524a4f28440093dee106bb87ee8b1f5796d6735fb9bb670,C:\zyh\work\宇树固件\_extracted\unitree\opt\lib\vlc\plugins\access\liblinsys_hdsdi_plugin.so,禁止的固件、压缩包、模型、共享库或抓包类型
liblinsys_sdi_plugin.so,历史固件研究材料,30648,0.029,8c117b799e31bb24672805c21a3010641c65b5a7ca431fc8dd433889f37e1e17,C:\zyh\work\宇树固件\_extracted\unitree\opt\lib\vlc\plugins\access\liblinsys_sdi_plugin.so,禁止的固件、压缩包、模型、共享库或抓包类型
liblive555_plugin.so,历史固件研究材料,55424,0.053,9a77b85d12fd78a73fe164e84168f837683418efc8dc1135e3f840622e51f555,C:\zyh\work\宇树固件\_extracted\unitree\opt\lib\vlc\plugins\access\liblive555_plugin.so,禁止的固件、压缩包、模型、共享库或抓包类型
libnfs_plugin.so,历史固件研究材料,22456,0.021,8f8d30c730a76f0edde9af0327c275a6ab57821f44860127aaca7d78ae15ed78,C:\zyh\work\宇树固件\_extracted\unitree\opt\lib\vlc\plugins\access\libnfs_plugin.so,禁止的固件、压缩包、模型、共享库或抓包类型
libpulsesrc_plugin.so,历史固件研究材料,14288,0.014,93b728decc235aea5a8ee597f4a8b383907dc1659af6130ddbe326f4c2b702f6,C:\zyh\work\宇树固件\_extracted\unitree\opt\lib\vlc\plugins\access\libpulsesrc_plugin.so,禁止的固件、压缩包、模型、共享库或抓包类型
librtp_plugin.so,历史固件研究材料,43048,0.041,54389caba9709ce3070700484e75a2d45c4a6e1f518f137f2cf96980f75d6dc4,C:\zyh\work\宇树固件\_extracted\unitree\opt\lib\vlc\plugins\access\librtp_plugin.so,禁止的固件、压缩包、模型、共享库或抓包类型
libsatip_plugin.so,历史固件研究材料,22456,0.021,3177f2f0d1c0fa2de184d45a5f29f1ca2535a9957b6840271d0837aa7f259b7d,C:\zyh\work\宇树固件\_extracted\unitree\opt\lib\vlc\plugins\access\libsatip_plugin.so,禁止的固件、压缩包、模型、共享库或抓包类型
libsdp_plugin.so,历史固件研究材料,10168,0.010,66298ea81997c8aae82a40ee1986c7fbf5f68e50f9856fc4b9eb9b6764aef8ce,C:\zyh\work\宇树固件\_extracted\unitree\opt\lib\vlc\plugins\access\libsdp_plugin.so,禁止的固件、压缩包、模型、共享库或抓包类型
libsftp_plugin.so,历史固件研究材料,18360,0.018,4b910ba95c82e2b0e6051c615ba562f185c57df4271e7ef59529cbfb23e8c9b0,C:\zyh\work\宇树固件\_extracted\unitree\opt\lib\vlc\plugins\access\libsftp_plugin.so,禁止的固件、压缩包、模型、共享库或抓包类型
libshm_plugin.so,历史固件研究材料,14344,0.014,a1cc1a7feb9421bdf5a586938c320b600b394683f0b5abec4ab81c37906cacf0,C:\zyh\work\宇树固件\_extracted\unitree\opt\lib\vlc\plugins\access\libshm_plugin.so,禁止的固件、压缩包、模型、共享库或抓包类型
libsmb_plugin.so,历史固件研究材料,14104,0.013,cae1b6b85c2e3aac8e81c095f3c2e0be3b4544f1a35af4c46545eebe952378c6,C:\zyh\work\宇树固件\_extracted\unitree\opt\lib\vlc\plugins\access\libsmb_plugin.so,禁止的固件、压缩包、模型、共享库或抓包类型
libtcp_plugin.so,历史固件研究材料,10168,0.010,f154027e1873db21999ea98f30b3e62e609437045bcc7e88838557d043573ce7,C:\zyh\work\宇树固件\_extracted\unitree\opt\lib\vlc\plugins\access\libtcp_plugin.so,禁止的固件、压缩包、模型、共享库或抓包类型
libtimecode_plugin.so,历史固件研究材料,10248,0.010,74e62fda406a85f96daa00b82639143ae845754aef0aa665184949ff8c7fe7a2,C:\zyh\work\宇树固件\_extracted\unitree\opt\lib\vlc\plugins\access\libtimecode_plugin.so,禁止的固件、压缩包、模型、共享库或抓包类型
libudp_plugin.so,历史固件研究材料,10200,0.010,a9047953ea3a4aca28257b394d16fad710cba1be2e015e53b12039af02827b99,C:\zyh\work\宇树固件\_extracted\unitree\opt\lib\vlc\plugins\access\libudp_plugin.so,禁止的固件、压缩包、模型、共享库或抓包类型
libv4l2_plugin.so,历史固件研究材料,71760,0.068,521a49e7a967cc78b3ed67b5fe6aabaaae0d77a5d495b909e33518bafd29232f,C:\zyh\work\宇树固件\_extracted\unitree\opt\lib\vlc\plugins\access\libv4l2_plugin.so,禁止的固件、压缩包、模型、共享库或抓包类型
libvcd_plugin.so,历史固件研究材料,22456,0.021,8f8a201cfd427d495e005b175dc31c085b1cb71a9af68f20a28a0f1ab2c9a420,C:\zyh\work\宇树固件\_extracted\unitree\opt\lib\vlc\plugins\access\libvcd_plugin.so,禁止的固件、压缩包、模型、共享库或抓包类型
libvdr_plugin.so,历史固件研究材料,22456,0.021,4cb63769040eccb42d1c9a2a1ad31d08b5d821518a5edbcc9172a73358d7544b,C:\zyh\work\宇树固件\_extracted\unitree\opt\lib\vlc\plugins\access\libvdr_plugin.so,禁止的固件、压缩包、模型、共享库或抓包类型
libaccess_output_dummy_plugin.so,历史固件研究材料,6072,0.006,2517187db4e03b352e44bc7c5883c755777e2323607b6844bde1277f8657a919,C:\zyh\work\宇树固件\_extracted\unitree\opt\lib\vlc\plugins\access_output\libaccess_output_dummy_plugin.so,禁止的固件、压缩包、模型、共享库或抓包类型
libaccess_output_file_plugin.so,历史固件研究材料,14368,0.014,9beefd4be2dbdef72389b2401cff50e0dca41a783f190ff06e47a832d4defae9,C:\zyh\work\宇树固件\_extracted\unitree\opt\lib\vlc\plugins\access_output\libaccess_output_file_plugin.so,禁止的固件、压缩包、模型、共享库或抓包类型
libaccess_output_http_plugin.so,历史固件研究材料,14368,0.014,6dfbb18f9ddea0ed6dfb75a71a4e03d82ab94e47ab31d105cda80ec058a5d210,C:\zyh\work\宇树固件\_extracted\unitree\opt\lib\vlc\plugins\access_output\libaccess_output_http_plugin.so,禁止的固件、压缩包、模型、共享库或抓包类型
libaccess_output_livehttp_plugin.so,历史固件研究材料,26632,0.025,f68f6b0fb68b673441f9698afac67ed7229475d38664bc84b605439c0e0aeae2,C:\zyh\work\宇树固件\_extracted\unitree\opt\lib\vlc\plugins\access_output\libaccess_output_livehttp_plugin.so,禁止的固件、压缩包、模型、共享库或抓包类型
libaccess_output_shout_plugin.so,历史固件研究材料,18440,0.018,9b5c90255d1ada8708f59b3a8f1c0df975818041f357fde237bae9fa96166759,C:\zyh\work\宇树固件\_extracted\unitree\opt\lib\vlc\plugins\access_output\libaccess_output_shout_plugin.so,禁止的固件、压缩包、模型、共享库或抓包类型
libaccess_output_srt_plugin.so,历史固件研究材料,14344,0.014,c2f82b4050755e814aa5a40ba57596087d0ce17ca87f9fa0a9ab4db30a18319f,C:\zyh\work\宇树固件\_extracted\unitree\opt\lib\vlc\plugins\access_output\libaccess_output_srt_plugin.so,禁止的固件、压缩包、模型、共享库或抓包类型
libaccess_output_udp_plugin.so,历史固件研究材料,14344,0.014,b0129b0b12412e5ca676c6faf08acc8dbe435801de220ca39bd886d903af744b,C:\zyh\work\宇树固件\_extracted\unitree\opt\lib\vlc\plugins\access_output\libaccess_output_udp_plugin.so,禁止的固件、压缩包、模型、共享库或抓包类型
libaudio_format_plugin.so,历史固件研究材料,26632,0.025,906ec367497ff9d09cac582d1b8ddc203de6bb690725d1db43ccbd592bb1edbe,C:\zyh\work\宇树固件\_extracted\unitree\opt\lib\vlc\plugins\audio_filter\libaudio_format_plugin.so,禁止的固件、压缩包、模型、共享库或抓包类型
libaudiobargraph_a_plugin.so,历史固件研究材料,14344,0.014,74656cbec3e7a7c1b88d16c651cea25e8bde81467967a034d95e117ccce12951,C:\zyh\work\宇树固件\_extracted\unitree\opt\lib\vlc\plugins\audio_filter\libaudiobargraph_a_plugin.so,禁止的固件、压缩包、模型、共享库或抓包类型
libchorus_flanger_plugin.so,历史固件研究材料,14264,0.014,b66b19dc69dc34c184bcd0cb3d7c1b05979a5e6e26e8e9fa7fbf6976315e457d,C:\zyh\work\宇树固件\_extracted\unitree\opt\lib\vlc\plugins\audio_filter\libchorus_flanger_plugin.so,禁止的固件、压缩包、模型、共享库或抓包类型
libcompressor_plugin.so,历史固件研究材料,18360,0.018,ff54e70f9e144aa8bee823bbac0bade9ce9a8da0e236c11d8b2fefdbea7ce52a,C:\zyh\work\宇树固件\_extracted\unitree\opt\lib\vlc\plugins\audio_filter\libcompressor_plugin.so,禁止的固件、压缩包、模型、共享库或抓包类型
libdolby_surround_decoder_plugin.so,历史固件研究材料,10168,0.010,e5dce8c19312c2e615c09f63b5eb3ffe70df35fbe1ac34367622d0fdc91114da,C:\zyh\work\宇树固件\_extracted\unitree\opt\lib\vlc\plugins\audio_filter\libdolby_surround_decoder_plugin.so,禁止的固件、压缩包、模型、共享库或抓包类型
libequalizer_plugin.so,历史固件研究材料,22536,0.021,2197485c3cbbc36bf27b859f5dee7ee6d03a396b35481d811241149fddf24103,C:\zyh\work\宇树固件\_extracted\unitree\opt\lib\vlc\plugins\audio_filter\libequalizer_plugin.so,禁止的固件、压缩包、模型、共享库或抓包类型
libgain_plugin.so,历史固件研究材料,10168,0.010,0ca82078d2a0a3b9d1f881fc3154888991a2f8078745249fb27e8608dc29b340,C:\zyh\work\宇树固件\_extracted\unitree\opt\lib\vlc\plugins\audio_filter\libgain_plugin.so,禁止的固件、压缩包、模型、共享库或抓包类型
libheadphone_channel_mixer_plugin.so,历史固件研究材料,14264,0.014,5d76fd9de71672c803fa3ed4ea11690fbd41a1148488ec0e49adb266df7affd9,C:\zyh\work\宇树固件\_extracted\unitree\opt\lib\vlc\plugins\audio_filter\libheadphone_channel_mixer_plugin.so,禁止的固件、压缩包、模型、共享库或抓包类型
libkaraoke_plugin.so,历史固件研究材料,10168,0.010,c5040fe9c162df175171fa6de4fb3bd64249ab82d7f8a4f7002c5c3c3da92570,C:\zyh\work\宇树固件\_extracted\unitree\opt\lib\vlc\plugins\audio_filter\libkaraoke_plugin.so,禁止的固件、压缩包、模型、共享库或抓包类型
libmad_plugin.so,历史固件研究材料,10168,0.010,305dd5104130fa6bc97e62b5808da78b6ff20ae9bd33b3c526c4f7f26314d7b3,C:\zyh\work\宇树固件\_extracted\unitree\opt\lib\vlc\plugins\audio_filter\libmad_plugin.so,禁止的固件、压缩包、模型、共享库或抓包类型
libmono_plugin.so,历史固件研究材料,18440,0.018,5067bc692ec5331e7620fca4fc4f230556149a2c0235838b256ba810d0644e73,C:\zyh\work\宇树固件\_extracted\unitree\opt\lib\vlc\plugins\audio_filter\libmono_plugin.so,禁止的固件、压缩包、模型、共享库或抓包类型
libnormvol_plugin.so,历史固件研究材料,10168,0.010,b26154971fe5a1d109eb96fcbffbb91e81225e4617633aa745484d341a5b9374,C:\zyh\work\宇树固件\_extracted\unitree\opt\lib\vlc\plugins\audio_filter\libnormvol_plugin.so,禁止的固件、压缩包、模型、共享库或抓包类型
libparam_eq_plugin.so,历史固件研究材料,14264,0.014,5db48dbf6350195917892dd899e9b5010c1ae8eecc45e4a06bd7757bdaa26ae1,C:\zyh\work\宇树固件\_extracted\unitree\opt\lib\vlc\plugins\audio_filter\libparam_eq_plugin.so,禁止的固件、压缩包、模型、共享库或抓包类型
libremap_plugin.so,历史固件研究材料,18440,0.018,ee65bb81ea51f62ce1421a52265c95bf57574b0896a42e8cd2d46616d02ac79c,C:\zyh\work\宇树固件\_extracted\unitree\opt\lib\vlc\plugins\audio_filter\libremap_plugin.so,禁止的固件、压缩包、模型、共享库或抓包类型
libsamplerate_plugin.so,历史固件研究材料,10248,0.010,05e8683e8cca8854ff731e476bd3cc99f8551b4afc3428ab0c81546aeb392e29,C:\zyh\work\宇树固件\_extracted\unitree\opt\lib\vlc\plugins\audio_filter\libsamplerate_plugin.so,禁止的固件、压缩包、模型、共享库或抓包类型
libscaletempo_pitch_plugin.so,历史固件研究材料,18360,0.018,ebb46cb8fc4d75510407f8d632068dacaf3305e0aca075c2f2264b7a7c458088,C:\zyh\work\宇树固件\_extracted\unitree\opt\lib\vlc\plugins\audio_filter\libscaletempo_pitch_plugin.so,禁止的固件、压缩包、模型、共享库或抓包类型
libscaletempo_plugin.so,历史固件研究材料,14264,0.014,e9e870d9096d9e21dafb2b7136795d5c237a2bd885fa4daf411f50f9a03c0e88,C:\zyh\work\宇树固件\_extracted\unitree\opt\lib\vlc\plugins\audio_filter\libscaletempo_plugin.so,禁止的固件、压缩包、模型、共享库或抓包类型
libsimple_channel_mixer_plugin.so,历史固件研究材料,14264,0.014,1e1db08f3a15ef76b79698a8826fe6d49f121bbc2f6280c6d316f3a1fa9c9398,C:\zyh\work\宇树固件\_extracted\unitree\opt\lib\vlc\plugins\audio_filter\libsimple_channel_mixer_plugin.so,禁止的固件、压缩包、模型、共享库或抓包类型
libsoxr_plugin.so,历史固件研究材料,14344,0.014,ee8fafae09cd87dd0d662559110c3c796b772bed72ce569ccac75aa191dff9da,C:\zyh\work\宇树固件\_extracted\unitree\opt\lib\vlc\plugins\audio_filter\libsoxr_plugin.so,禁止的固件、压缩包、模型、共享库或抓包类型
libspatialaudio_plugin.so,历史固件研究材料,34912,0.033,72f4620baf828602b539915a83191bfeb91e084e89bfa7db76173833a604ab4a,C:\zyh\work\宇树固件\_extracted\unitree\opt\lib\vlc\plugins\audio_filter\libspatialaudio_plugin.so,禁止的固件、压缩包、模型、共享库或抓包类型
libspatializer_plugin.so,历史固件研究材料,18528,0.018,86bfbe1456810125942a57236d8f3952c87475e4269412c3db35f30cbc37e447,C:\zyh\work\宇树固件\_extracted\unitree\opt\lib\vlc\plugins\audio_filter\libspatializer_plugin.so,禁止的固件、压缩包、模型、共享库或抓包类型
libspeex_resampler_plugin.so,历史固件研究材料,10168,0.010,3681377b2151b0fed221d6511a946cdc1f2522bcc08cc8edd87f58e54f2e1a23,C:\zyh\work\宇树固件\_extracted\unitree\opt\lib\vlc\plugins\audio_filter\libspeex_resampler_plugin.so,禁止的固件、压缩包、模型、共享库或抓包类型
libstereo_widen_plugin.so,历史固件研究材料,10168,0.010,394b8a5ad362cdf76554d6213185ce4ecdc3ff6342172b6a6d4769c4341f50e4,C:\zyh\work\宇树固件\_extracted\unitree\opt\lib\vlc\plugins\audio_filter\libstereo_widen_plugin.so,禁止的固件、压缩包、模型、共享库或抓包类型
libtospdif_plugin.so,历史固件研究材料,22456,0.021,851a1040168cb116345fd68532445c303b3ec310aa70284413595a00e51d4f51,C:\zyh\work\宇树固件\_extracted\unitree\opt\lib\vlc\plugins\audio_filter\libtospdif_plugin.so,禁止的固件、压缩包、模型、共享库或抓包类型
libtrivial_channel_mixer_plugin.so,历史固件研究材料,10168,0.010,a43399329afb08ff91d34cd326d7397f6dbb1782438429743c98e08d7665023f,C:\zyh\work\宇树固件\_extracted\unitree\opt\lib\vlc\plugins\audio_filter\libtrivial_channel_mixer_plugin.so,禁止的固件、压缩包、模型、共享库或抓包类型
libugly_resampler_plugin.so,历史固件研究材料,10168,0.010,d5a6c1215c8f141cecd0e991649065bf21442aba198fc1da83cd18cb7338f571,C:\zyh\work\宇树固件\_extracted\unitree\opt\lib\vlc\plugins\audio_filter\libugly_resampler_plugin.so,禁止的固件、压缩包、模型、共享库或抓包类型
libfloat_mixer_plugin.so,历史固件研究材料,10168,0.010,bf673614c1bdff2c516e7bc0c65fd4e21af4153f63d8bca5b276472e443ad53b,C:\zyh\work\宇树固件\_extracted\unitree\opt\lib\vlc\plugins\audio_mixer\libfloat_mixer_plugin.so,禁止的固件、压缩包、模型、共享库或抓包类型
libinteger_mixer_plugin.so,历史固件研究材料,10168,0.010,eb76165b757291b7e44e86175cb0377b3aeaed1f02eaf520e3ed6b7a81fa3e3e,C:\zyh\work\宇树固件\_extracted\unitree\opt\lib\vlc\plugins\audio_mixer\libinteger_mixer_plugin.so,禁止的固件、压缩包、模型、共享库或抓包类型
libadummy_plugin.so,历史固件研究材料,6072,0.006,c02262dcffe0968903c0ce9c15eb166774fd35e327dcb394151f0cb838432498,C:\zyh\work\宇树固件\_extracted\unitree\opt\lib\vlc\plugins\audio_output\libadummy_plugin.so,禁止的固件、压缩包、模型、共享库或抓包类型
libafile_plugin.so,历史固件研究材料,10248,0.010,1f49b47160e96783f4ebb697aae9485cf082c15af5b2bd6482ae4e611ac358da,C:\zyh\work\宇树固件\_extracted\unitree\opt\lib\vlc\plugins\audio_output\libafile_plugin.so,禁止的固件、压缩包、模型、共享库或抓包类型
libalsa_plugin.so,历史固件研究材料,26632,0.025,bd6de6d46c12c08c5a034671d594bbd58c4aee42a21f66452acc0f24c379c401,C:\zyh\work\宇树固件\_extracted\unitree\opt\lib\vlc\plugins\audio_output\libalsa_plugin.so,禁止的固件、压缩包、模型、共享库或抓包类型
libamem_plugin.so,历史固件研究材料,10168,0.010,3bd851f280b19093f046899273a7362df23cde82fb3994c7ac61fd0ff379101d,C:\zyh\work\宇树固件\_extracted\unitree\opt\lib\vlc\plugins\audio_output\libamem_plugin.so,禁止的固件、压缩包、模型、共享库或抓包类型
libpulse_plugin.so,历史固件研究材料,26632,0.025,463a5db20f310846d4e223fe5dc2f1acff0160ae4820924cfba8c0135e3c64e4,C:\zyh\work\宇树固件\_extracted\unitree\opt\lib\vlc\plugins\audio_output\libpulse_plugin.so,禁止的固件、压缩包、模型、共享库或抓包类型
libsndio_plugin.so,历史固件研究材料,10168,0.010,912080b41fc2e475b1b6fc87558b5ce3344f08a15f558424e6ceac27a75eab95,C:\zyh\work\宇树固件\_extracted\unitree\opt\lib\vlc\plugins\audio_output\libsndio_plugin.so,禁止的固件、压缩包、模型、共享库或抓包类型
liba52_plugin.so,历史固件研究材料,10168,0.010,61995293a8053811d37975c308b50fbe8170d3f7059d189bde278980a73c11b3,C:\zyh\work\宇树固件\_extracted\unitree\opt\lib\vlc\plugins\codec\liba52_plugin.so,禁止的固件、压缩包、模型、共享库或抓包类型
libadpcm_plugin.so,历史固件研究材料,14264,0.014,40985674689b75f8cf4dfa5f1aad8bf9ed293279e3807bb9e4cbfae221d714a1,C:\zyh\work\宇树固件\_extracted\unitree\opt\lib\vlc\plugins\codec\libadpcm_plugin.so,禁止的固件、压缩包、模型、共享库或抓包类型
libaes3_plugin.so,历史固件研究材料,10168,0.010,f6702f6aaf971def445ec3a4454991be184850e12f567f838fd1188ffc6d9f86,C:\zyh\work\宇树固件\_extracted\unitree\opt\lib\vlc\plugins\codec\libaes3_plugin.so,禁止的固件、压缩包、模型、共享库或抓包类型
libaom_plugin.so,历史固件研究材料,14264,0.014,3cde41768022bf559527b36f567cd3a8ebab4a08b976e366fb7da841ec97deae,C:\zyh\work\宇树固件\_extracted\unitree\opt\lib\vlc\plugins\codec\libaom_plugin.so,禁止的固件、压缩包、模型、共享库或抓包类型
libaraw_plugin.so,历史固件研究材料,38840,0.037,b5af221d87eef1f53482cc07d3d76c32a7c5e61cfee80c83624da67c67db13e9,C:\zyh\work\宇树固件\_extracted\unitree\opt\lib\vlc\plugins\codec\libaraw_plugin.so,禁止的固件、压缩包、模型、共享库或抓包类型
libaribsub_plugin.so,历史固件研究材料,14264,0.014,fb326d02f708bc499dd205d95d2f67d8704459c170a215c0dc50f2442d95d63a,C:\zyh\work\宇树固件\_extracted\unitree\opt\lib\vlc\plugins\codec\libaribsub_plugin.so,禁止的固件、压缩包、模型、共享库或抓包类型
libavcodec_plugin.so,历史固件研究材料,83976,0.080,0e35b13d16a25915483633246163dfbffda2fc61b4816895d22851662eaececd,C:\zyh\work\宇树固件\_extracted\unitree\opt\lib\vlc\plugins\codec\libavcodec_plugin.so,禁止的固件、压缩包、模型、共享库或抓包类型
libcc_plugin.so,历史固件研究材料,42936,0.041,e485ce66d7fda8a8014db803423cd8abfdfc824832589e7e765162616e5fe519,C:\zyh\work\宇树固件\_extracted\unitree\opt\lib\vlc\plugins\codec\libcc_plugin.so,禁止的固件、压缩包、模型、共享库或抓包类型
libcdg_plugin.so,历史固件研究材料,14264,0.014,d84bf12392a19888d31c32628f612fb0ed906f60afeba5c9df14cbde7f964004,C:\zyh\work\宇树固件\_extracted\unitree\opt\lib\vlc\plugins\codec\libcdg_plugin.so,禁止的固件、压缩包、模型、共享库或抓包类型
libcvdsub_plugin.so,历史固件研究材料,14264,0.014,523f664603f9a5ee20591d0bd4e3c6dcc30128529863ec986e6449f3cecd831b,C:\zyh\work\宇树固件\_extracted\unitree\opt\lib\vlc\plugins\codec\libcvdsub_plugin.so,禁止的固件、压缩包、模型、共享库或抓包类型
libdca_plugin.so,历史固件研究材料,10168,0.010,7ccc4bb3465b1d54edc80586603d1fb14b5851dec7ac244acb9dbb8c452c1e17,C:\zyh\work\宇树固件\_extracted\unitree\opt\lib\vlc\plugins\codec\libdca_plugin.so,禁止的固件、压缩包、模型、共享库或抓包类型
libddummy_plugin.so,历史固件研究材料,10168,0.010,da9b9cd976455b0f274c5f086691ac3d2e8785684b5958ac4ba1d6e1c4be2912,C:\zyh\work\宇树固件\_extracted\unitree\opt\lib\vlc\plugins\codec\libddummy_plugin.so,禁止的固件、压缩包、模型、共享库或抓包类型
libdvbsub_plugin.so,历史固件研究材料,79880,0.076,853d8a7242a2497234f77c6e1dc5dc353591bbe12e0caa286f0fb1481bc1b48e,C:\zyh\work\宇树固件\_extracted\unitree\opt\lib\vlc\plugins\codec\libdvbsub_plugin.so,禁止的固件、压缩包、模型、共享库或抓包类型
libedummy_plugin.so,历史固件研究材料,6072,0.006,c6aa17f1930c353bc15cbe709c6ccb07c324cbc6e0e7a2d9ec5dfeda17d87a9a,C:\zyh\work\宇树固件\_extracted\unitree\opt\lib\vlc\plugins\codec\libedummy_plugin.so,禁止的固件、压缩包、模型、共享库或抓包类型
libfaad_plugin.so,历史固件研究材料,18360,0.018,701b561698086879153a998bf1128dcc6d81b927b433bdb8127ea5cf6b91d8eb,C:\zyh\work\宇树固件\_extracted\unitree\opt\lib\vlc\plugins\codec\libfaad_plugin.so,禁止的固件、压缩包、模型、共享库或抓包类型
libflac_plugin.so,历史固件研究材料,18360,0.018,6fadf38b59cf044be03ffcd7ba6b0124ee3ff9af9e9fa9bc154f203c81e6c896,C:\zyh\work\宇树固件\_extracted\unitree\opt\lib\vlc\plugins\codec\libflac_plugin.so,禁止的固件、压缩包、模型、共享库或抓包类型
libg711_plugin.so,历史固件研究材料,22456,0.021,45912ff7316a19b5873418b9287bae848d2d711612cdf115cd8d61d5065e0224,C:\zyh\work\宇树固件\_extracted\unitree\opt\lib\vlc\plugins\codec\libg711_plugin.so,禁止的固件、压缩包、模型、共享库或抓包类型
libjpeg_plugin.so,历史固件研究材料,18440,0.018,76b51a18784cb0bd529f06a036cc87b675b2b6d691d2621a2d22c7998608e090,C:\zyh\work\宇树固件\_extracted\unitree\opt\lib\vlc\plugins\codec\libjpeg_plugin.so,禁止的固件、压缩包、模型、共享库或抓包类型
libkate_plugin.so,历史固件研究材料,18360,0.018,ef5a0cb4a63e6ba577932f743449c7a286060d038eaa49f3940fc3cfb9f02d9b,C:\zyh\work\宇树固件\_extracted\unitree\opt\lib\vlc\plugins\codec\libkate_plugin.so,禁止的固件、压缩包、模型、共享库或抓包类型
liblibass_plugin.so,历史固件研究材料,14264,0.014,878fb5ecfa52f16cae21fc8fc1114d44572e12d5db78df865b6e23adaaf5765b,C:\zyh\work\宇树固件\_extracted\unitree\opt\lib\vlc\plugins\codec\liblibass_plugin.so,禁止的固件、压缩包、模型、共享库或抓包类型
liblibmpeg2_plugin.so,历史固件研究材料,22456,0.021,d71f306789f3b061e389d1219b7f471b75042e41ab757f10116a600f49cf74b9,C:\zyh\work\宇树固件\_extracted\unitree\opt\lib\vlc\plugins\codec\liblibmpeg2_plugin.so,禁止的固件、压缩包、模型、共享库或抓包类型
liblpcm_plugin.so,历史固件研究材料,18360,0.018,5425e7a249323277a824004c7acc547e9ec8404ac6bdc5416f6aeeae0f699523,C:\zyh\work\宇树固件\_extracted\unitree\opt\lib\vlc\plugins\codec\liblpcm_plugin.so,禁止的固件、压缩包、模型、共享库或抓包类型
libmpg123_plugin.so,历史固件研究材料,14264,0.014,ce3fd35e0bef93eb134b543e04b41c38ceb68f63add1be0389cfd5f3167529f4,C:\zyh\work\宇树固件\_extracted\unitree\opt\lib\vlc\plugins\codec\libmpg123_plugin.so,禁止的固件、压缩包、模型、共享库或抓包类型
liboggspots_plugin.so,历史固件研究材料,10168,0.010,ca3b74cbd9d0c3cbdd67faf6649185601bd7ee8341fe14ae0b11960a7a4c0d6f,C:\zyh\work\宇树固件\_extracted\unitree\opt\lib\vlc\plugins\codec\liboggspots_plugin.so,禁止的固件、压缩包、模型、共享库或抓包类型
libomxil_plugin.so,历史固件研究材料,215168,0.205,06b88a02bf63e8ee74589697cbe7c496d3d0293c8dc29a5ff54fe6bac6087e1a,C:\zyh\work\宇树固件\_extracted\unitree\opt\lib\vlc\plugins\codec\libomxil_plugin.so,禁止的固件、压缩包、模型、共享库或抓包类型
libopus_plugin.so,历史固件研究材料,22536,0.021,07515af84ce9511f87321d44b4a03646f89360cc957ccdfc12bdf4e8900d57d9,C:\zyh\work\宇树固件\_extracted\unitree\opt\lib\vlc\plugins\codec\libopus_plugin.so,禁止的固件、压缩包、模型、共享库或抓包类型
libpng_plugin.so,历史固件研究材料,14264,0.014,cd8696f0b74868aac1ff8995f620fbd68d90d20dc15a732e99bf18c60eef1b45,C:\zyh\work\宇树固件\_extracted\unitree\opt\lib\vlc\plugins\codec\libpng_plugin.so,禁止的固件、压缩包、模型、共享库或抓包类型
librawvideo_plugin.so,历史固件研究材料,10168,0.010,316f86ce73cc49dc2de7904e5e9d7f5136265c82f565225878a7e3568682e142,C:\zyh\work\宇树固件\_extracted\unitree\opt\lib\vlc\plugins\codec\librawvideo_plugin.so,禁止的固件、压缩包、模型、共享库或抓包类型
librtpvideo_plugin.so,历史固件研究材料,6072,0.006,b27218ac6563cddaa18bd6f7be6637a7ba186f1c929f12d6cce95b7468e9aa84,C:\zyh\work\宇树固件\_extracted\unitree\opt\lib\vlc\plugins\codec\librtpvideo_plugin.so,禁止的固件、压缩包、模型、共享库或抓包类型
libscte18_plugin.so,历史固件研究材料,14264,0.014,f42627bc1aea7727918f832e88b30c7f865302275a44c7a2b8784fe083cdcab1,C:\zyh\work\宇树固件\_extracted\unitree\opt\lib\vlc\plugins\codec\libscte18_plugin.so,禁止的固件、压缩包、模型、共享库或抓包类型
libscte27_plugin.so,历史固件研究材料,22456,0.021,5348ba4ebef21b0802df0d039f2100bb0cb436666a6658c7bf0e4519a7a66701,C:\zyh\work\宇树固件\_extracted\unitree\opt\lib\vlc\plugins\codec\libscte27_plugin.so,禁止的固件、压缩包、模型、共享库或抓包类型
libsdl_image_plugin.so,历史固件研究材料,10248,0.010,5a1245d9118af95dba652ca0a8d6245e24aeac7f10c7a03dd061de07bb439f7b,C:\zyh\work\宇树固件\_extracted\unitree\opt\lib\vlc\plugins\codec\libsdl_image_plugin.so,禁止的固件、压缩包、模型、共享库或抓包类型
libshine_plugin.so,历史固件研究材料,10168,0.010,f04087dad1b57915f1fc1f7c36ae9bfb40cc4f88427f4b0a17bf9869209711dd,C:\zyh\work\宇树固件\_extracted\unitree\opt\lib\vlc\plugins\codec\libshine_plugin.so,禁止的固件、压缩包、模型、共享库或抓包类型
libspdif_plugin.so,历史固件研究材料,6072,0.006,0c9219a6a04d42314461c810b16b99ba957355b9b4e23f8f36fc6eee439dfb7d,C:\zyh\work\宇树固件\_extracted\unitree\opt\lib\vlc\plugins\codec\libspdif_plugin.so,禁止的固件、压缩包、模型、共享库或抓包类型
libspeex_plugin.so,历史固件研究材料,22536,0.021,fba76081c77a3e368fac64e0b7621dcd855dcf1d7c7000dce6163c85981aee05,C:\zyh\work\宇树固件\_extracted\unitree\opt\lib\vlc\plugins\codec\libspeex_plugin.so,禁止的固件、压缩包、模型、共享库或抓包类型
libspudec_plugin.so,历史固件研究材料,18360,0.018,fbb417c96f796fadd281c3bfdd7cebb4d9c74bb563188876e9d03c29589d6a55,C:\zyh\work\宇树固件\_extracted\unitree\opt\lib\vlc\plugins\codec\libspudec_plugin.so,禁止的固件、压缩包、模型、共享库或抓包类型
libstl_plugin.so,历史固件研究材料,14344,0.014,14c0a2fa662ee65f748fa3d64f4e7aa2386375b5d1e4b4139db53b6789a89cf5,C:\zyh\work\宇树固件\_extracted\unitree\opt\lib\vlc\plugins\codec\libstl_plugin.so,禁止的固件、压缩包、模型、共享库或抓包类型
libsubsdec_plugin.so,历史固件研究材料,26632,0.025,d931e2370998321a61f0e8b65fc5eeb325a9f8d3e3004720448c4315859b0f9b,C:\zyh\work\宇树固件\_extracted\unitree\opt\lib\vlc\plugins\codec\libsubsdec_plugin.so,禁止的固件、压缩包、模型、共享库或抓包类型
libsubstx3g_plugin.so,历史固件研究材料,14264,0.014,47fcde73b5ebc5ecdec8294f3c606ed01ec8f7365ba44a9aeb30fe770b3b6cfe,C:\zyh\work\宇树固件\_extracted\unitree\opt\lib\vlc\plugins\codec\libsubstx3g_plugin.so,禁止的固件、压缩包、模型、共享库或抓包类型
libsubsusf_plugin.so,历史固件研究材料,22456,0.021,46acaf8e91b99c00b007b9a19f242722fa83c5ea9f72be143544a531291683f1,C:\zyh\work\宇树固件\_extracted\unitree\opt\lib\vlc\plugins\codec\libsubsusf_plugin.so,禁止的固件、压缩包、模型、共享库或抓包类型
libsvcdsub_plugin.so,历史固件研究材料,14264,0.014,3a2ebb17e75b6ced304be214b181f18f2c31b45aed8284d783c71cc9bffb9cab,C:\zyh\work\宇树固件\_extracted\unitree\opt\lib\vlc\plugins\codec\libsvcdsub_plugin.so,禁止的固件、压缩包、模型、共享库或抓包类型
libsvgdec_plugin.so,历史固件研究材料,10168,0.010,55ed1bf15d9f2570391d579bc44656f49599f3aa75faf82d90c38fe3a386beb2,C:\zyh\work\宇树固件\_extracted\unitree\opt\lib\vlc\plugins\codec\libsvgdec_plugin.so,禁止的固件、压缩包、模型、共享库或抓包类型
libt140_plugin.so,历史固件研究材料,10168,0.010,4b4908259961e1ce89a07aa1bda4b7053d0792d00c8a40dfa5ebf2f037ef826d,C:\zyh\work\宇树固件\_extracted\unitree\opt\lib\vlc\plugins\codec\libt140_plugin.so,禁止的固件、压缩包、模型、共享库或抓包类型
libtextst_plugin.so,历史固件研究材料,14264,0.014,08d4714c3b9e971a379cab95f13c54ce2ad26eae54ccaeb3a63657f7400f5222,C:\zyh\work\宇树固件\_extracted\unitree\opt\lib\vlc\plugins\codec\libtextst_plugin.so,禁止的固件、压缩包、模型、共享库或抓包类型
libtheora_plugin.so,历史固件研究材料,22536,0.021,7b2590ddf433c3cb6a9a81c541b4889a160cd6c195c8fba10fa542a065f08c45,C:\zyh\work\宇树固件\_extracted\unitree\opt\lib\vlc\plugins\codec\libtheora_plugin.so,禁止的固件、压缩包、模型、共享库或抓包类型
libttml_plugin.so,历史固件研究材料,38952,0.037,f5fe649b293f76022b6067e676b3856d48963a85de10069463f4d6aacc3dabcd,C:\zyh\work\宇树固件\_extracted\unitree\opt\lib\vlc\plugins\codec\libttml_plugin.so,禁止的固件、压缩包、模型、共享库或抓包类型
libtwolame_plugin.so,历史固件研究材料,14344,0.014,cfa5a69881147ab0c7d59c57ca6c353c65aaa2dd6f41a47d55140ae678742fc3,C:\zyh\work\宇树固件\_extracted\unitree\opt\lib\vlc\plugins\codec\libtwolame_plugin.so,禁止的固件、压缩包、模型、共享库或抓包类型
libuleaddvaudio_plugin.so,历史固件研究材料,10168,0.010,7bd3b27cc8b40b3c78abaf757077b6e8c5bc3f2e1078c4e72d89e5bca26dd65f,C:\zyh\work\宇树固件\_extracted\unitree\opt\lib\vlc\plugins\codec\libuleaddvaudio_plugin.so,禁止的固件、压缩包、模型、共享库或抓包类型
libvaapi_drm_plugin.so,历史固件研究材料,22496,0.021,e5057dff2682e36964a0cd1869eaef3f99cf680167b606ee38ed2f2c2c13b417,C:\zyh\work\宇树固件\_extracted\unitree\opt\lib\vlc\plugins\codec\libvaapi_drm_plugin.so,禁止的固件、压缩包、模型、共享库或抓包类型
libvaapi_plugin.so,历史固件研究材料,22496,0.021,b63db3852508dbc8b2fd26e3e7211ee03f7b48450741a56f1c3975412d6ff257,C:\zyh\work\宇树固件\_extracted\unitree\opt\lib\vlc\plugins\codec\libvaapi_plugin.so,禁止的固件、压缩包、模型、共享库或抓包类型
libvorbis_plugin.so,历史固件研究材料,26632,0.025,016df38eb01637657884aff9c3fcdd32a03b081584604325571aad3c8467114a,C:\zyh\work\宇树固件\_extracted\unitree\opt\lib\vlc\plugins\codec\libvorbis_plugin.so,禁止的固件、压缩包、模型、共享库或抓包类型
libwebvtt_plugin.so,历史固件研究材料,92176,0.088,54c24a91fd0175233c2cb4334add9aaa1f91c37f556ccb41adaf85198967438b,C:\zyh\work\宇树固件\_extracted\unitree\opt\lib\vlc\plugins\codec\libwebvtt_plugin.so,禁止的固件、压缩包、模型、共享库或抓包类型
libx26410b_plugin.so,历史固件研究材料,47112,0.045,3b3916d28cede97e9ec38e2003f0ccd4e07ec322098f2cb1d5422c5e21a8ecb5,C:\zyh\work\宇树固件\_extracted\unitree\opt\lib\vlc\plugins\codec\libx26410b_plugin.so,禁止的固件、压缩包、模型、共享库或抓包类型
libx264_plugin.so,历史固件研究材料,47112,0.045,cf1547cb8b7001139df4c0557cffaa5a4c44a2c80056313cacea03dd0a89908e,C:\zyh\work\宇树固件\_extracted\unitree\opt\lib\vlc\plugins\codec\libx264_plugin.so,禁止的固件、压缩包、模型、共享库或抓包类型
libx265_plugin.so,历史固件研究材料,10168,0.010,3ed932448487d12641aecd3a7e41113e3fd2226ef5b449be2c79add82959feca,C:\zyh\work\宇树固件\_extracted\unitree\opt\lib\vlc\plugins\codec\libx265_plugin.so,禁止的固件、压缩包、模型、共享库或抓包类型
libxwd_plugin.so,历史固件研究材料,10168,0.010,021c6c38759dca9eb8086df2650137e4458f30a96f06bd5746522d5b4089cd81,C:\zyh\work\宇树固件\_extracted\unitree\opt\lib\vlc\plugins\codec\libxwd_plugin.so,禁止的固件、压缩包、模型、共享库或抓包类型
libzvbi_plugin.so,历史固件研究材料,22536,0.021,eb0a8c9dca73aca4e545d07c6ce263d4f8074f6146ba59c60a5d107975ac3fa7,C:\zyh\work\宇树固件\_extracted\unitree\opt\lib\vlc\plugins\codec\libzvbi_plugin.so,禁止的固件、压缩包、模型、共享库或抓包类型
libdbus_plugin.so,历史固件研究材料,71920,0.069,1c4384704a5f67330463e4e6642e6ffa0529c7214aaa0edfee28a7d38ec6cb9c,C:\zyh\work\宇树固件\_extracted\unitree\opt\lib\vlc\plugins\control\libdbus_plugin.so,禁止的固件、压缩包、模型、共享库或抓包类型
libdummy_plugin.so,历史固件研究材料,6072,0.006,21e132495a5ce3a7144c5281d4c00520f5c0b0f3c5356174f63ef329fad60bbe,C:\zyh\work\宇树固件\_extracted\unitree\opt\lib\vlc\plugins\control\libdummy_plugin.so,禁止的固件、压缩包、模型、共享库或抓包类型
libgestures_plugin.so,历史固件研究材料,14344,0.014,238c287b52872893401ec41d68b3efc6569e44c82e232314bd163833c27cb1d6,C:\zyh\work\宇树固件\_extracted\unitree\opt\lib\vlc\plugins\control\libgestures_plugin.so,禁止的固件、压缩包、模型、共享库或抓包类型
libhotkeys_plugin.so,历史固件研究材料,30648,0.029,019ca0d53343079a54fd2e53e3ce99e96e0dce315dba42f8892d5103f2893df1,C:\zyh\work\宇树固件\_extracted\unitree\opt\lib\vlc\plugins\control\libhotkeys_plugin.so,禁止的固件、压缩包、模型、共享库或抓包类型
liblirc_plugin.so,历史固件研究材料,10168,0.010,1e0e52b07a09e70cd88afb1014975ed044441ad10eb2df7d256f2f362432068f,C:\zyh\work\宇树固件\_extracted\unitree\opt\lib\vlc\plugins\control\liblirc_plugin.so,禁止的固件、压缩包、模型、共享库或抓包类型
libmotion_plugin.so,历史固件研究材料,10168,0.010,e883bf99247e51ddf70d7dbc5d08a8d4734f0438c6cbe27e35ad24d685c89fb6,C:\zyh\work\宇树固件\_extracted\unitree\opt\lib\vlc\plugins\control\libmotion_plugin.so,禁止的固件、压缩包、模型、共享库或抓包类型
libnetsync_plugin.so,历史固件研究材料,10168,0.010,30641c4db68b3b8f283641b33bf82d4ad30531455f05fd559a183aed520bca77,C:\zyh\work\宇树固件\_extracted\unitree\opt\lib\vlc\plugins\control\libnetsync_plugin.so,禁止的固件、压缩包、模型、共享库或抓包类型
liboldrc_plugin.so,历史固件研究材料,43016,0.041,a14589f212c6c145fd8fea66197549f109c5362aa7a17d7cc44e9455bd4133c7,C:\zyh\work\宇树固件\_extracted\unitree\opt\lib\vlc\plugins\control\liboldrc_plugin.so,禁止的固件、压缩包、模型、共享库或抓包类型
libxcb_hotkeys_plugin.so,历史固件研究材料,14264,0.014,8b70412cf1168ac3d9490adb47aeb2d9e26bb0c33b132b86519e2094310f2ca9,C:\zyh\work\宇树固件\_extracted\unitree\opt\lib\vlc\plugins\control\libxcb_hotkeys_plugin.so,禁止的固件、压缩包、模型、共享库或抓包类型
libadaptive_plugin.so,历史固件研究材料,788872,0.752,a31fc637adca7a1cfd66826042abbdb2d1ffac2fac43fbcc6d35f79878c507a5,C:\zyh\work\宇树固件\_extracted\unitree\opt\lib\vlc\plugins\demux\libadaptive_plugin.so,禁止的固件、压缩包、模型、共享库或抓包类型
libaiff_plugin.so,历史固件研究材料,10168,0.010,b0300560964648a1d677c495215858085f1b5bfd38aeb0d5b4b6a0336968c952,C:\zyh\work\宇树固件\_extracted\unitree\opt\lib\vlc\plugins\demux\libaiff_plugin.so,禁止的固件、压缩包、模型、共享库或抓包类型
libasf_plugin.so,历史固件研究材料,63496,0.061,c22fba26e5fab2a374441c7be363bc6d875011c3fce87e11d0af12d2f28d1e6e,C:\zyh\work\宇树固件\_extracted\unitree\opt\lib\vlc\plugins\demux\libasf_plugin.so,禁止的固件、压缩包、模型、共享库或抓包类型
libau_plugin.so,历史固件研究材料,10168,0.010,2468c5f2cb481d7664e3858032cc6ee90cccac3e732b7758c99f21ed0ad31767,C:\zyh\work\宇树固件\_extracted\unitree\opt\lib\vlc\plugins\demux\libau_plugin.so,禁止的固件、压缩包、模型、共享库或抓包类型
libavformat_plugin.so,历史固件研究材料,51208,0.049,c183ddf450c1db664f46a3eceaf78546aefcfff116ed882994c6ee3bc22e4eab,C:\zyh\work\宇树固件\_extracted\unitree\opt\lib\vlc\plugins\demux\libavformat_plugin.so,禁止的固件、压缩包、模型、共享库或抓包类型
libavi_plugin.so,历史固件研究材料,83976,0.080,c696394273ed614acb8c799e62a210bb50299842b601a8cc694e5bf6843a9025,C:\zyh\work\宇树固件\_extracted\unitree\opt\lib\vlc\plugins\demux\libavi_plugin.so,禁止的固件、压缩包、模型、共享库或抓包类型
libcaf_plugin.so,历史固件研究材料,18360,0.018,280c4281c2770d0c265649bc740230195db51ef6b690ad70ad3c55f3c147c03d,C:\zyh\work\宇树固件\_extracted\unitree\opt\lib\vlc\plugins\demux\libcaf_plugin.so,禁止的固件、压缩包、模型、共享库或抓包类型
libdemux_cdg_plugin.so,历史固件研究材料,10168,0.010,5c6e4fa5826df3a0fa1e7f630e12f9fa6e36af0fa18ab0900241114053c770a3,C:\zyh\work\宇树固件\_extracted\unitree\opt\lib\vlc\plugins\demux\libdemux_cdg_plugin.so,禁止的固件、压缩包、模型、共享库或抓包类型
libdemux_chromecast_plugin.so,历史固件研究材料,14360,0.014,a6a9d0837235f492b06a5fca98ed25c3e10de5277fe25b8448dc73a1a3b53e0f,C:\zyh\work\宇树固件\_extracted\unitree\opt\lib\vlc\plugins\demux\libdemux_chromecast_plugin.so,禁止的固件、压缩包、模型、共享库或抓包类型
libdemux_stl_plugin.so,历史固件研究材料,14264,0.014,801dccf9f6368b257d53dcec9a1b8969ade0a6b6a71e9fbee778ccf57af2890f,C:\zyh\work\宇树固件\_extracted\unitree\opt\lib\vlc\plugins\demux\libdemux_stl_plugin.so,禁止的固件、压缩包、模型、共享库或抓包类型
libdemuxdump_plugin.so,历史固件研究材料,10168,0.010,80048e0dbe29f449d3ed0846efe84f3bcfe39ed21ae02678d95d31d6d8567e23,C:\zyh\work\宇树固件\_extracted\unitree\opt\lib\vlc\plugins\demux\libdemuxdump_plugin.so,禁止的固件、压缩包、模型、共享库或抓包类型
libdiracsys_plugin.so,历史固件研究材料,10168,0.010,739c757477a38eecaebc6681bf07bc91bc219a2cc834d386949f3b56eb2bb814,C:\zyh\work\宇树固件\_extracted\unitree\opt\lib\vlc\plugins\demux\libdiracsys_plugin.so,禁止的固件、压缩包、模型、共享库或抓包类型
libdirectory_demux_plugin.so,历史固件研究材料,10168,0.010,ddfa5b5593fbda0d8d9439fed31c1dacd63799c810f9ecc0913e16ac7655cbe9,C:\zyh\work\宇树固件\_extracted\unitree\opt\lib\vlc\plugins\demux\libdirectory_demux_plugin.so,禁止的固件、压缩包、模型、共享库或抓包类型
libes_plugin.so,历史固件研究材料,34936,0.033,b93a25b9bdbf6e561975469bfe71568af3860fa2e9bbd26ba2d7e399ee72808b,C:\zyh\work\宇树固件\_extracted\unitree\opt\lib\vlc\plugins\demux\libes_plugin.so,禁止的固件、压缩包、模型、共享库或抓包类型
libflacsys_plugin.so,历史固件研究材料,30728,0.029,f87eb7268f5d29e37d1d5a0595eb697b1112575729a2a51b3f0160d3810615cc,C:\zyh\work\宇树固件\_extracted\unitree\opt\lib\vlc\plugins\demux\libflacsys_plugin.so,禁止的固件、压缩包、模型、共享库或抓包类型
libh26x_plugin.so,历史固件研究材料,79968,0.076,9a5cc223facc386b80f587822d58f1b6985a3c15ed0d07d02b74e130234858ab,C:\zyh\work\宇树固件\_extracted\unitree\opt\lib\vlc\plugins\demux\libh26x_plugin.so,禁止的固件、压缩包、模型、共享库或抓包类型
libimage_plugin.so,历史固件研究材料,22536,0.021,ae5775d9d2fdab694a2e234a3d8f7a138888245bd48c5f2abadf89edd6ef85bb,C:\zyh\work\宇树固件\_extracted\unitree\opt\lib\vlc\plugins\demux\libimage_plugin.so,禁止的固件、压缩包、模型、共享库或抓包类型
libmjpeg_plugin.so,历史固件研究材料,18360,0.018,72ef6d41e3e313b0b3c44e9d5fab473240ec7af10ee7f429e1858593d22a4183,C:\zyh\work\宇树固件\_extracted\unitree\opt\lib\vlc\plugins\demux\libmjpeg_plugin.so,禁止的固件、压缩包、模型、共享库或抓包类型
libmkv_plugin.so,历史固件研究材料,452720,0.432,aab25f5a0fb4f8a98d271c1cb650d44bcf620fb7a1b2017cbc43d921eb4681fb,C:\zyh\work\宇树固件\_extracted\unitree\opt\lib\vlc\plugins\demux\libmkv_plugin.so,禁止的固件、压缩包、模型、共享库或抓包类型
libmod_plugin.so,历史固件研究材料,22536,0.021,646df29b4e3abda970a59d899f5a89d869d2e1f31e4d3411aede6cd70dc74d53,C:\zyh\work\宇树固件\_extracted\unitree\opt\lib\vlc\plugins\demux\libmod_plugin.so,禁止的固件、压缩包、模型、共享库或抓包类型
libmp4_plugin.so,历史固件研究材料,239688,0.229,1380c845fadc56b142aad755726ad5f6db6beb9df62b7ebdb4c0bd767cc07b47,C:\zyh\work\宇树固件\_extracted\unitree\opt\lib\vlc\plugins\demux\libmp4_plugin.so,禁止的固件、压缩包、模型、共享库或抓包类型
libmpc_plugin.so,历史固件研究材料,10168,0.010,f6bc726dc8c5bb6272b47199df4c9f15eab672cdfa7e94f88e272f8c6bcd8172,C:\zyh\work\宇树固件\_extracted\unitree\opt\lib\vlc\plugins\demux\libmpc_plugin.so,禁止的固件、压缩包、模型、共享库或抓包类型
libmpgv_plugin.so,历史固件研究材料,10168,0.010,58ab32abc0c21c0e57831d4182f0d1cefd498efb592f5175226782886decdc70,C:\zyh\work\宇树固件\_extracted\unitree\opt\lib\vlc\plugins\demux\libmpgv_plugin.so,禁止的固件、压缩包、模型、共享库或抓包类型
libnoseek_plugin.so,历史固件研究材料,10168,0.010,673472777b3d389714da244e832dcb1fde130724d114e80781400bf1081d5638,C:\zyh\work\宇树固件\_extracted\unitree\opt\lib\vlc\plugins\demux\libnoseek_plugin.so,禁止的固件、压缩包、模型、共享库或抓包类型
libnsc_plugin.so,历史固件研究材料,10168,0.010,93bfa4c60cc7db3af1da93461b7fd039c20f28733d901bcca056c31a7a64ee9a,C:\zyh\work\宇树固件\_extracted\unitree\opt\lib\vlc\plugins\demux\libnsc_plugin.so,禁止的固件、压缩包、模型、共享库或抓包类型
libnsv_plugin.so,历史固件研究材料,14264,0.014,21554c6088ce4be36de530ff0c0a27ddee9b1d98173cb52340a99c81ef7c2561,C:\zyh\work\宇树固件\_extracted\unitree\opt\lib\vlc\plugins\demux\libnsv_plugin.so,禁止的固件、压缩包、模型、共享库或抓包类型
libnuv_plugin.so,历史固件研究材料,18360,0.018,d7c8967d7046e810a17f8ee655c272297cde633370c379a43af2a987729bb1b9,C:\zyh\work\宇树固件\_extracted\unitree\opt\lib\vlc\plugins\demux\libnuv_plugin.so,禁止的固件、压缩包、模型、共享库或抓包类型
libogg_plugin.so,历史固件研究材料,88072,0.084,09f9d9917171a6ae35d83f0f45cbaa1ab30aa0692c43295b172df8dca017f5cf,C:\zyh\work\宇树固件\_extracted\unitree\opt\lib\vlc\plugins\demux\libogg_plugin.so,禁止的固件、压缩包、模型、共享库或抓包类型
libplaylist_plugin.so,历史固件研究材料,88680,0.085,b4df1d1dfa391089b7f2cffaf222cd5efca73a494651b0f392f02788e9696653,C:\zyh\work\宇树固件\_extracted\unitree\opt\lib\vlc\plugins\demux\libplaylist_plugin.so,禁止的固件、压缩包、模型、共享库或抓包类型
libps_plugin.so,历史固件研究材料,34744,0.033,c3e19d7df528483471ef673cb9961bf449b8725892e092fb122f2f0bbe37dd3e,C:\zyh\work\宇树固件\_extracted\unitree\opt\lib\vlc\plugins\demux\libps_plugin.so,禁止的固件、压缩包、模型、共享库或抓包类型
libpva_plugin.so,历史固件研究材料,14264,0.014,4c1453c74bf43b9bf5ef29f3a79415f85498ba843a4e2227c93148c1331d4e96,C:\zyh\work\宇树固件\_extracted\unitree\opt\lib\vlc\plugins\demux\libpva_plugin.so,禁止的固件、压缩包、模型、共享库或抓包类型
librawaud_plugin.so,历史固件研究材料,10168,0.010,fd6428bf5f5b92386e8466c5b0bf5a7dc91c28ca6a9a45e4c2f096ec5d27b2a3,C:\zyh\work\宇树固件\_extracted\unitree\opt\lib\vlc\plugins\demux\librawaud_plugin.so,禁止的固件、压缩包、模型、共享库或抓包类型
librawdv_plugin.so,历史固件研究材料,14264,0.014,a60b038dc6800463e6223a936095abf4e6b5bcb27dd059e72e13f5c852912c5d,C:\zyh\work\宇树固件\_extracted\unitree\opt\lib\vlc\plugins\demux\librawdv_plugin.so,禁止的固件、压缩包、模型、共享库或抓包类型
librawvid_plugin.so,历史固件研究材料,14344,0.014,89879e19d3c79c2540f619177aec082bcc2889bac940e7a8d9c5f06cb829a27f,C:\zyh\work\宇树固件\_extracted\unitree\opt\lib\vlc\plugins\demux\librawvid_plugin.so,禁止的固件、压缩包、模型、共享库或抓包类型
libreal_plugin.so,历史固件研究材料,26552,0.025,1a082f6bd8f480829641d38391e4b2623a9233f7690a69431909b1aded89b018,C:\zyh\work\宇树固件\_extracted\unitree\opt\lib\vlc\plugins\demux\libreal_plugin.so,禁止的固件、压缩包、模型、共享库或抓包类型
libsid_plugin.so,历史固件研究材料,14360,0.014,3942f63f5a4094ea88fee3611202ff25b7b0443040608d666c4da7ed68f284e0,C:\zyh\work\宇树固件\_extracted\unitree\opt\lib\vlc\plugins\demux\libsid_plugin.so,禁止的固件、压缩包、模型、共享库或抓包类型
libsmf_plugin.so,历史固件研究材料,18360,0.018,05880305e0156b54b734cad10bb65b770ef41a4998a6d80a8181b06368832cae,C:\zyh\work\宇树固件\_extracted\unitree\opt\lib\vlc\plugins\demux\libsmf_plugin.so,禁止的固件、压缩包、模型、共享库或抓包类型
libsubtitle_plugin.so,历史固件研究材料,38920,0.037,7798db649b92c0bf8eb7176cadb83e2d3854a8f9c55712b6cc922370578973d1,C:\zyh\work\宇树固件\_extracted\unitree\opt\lib\vlc\plugins\demux\libsubtitle_plugin.so,禁止的固件、压缩包、模型、共享库或抓包类型
libts_plugin.so,历史固件研究材料,215048,0.205,a8beb5032183267f7a3f086dfea43a5b6b9737fd77a2e5b4588728a9085bcfe2,C:\zyh\work\宇树固件\_extracted\unitree\opt\lib\vlc\plugins\demux\libts_plugin.so,禁止的固件、压缩包、模型、共享库或抓包类型
libtta_plugin.so,历史固件研究材料,10168,0.010,0a704be2032adbfe0aadba6945cffb422cf71a30a9baad0569fb2337bfb4da3a,C:\zyh\work\宇树固件\_extracted\unitree\opt\lib\vlc\plugins\demux\libtta_plugin.so,禁止的固件、压缩包、模型、共享库或抓包类型
libty_plugin.so,历史固件研究材料,30728,0.029,0b203e7164c7e3e78e1efa6f7d07bcaac5b6bd2556983570fe5287a8a613b596,C:\zyh\work\宇树固件\_extracted\unitree\opt\lib\vlc\plugins\demux\libty_plugin.so,禁止的固件、压缩包、模型、共享库或抓包类型
libvc1_plugin.so,历史固件研究材料,10168,0.010,0859550740cd2b08c67b586b6281242930e149b98f1c6f93df1abbc6983b4edd,C:\zyh\work\宇树固件\_extracted\unitree\opt\lib\vlc\plugins\demux\libvc1_plugin.so,禁止的固件、压缩包、模型、共享库或抓包类型
libvobsub_plugin.so,历史固件研究材料,18360,0.018,5a00fd8a1267b78bb820aa9325e9777e345b2935e312947f398d1088a1209b7e,C:\zyh\work\宇树固件\_extracted\unitree\opt\lib\vlc\plugins\demux\libvobsub_plugin.so,禁止的固件、压缩包、模型、共享库或抓包类型
libvoc_plugin.so,历史固件研究材料,14264,0.014,f22d20aed397456300be828dfe23ba2ae1e7c700b072fc10cf186a8c1054109d,C:\zyh\work\宇树固件\_extracted\unitree\opt\lib\vlc\plugins\demux\libvoc_plugin.so,禁止的固件、压缩包、模型、共享库或抓包类型
libwav_plugin.so,历史固件研究材料,18440,0.018,9605b06fa5b6ede304f9527a57c79bcfa33235e97fff80b6661c4e5771bd1458,C:\zyh\work\宇树固件\_extracted\unitree\opt\lib\vlc\plugins\demux\libwav_plugin.so,禁止的固件、压缩包、模型、共享库或抓包类型
libxa_plugin.so,历史固件研究材料,10168,0.010,df2c9ad75613819b74c896b2bdc323ad795704a49ead8e8d1869589a8d583b8d,C:\zyh\work\宇树固件\_extracted\unitree\opt\lib\vlc\plugins\demux\libxa_plugin.so,禁止的固件、压缩包、模型、共享库或抓包类型
libncurses_plugin.so,历史固件研究材料,47112,0.045,089c3807b9b9d267fcc3adf178d85e2e97ad0f4362ec983c9ad940bbce20c903,C:\zyh\work\宇树固件\_extracted\unitree\opt\lib\vlc\plugins\gui\libncurses_plugin.so,禁止的固件、压缩包、模型、共享库或抓包类型
libqt_plugin.so,历史固件研究材料,3352648,3.197,51b55192429ad05cea622e92e2a9db3462890dfc3b93a806d6c0b404b2f41fbe,C:\zyh\work\宇树固件\_extracted\unitree\opt\lib\vlc\plugins\gui\libqt_plugin.so,禁止的固件、压缩包、模型、共享库或抓包类型
libskins2_plugin.so,历史固件研究材料,784360,0.748,6b8975ed2be2b8074511ca1f761dbd9eda0238ce60f3977581c8a4f62a01e245,C:\zyh\work\宇树固件\_extracted\unitree\opt\lib\vlc\plugins\gui\libskins2_plugin.so,禁止的固件、压缩包、模型、共享库或抓包类型
libfile_keystore_plugin.so,历史固件研究材料,14344,0.014,ac2a2b9e386b4b21c64476359abbe23b6993296bed60859dccb4a6aadc0980ce,C:\zyh\work\宇树固件\_extracted\unitree\opt\lib\vlc\plugins\keystore\libfile_keystore_plugin.so,禁止的固件、压缩包、模型、共享库或抓包类型
libkwallet_plugin.so,历史固件研究材料,26664,0.025,9359a0f38827e2460314ca3121131061b435b13dcf68adfc881d087cee0093c4,C:\zyh\work\宇树固件\_extracted\unitree\opt\lib\vlc\plugins\keystore\libkwallet_plugin.so,禁止的固件、压缩包、模型、共享库或抓包类型
libmemory_keystore_plugin.so,历史固件研究材料,10168,0.010,fb51606df6d40ea16b83ba092d688ff2e1c8fe149856b459d9ed0292462fc499,C:\zyh\work\宇树固件\_extracted\unitree\opt\lib\vlc\plugins\keystore\libmemory_keystore_plugin.so,禁止的固件、压缩包、模型、共享库或抓包类型
libsecret_plugin.so,历史固件研究材料,14344,0.014,5af26f42d1258f8040707244b347f7ae760220eaaa5fad4193c2638daa557dc5,C:\zyh\work\宇树固件\_extracted\unitree\opt\lib\vlc\plugins\keystore\libsecret_plugin.so,禁止的固件、压缩包、模型、共享库或抓包类型
libconsole_logger_plugin.so,历史固件研究材料,10168,0.010,8f4fc568c92ae2dd44db5ee5c6d055752c9827111f2d127b9bb554f8202c3d29,C:\zyh\work\宇树固件\_extracted\unitree\opt\lib\vlc\plugins\logger\libconsole_logger_plugin.so,禁止的固件、压缩包、模型、共享库或抓包类型
libfile_logger_plugin.so,历史固件研究材料,14344,0.014,d0caafbab46446f8052042e994cfa4269ec4707692c375881224b1ba2e00fc5f,C:\zyh\work\宇树固件\_extracted\unitree\opt\lib\vlc\plugins\logger\libfile_logger_plugin.so,禁止的固件、压缩包、模型、共享库或抓包类型
libsd_journal_plugin.so,历史固件研究材料,10168,0.010,a6eaeada3ed7b80463c3c2189fb040425c15268234f590b41cd4428c27a5d781,C:\zyh\work\宇树固件\_extracted\unitree\opt\lib\vlc\plugins\logger\libsd_journal_plugin.so,禁止的固件、压缩包、模型、共享库或抓包类型
libsyslog_plugin.so,历史固件研究材料,10248,0.010,1469d3342c7f00181ee2712c71769996f8798d4c8b2d787fda37aa3bd05d1ad3,C:\zyh\work\宇树固件\_extracted\unitree\opt\lib\vlc\plugins\logger\libsyslog_plugin.so,禁止的固件、压缩包、模型、共享库或抓包类型
liblua_plugin.so,历史固件研究材料,186448,0.178,319439442e12636ba96f7b84d97923db21c80d4567b65995ce0278f4d6d63eb9,C:\zyh\work\宇树固件\_extracted\unitree\opt\lib\vlc\plugins\lua\liblua_plugin.so,禁止的固件、压缩包、模型、共享库或抓包类型
libfolder_plugin.so,历史固件研究材料,10248,0.010,2df1d30ddf40ef36ded33d3a2aaecf5be42b980d30f11a9f924edd8a66d27a9d,C:\zyh\work\宇树固件\_extracted\unitree\opt\lib\vlc\plugins\meta_engine\libfolder_plugin.so,禁止的固件、压缩包、模型、共享库或抓包类型
libtaglib_plugin.so,历史固件研究材料,88160,0.084,64ee58685fdce30566ac08c53ed644ab507fc4dc407997e688a29e45d96d04bd,C:\zyh\work\宇树固件\_extracted\unitree\opt\lib\vlc\plugins\meta_engine\libtaglib_plugin.so,禁止的固件、压缩包、模型、共享库或抓包类型
libaddonsfsstorage_plugin.so,历史固件研究材料,26552,0.025,8d330f80fc67bd43a9754561acb9fa8f2fed3850a93da41606120db481e00966,C:\zyh\work\宇树固件\_extracted\unitree\opt\lib\vlc\plugins\misc\libaddonsfsstorage_plugin.so,禁止的固件、压缩包、模型、共享库或抓包类型
libaddonsvorepository_plugin.so,历史固件研究材料,18360,0.018,12521caff62c67c0a5400620fc7fa5ca6f97e365aac12ffe35f75648c24a14e3,C:\zyh\work\宇树固件\_extracted\unitree\opt\lib\vlc\plugins\misc\libaddonsvorepository_plugin.so,禁止的固件、压缩包、模型、共享库或抓包类型
libaudioscrobbler_plugin.so,历史固件研究材料,22456,0.021,c9b5717e66c1343ec4f5a42eba14fbc3a7f0bba960e7efb10c7ac3a74c5cda7d,C:\zyh\work\宇树固件\_extracted\unitree\opt\lib\vlc\plugins\misc\libaudioscrobbler_plugin.so,禁止的固件、压缩包、模型、共享库或抓包类型
libdbus_screensaver_plugin.so,历史固件研究材料,10168,0.010,bdb9ac5ef87c0c4b80e12a619713e207e75216b9cf7bce711ade680c20744db4,C:\zyh\work\宇树固件\_extracted\unitree\opt\lib\vlc\plugins\misc\libdbus_screensaver_plugin.so,禁止的固件、压缩包、模型、共享库或抓包类型
libexport_plugin.so,历史固件研究材料,18360,0.018,c5f7aefc0aff08c960c2352265f88ab05a5604cd3592049c4de6bb840c406293,C:\zyh\work\宇树固件\_extracted\unitree\opt\lib\vlc\plugins\misc\libexport_plugin.so,禁止的固件、压缩包、模型、共享库或抓包类型
libfingerprinter_plugin.so,历史固件研究材料,30648,0.029,110ec3748c9965e27aa89415f86f4c54859fe7d24bd40676c262d4d98083fc57,C:\zyh\work\宇树固件\_extracted\unitree\opt\lib\vlc\plugins\misc\libfingerprinter_plugin.so,禁止的固件、压缩包、模型、共享库或抓包类型
libgnutls_plugin.so,历史固件研究材料,26632,0.025,1a9c4c6f07673f39ea9722e845e4cc342685acfd7b6aff09e0c93d00ab7b2ef6,C:\zyh\work\宇树固件\_extracted\unitree\opt\lib\vlc\plugins\misc\libgnutls_plugin.so,禁止的固件、压缩包、模型、共享库或抓包类型
liblogger_plugin.so,历史固件研究材料,6072,0.006,2caeb4cd1899550704885182ab0db21e955d8083d132552609d95a7cbfebbc21,C:\zyh\work\宇树固件\_extracted\unitree\opt\lib\vlc\plugins\misc\liblogger_plugin.so,禁止的固件、压缩包、模型、共享库或抓包类型
libstats_plugin.so,历史固件研究材料,10168,0.010,c8c8034afcf679daac897c9167992e14a2dee8f9e87b235a133a50c802c6eb0a,C:\zyh\work\宇树固件\_extracted\unitree\opt\lib\vlc\plugins\misc\libstats_plugin.so,禁止的固件、压缩包、模型、共享库或抓包类型
libvod_rtsp_plugin.so,历史固件研究材料,38840,0.037,96e71da608dc22982705cfd0e27ab6fd321e9bd3bc6de0c8f70b373561940cb6,C:\zyh\work\宇树固件\_extracted\unitree\opt\lib\vlc\plugins\misc\libvod_rtsp_plugin.so,禁止的固件、压缩包、模型、共享库或抓包类型
libxdg_screensaver_plugin.so,历史固件研究材料,10192,0.010,cb66f11ee0f4faab3873be13670291537d2434f3745ee3ed7dcbb83902c4487f,C:\zyh\work\宇树固件\_extracted\unitree\opt\lib\vlc\plugins\misc\libxdg_screensaver_plugin.so,禁止的固件、压缩包、模型、共享库或抓包类型
libxml_plugin.so,历史固件研究材料,10168,0.010,47bf65a6ec23c3460f64a91c3d651cb61d7e74efb6e14d0cdbe163479641f2f6,C:\zyh\work\宇树固件\_extracted\unitree\opt\lib\vlc\plugins\misc\libxml_plugin.so,禁止的固件、压缩包、模型、共享库或抓包类型
libmux_asf_plugin.so,历史固件研究材料,34824,0.033,dadf52519ddc1888eb77bb9f51f25c43c58476f0ad9bacc2d0aeba49689cc301,C:\zyh\work\宇树固件\_extracted\unitree\opt\lib\vlc\plugins\mux\libmux_asf_plugin.so,禁止的固件、压缩包、模型、共享库或抓包类型
libmux_avi_plugin.so,历史固件研究材料,30648,0.029,b3b569d7caacabbe3cf4d17da3b7320849cb9ddf22c57c77526af93cd0be1581,C:\zyh\work\宇树固件\_extracted\unitree\opt\lib\vlc\plugins\mux\libmux_avi_plugin.so,禁止的固件、压缩包、模型、共享库或抓包类型
libmux_dummy_plugin.so,历史固件研究材料,10192,0.010,4bb6b267df78d87d70939cb19d03965c380be25cb3599e143ea5c95a96d72b40,C:\zyh\work\宇树固件\_extracted\unitree\opt\lib\vlc\plugins\mux\libmux_dummy_plugin.so,禁止的固件、压缩包、模型、共享库或抓包类型
libmux_mp4_plugin.so,历史固件研究材料,223264,0.213,427eaccd0629f7f5c6872ee3abaa0dee85318a04c2e6fc0eb775e3aa81b4bd58,C:\zyh\work\宇树固件\_extracted\unitree\opt\lib\vlc\plugins\mux\libmux_mp4_plugin.so,禁止的固件、压缩包、模型、共享库或抓包类型
libmux_mpjpeg_plugin.so,历史固件研究材料,10168,0.010,01cdacc4658d9df5ae2a95daa029c502edbf16e38d5d78e9b29279febe62e322,C:\zyh\work\宇树固件\_extracted\unitree\opt\lib\vlc\plugins\mux\libmux_mpjpeg_plugin.so,禁止的固件、压缩包、模型、共享库或抓包类型
libmux_ogg_plugin.so,历史固件研究材料,34824,0.033,7c761b3aed79a5d2620ae5f4ce7863340b8394b4329a71fd78b2b4a5e246942b,C:\zyh\work\宇树固件\_extracted\unitree\opt\lib\vlc\plugins\mux\libmux_ogg_plugin.so,禁止的固件、压缩包、模型、共享库或抓包类型
libmux_ps_plugin.so,历史固件研究材料,55328,0.053,474a6128da3ad1672a95ab63e471ae9365d80996ba68bddd08f540eed1e02aea,C:\zyh\work\宇树固件\_extracted\unitree\opt\lib\vlc\plugins\mux\libmux_ps_plugin.so,禁止的固件、压缩包、模型、共享库或抓包类型
libmux_ts_plugin.so,历史固件研究材料,108552,0.104,9358a1fffbd2f26119e509392ba94353a1a76c5d52e9230a705e1ed025f7d026,C:\zyh\work\宇树固件\_extracted\unitree\opt\lib\vlc\plugins\mux\libmux_ts_plugin.so,禁止的固件、压缩包、模型、共享库或抓包类型
libmux_wav_plugin.so,历史固件研究材料,14344,0.014,a14021a3cc88822974a4a97969534fc2dd8a3c8961894932d8410a0b28883867,C:\zyh\work\宇树固件\_extracted\unitree\opt\lib\vlc\plugins\mux\libmux_wav_plugin.so,禁止的固件、压缩包、模型、共享库或抓包类型
libnotify_plugin.so,历史固件研究材料,14104,0.013,9bb4a4038f8ac62fc8b4285cd7fa7aa49873e1564469dba8bd114294a24d20db,C:\zyh\work\宇树固件\_extracted\unitree\opt\lib\vlc\plugins\notify\libnotify_plugin.so,禁止的固件、压缩包、模型、共享库或抓包类型
libpacketizer_a52_plugin.so,历史固件研究材料,18360,0.018,821265f4e7299517831b84a2b2deb1f16e6aa369622df7987baad8d692c5764b,C:\zyh\work\宇树固件\_extracted\unitree\opt\lib\vlc\plugins\packetizer\libpacketizer_a52_plugin.so,禁止的固件、压缩包、模型、共享库或抓包类型
libpacketizer_av1_plugin.so,历史固件研究材料,30648,0.029,d0f7679b0186f9cc8a3c2ef8f57737544c66278a498f5eed5ef7830f611384e2,C:\zyh\work\宇树固件\_extracted\unitree\opt\lib\vlc\plugins\packetizer\libpacketizer_av1_plugin.so,禁止的固件、压缩包、模型、共享库或抓包类型
libpacketizer_avparser_plugin.so,历史固件研究材料,18360,0.018,b59391883c8c180bfbc4bc601f2f19976a6bad111378c149c027236087ea28b1,C:\zyh\work\宇树固件\_extracted\unitree\opt\lib\vlc\plugins\packetizer\libpacketizer_avparser_plugin.so,禁止的固件、压缩包、模型、共享库或抓包类型
libpacketizer_copy_plugin.so,历史固件研究材料,10168,0.010,ede2a1f8f9d3098d090d6c9a7d537890d22e43bd17a220de4424456623770f3f,C:\zyh\work\宇树固件\_extracted\unitree\opt\lib\vlc\plugins\packetizer\libpacketizer_copy_plugin.so,禁止的固件、压缩包、模型、共享库或抓包类型
libpacketizer_dirac_plugin.so,历史固件研究材料,22456,0.021,f3f3378dcf7642cd2b0da5711bd267a6564e3270576ce53cc2de6861652926e5,C:\zyh\work\宇树固件\_extracted\unitree\opt\lib\vlc\plugins\packetizer\libpacketizer_dirac_plugin.so,禁止的固件、压缩包、模型、共享库或抓包类型
libpacketizer_dts_plugin.so,历史固件研究材料,18360,0.018,1d4d2e8bf0633737b3badae709f0fefe878805c81c5a6d2fea4b7b5135815ea4,C:\zyh\work\宇树固件\_extracted\unitree\opt\lib\vlc\plugins\packetizer\libpacketizer_dts_plugin.so,禁止的固件、压缩包、模型、共享库或抓包类型
libpacketizer_flac_plugin.so,历史固件研究材料,18360,0.018,e6e1197f116057327dee07f17978c53fd625b8e542024ce46c555f452dbe5249,C:\zyh\work\宇树固件\_extracted\unitree\opt\lib\vlc\plugins\packetizer\libpacketizer_flac_plugin.so,禁止的固件、压缩包、模型、共享库或抓包类型
libpacketizer_h264_plugin.so,历史固件研究材料,120760,0.115,c545f12571121e013c7132f0fa153c818561a9e98f44a47f9c95e7b3b1910f33,C:\zyh\work\宇树固件\_extracted\unitree\opt\lib\vlc\plugins\packetizer\libpacketizer_h264_plugin.so,禁止的固件、压缩包、模型、共享库或抓包类型
libpacketizer_hevc_plugin.so,历史固件研究材料,112568,0.107,5724a94146d300eadfa23ca306ec2759f17599406610f2135fcbf6b8977e89ed,C:\zyh\work\宇树固件\_extracted\unitree\opt\lib\vlc\plugins\packetizer\libpacketizer_hevc_plugin.so,禁止的固件、压缩包、模型、共享库或抓包类型
libpacketizer_mlp_plugin.so,历史固件研究材料,18360,0.018,6dabfee1182b8dcfc6037efcd4189a8918c7144507027b82238b164c6abacfff,C:\zyh\work\宇树固件\_extracted\unitree\opt\lib\vlc\plugins\packetizer\libpacketizer_mlp_plugin.so,禁止的固件、压缩包、模型、共享库或抓包类型
libpacketizer_mpeg4audio_plugin.so,历史固件研究材料,34744,0.033,a43b3fef5f0cf852ac1cbc55526aed84127cfb0da59e9fab2ada7568f623f77a,C:\zyh\work\宇树固件\_extracted\unitree\opt\lib\vlc\plugins\packetizer\libpacketizer_mpeg4audio_plugin.so,禁止的固件、压缩包、模型、共享库或抓包类型
libpacketizer_mpeg4video_plugin.so,历史固件研究材料,26552,0.025,d24e42d59ed5f4549a790efc578f6f96a25f87ff8efa3e79a9c8ac5d7ba1b9db,C:\zyh\work\宇树固件\_extracted\unitree\opt\lib\vlc\plugins\packetizer\libpacketizer_mpeg4video_plugin.so,禁止的固件、压缩包、模型、共享库或抓包类型
libpacketizer_mpegaudio_plugin.so,历史固件研究材料,14264,0.014,8f1c335d69ef2f8d723e463d0dafcd2dc26e425a569d3e475e9caa01b6fb4cdc,C:\zyh\work\宇树固件\_extracted\unitree\opt\lib\vlc\plugins\packetizer\libpacketizer_mpegaudio_plugin.so,禁止的固件、压缩包、模型、共享库或抓包类型
libpacketizer_mpegvideo_plugin.so,历史固件研究材料,22456,0.021,43438e750d194a37443cf7e3aba2d5e02b495f0793a9553fa70f76bf9783eedb,C:\zyh\work\宇树固件\_extracted\unitree\opt\lib\vlc\plugins\packetizer\libpacketizer_mpegvideo_plugin.so,禁止的固件、压缩包、模型、共享库或抓包类型
libpacketizer_vc1_plugin.so,历史固件研究材料,30648,0.029,57d9e9e7a2f4384c71c75208181be402aa65af2f855e393f0bd7cd1e7dbaa1d4,C:\zyh\work\宇树固件\_extracted\unitree\opt\lib\vlc\plugins\packetizer\libpacketizer_vc1_plugin.so,禁止的固件、压缩包、模型、共享库或抓包类型
libavahi_plugin.so,历史固件研究材料,18440,0.018,f020eebec5c90e99441cee5ed889cf53a56e11feebd5be3b0c2952f64dd438e4,C:\zyh\work\宇树固件\_extracted\unitree\opt\lib\vlc\plugins\services_discovery\libavahi_plugin.so,禁止的固件、压缩包、模型、共享库或抓包类型
libmediadirs_plugin.so,历史固件研究材料,14264,0.014,cc8eea2d70ef8dc168f25d5facf800ca81a9c78537bfc1b5bdb4e6b52b973ff2,C:\zyh\work\宇树固件\_extracted\unitree\opt\lib\vlc\plugins\services_discovery\libmediadirs_plugin.so,禁止的固件、压缩包、模型、共享库或抓包类型
libmtp_plugin.so,历史固件研究材料,14264,0.014,ebec1df7aad460047b1ab02c41d112f6a0ce14bf643b3410a9568685fb380889,C:\zyh\work\宇树固件\_extracted\unitree\opt\lib\vlc\plugins\services_discovery\libmtp_plugin.so,禁止的固件、压缩包、模型、共享库或抓包类型
libpodcast_plugin.so,历史固件研究材料,18360,0.018,1be5eb87bff6e4b112df28f82813cdcac085b54d9f02bdf7bcea6dcc53af21bf,C:\zyh\work\宇树固件\_extracted\unitree\opt\lib\vlc\plugins\services_discovery\libpodcast_plugin.so,禁止的固件、压缩包、模型、共享库或抓包类型
libpulselist_plugin.so,历史固件研究材料,10200,0.010,c52d9b8aeeaac816a041c2e45b14b50a1cabe743271df9561288ff2500f7b9a2,C:\zyh\work\宇树固件\_extracted\unitree\opt\lib\vlc\plugins\services_discovery\libpulselist_plugin.so,禁止的固件、压缩包、模型、共享库或抓包类型
libsap_plugin.so,历史固件研究材料,38840,0.037,e4ba36a898ca2b3fa486d3e60f980e2d1207bfba8cb15e2d3f6a319ca746dacd,C:\zyh\work\宇树固件\_extracted\unitree\opt\lib\vlc\plugins\services_discovery\libsap_plugin.so,禁止的固件、压缩包、模型、共享库或抓包类型
libudev_plugin.so,历史固件研究材料,18440,0.018,af0e3560b46ed57780ec514cd9c2c23458672de0cec8dd624520992ee661a035,C:\zyh\work\宇树固件\_extracted\unitree\opt\lib\vlc\plugins\services_discovery\libudev_plugin.so,禁止的固件、压缩包、模型、共享库或抓包类型
libupnp_plugin.so,历史固件研究材料,51320,0.049,d40b7039d97853af6d6ffad68b2ea3d778acc95c0ef26b1f6dae28ece2eeff6b,C:\zyh\work\宇树固件\_extracted\unitree\opt\lib\vlc\plugins\services_discovery\libupnp_plugin.so,禁止的固件、压缩包、模型、共享库或抓包类型
libxcb_apps_plugin.so,历史固件研究材料,14264,0.014,edef914e86faa715f1761a8719b45c4c867a9e95a57d787e495ccc677e072790,C:\zyh\work\宇树固件\_extracted\unitree\opt\lib\vlc\plugins\services_discovery\libxcb_apps_plugin.so,禁止的固件、压缩包、模型、共享库或抓包类型
libaudiobargraph_v_plugin.so,历史固件研究材料,18440,0.018,2177fccb0c4487e29639d2e60d54bfc685e249b449a4ee69cb095d4dd1d0ca02,C:\zyh\work\宇树固件\_extracted\unitree\opt\lib\vlc\plugins\spu\libaudiobargraph_v_plugin.so,禁止的固件、压缩包、模型、共享库或抓包类型
libdynamicoverlay_plugin.so,历史固件研究材料,30728,0.029,8fb8af97c7b8e9190b31b3ace41c84a2b550358c565689fb209af6bcac06cf44,C:\zyh\work\宇树固件\_extracted\unitree\opt\lib\vlc\plugins\spu\libdynamicoverlay_plugin.so,禁止的固件、压缩包、模型、共享库或抓包类型
liblogo_plugin.so,历史固件研究材料,18440,0.018,273676845a87a5e79384cf71dd33c13e4b21ab1176bb3b5325ddd60ddf8911b5,C:\zyh\work\宇树固件\_extracted\unitree\opt\lib\vlc\plugins\spu\liblogo_plugin.so,禁止的固件、压缩包、模型、共享库或抓包类型
libmarq_plugin.so,历史固件研究材料,18440,0.018,2a2cea6a0eab2ae64f02d75ee73924af6582eadb7a5efa0ea7d2e5105d6acd2a,C:\zyh\work\宇树固件\_extracted\unitree\opt\lib\vlc\plugins\spu\libmarq_plugin.so,禁止的固件、压缩包、模型、共享库或抓包类型
libmosaic_plugin.so,历史固件研究材料,26632,0.025,25e3fce0ef7577b40850ce5c7c21f7f7c6c644a137b35eeef42495af1e1be34c,C:\zyh\work\宇树固件\_extracted\unitree\opt\lib\vlc\plugins\spu\libmosaic_plugin.so,禁止的固件、压缩包、模型、共享库或抓包类型
libremoteosd_plugin.so,历史固件研究材料,26552,0.025,7d22897f7da0105e9e6b2df2da1bb8f7501683a1efa678e40f2984c2f127242b,C:\zyh\work\宇树固件\_extracted\unitree\opt\lib\vlc\plugins\spu\libremoteosd_plugin.so,禁止的固件、压缩包、模型、共享库或抓包类型
librss_plugin.so,历史固件研究材料,22536,0.021,40fc08d924361596d359481b304b89a34d91584e004b65876b2598a9f6a59ab4,C:\zyh\work\宇树固件\_extracted\unitree\opt\lib\vlc\plugins\spu\librss_plugin.so,禁止的固件、压缩包、模型、共享库或抓包类型
libsubsdelay_plugin.so,历史固件研究材料,22536,0.021,316ca66e06d443bfba4dbe8d9557040a0bd2152e89ea3f68b8c8af5c752b2290,C:\zyh\work\宇树固件\_extracted\unitree\opt\lib\vlc\plugins\spu\libsubsdelay_plugin.so,禁止的固件、压缩包、模型、共享库或抓包类型
libarchive_plugin.so,历史固件研究材料,18584,0.018,8966a6f6f0c702e23bebad3ad00c1df246892dc6d8120709d15a9017a17f0ec9,C:\zyh\work\宇树固件\_extracted\unitree\opt\lib\vlc\plugins\stream_extractor\libarchive_plugin.so,禁止的固件、压缩包、模型、共享库或抓包类型
libadf_plugin.so,历史固件研究材料,10168,0.010,d9c5321738e36b8ec2b4f5d1de99c03fd3bf70da21ab7e43ccfb501d555ac1e1,C:\zyh\work\宇树固件\_extracted\unitree\opt\lib\vlc\plugins\stream_filter\libadf_plugin.so,禁止的固件、压缩包、模型、共享库或抓包类型
libcache_block_plugin.so,历史固件研究材料,10168,0.010,d91efb59f33bdf01cc0d44097b924809811eaea2032cc1478abea365acd36826,C:\zyh\work\宇树固件\_extracted\unitree\opt\lib\vlc\plugins\stream_filter\libcache_block_plugin.so,禁止的固件、压缩包、模型、共享库或抓包类型
libcache_read_plugin.so,历史固件研究材料,14264,0.014,e7c56aebc9368bce9175ce4d44321d688db016b5c2140b15a5e9a7048e149351,C:\zyh\work\宇树固件\_extracted\unitree\opt\lib\vlc\plugins\stream_filter\libcache_read_plugin.so,禁止的固件、压缩包、模型、共享库或抓包类型
libdecomp_plugin.so,历史固件研究材料,14264,0.014,11946cf5f8343952de5c0460d61be2dabaf681e985d2eca032ad7a66a9e341ba,C:\zyh\work\宇树固件\_extracted\unitree\opt\lib\vlc\plugins\stream_filter\libdecomp_plugin.so,禁止的固件、压缩包、模型、共享库或抓包类型
libhds_plugin.so,历史固件研究材料,26576,0.025,39a779458b196f8f5b7960c7ef993c8d2d9f8e42c41357d731e6f3a28e768f81,C:\zyh\work\宇树固件\_extracted\unitree\opt\lib\vlc\plugins\stream_filter\libhds_plugin.so,禁止的固件、压缩包、模型、共享库或抓包类型
libinflate_plugin.so,历史固件研究材料,10168,0.010,ca5cbfb9b1e38176e99a10ea5b20757fc42a2bfbf2702358fb542025570926db,C:\zyh\work\宇树固件\_extracted\unitree\opt\lib\vlc\plugins\stream_filter\libinflate_plugin.so,禁止的固件、压缩包、模型、共享库或抓包类型
libprefetch_plugin.so,历史固件研究材料,14264,0.014,f55d3c4a752e9d42269b894620b819b4a0e3ab158ebf3f1d638950b41f8cbc0c,C:\zyh\work\宇树固件\_extracted\unitree\opt\lib\vlc\plugins\stream_filter\libprefetch_plugin.so,禁止的固件、压缩包、模型、共享库或抓包类型
librecord_plugin.so,历史固件研究材料,10168,0.010,c672f7ab4ef0e823f60deedabba094b774356603ab86055ee541747f4cda2ed0,C:\zyh\work\宇树固件\_extracted\unitree\opt\lib\vlc\plugins\stream_filter\librecord_plugin.so,禁止的固件、压缩包、模型、共享库或抓包类型
libskiptags_plugin.so,历史固件研究材料,10168,0.010,1dd520b44a68a295a3b5d1c77d38919ff8509ab7889ae4b0c181b93a2a13fd45,C:\zyh\work\宇树固件\_extracted\unitree\opt\lib\vlc\plugins\stream_filter\libskiptags_plugin.so,禁止的固件、压缩包、模型、共享库或抓包类型
libstream_out_autodel_plugin.so,历史固件研究材料,10168,0.010,320ad945841b7c63930974421fc356f9584686f24f7e580088c19853b4e541b8,C:\zyh\work\宇树固件\_extracted\unitree\opt\lib\vlc\plugins\stream_out\libstream_out_autodel_plugin.so,禁止的固件、压缩包、模型、共享库或抓包类型
libstream_out_bridge_plugin.so,历史固件研究材料,18440,0.018,46e9cc542dc28284ec84061427ac34444b2984c9f0dc9b9f9cd16cf72f611295,C:\zyh\work\宇树固件\_extracted\unitree\opt\lib\vlc\plugins\stream_out\libstream_out_bridge_plugin.so,禁止的固件、压缩包、模型、共享库或抓包类型
libstream_out_chromaprint_plugin.so,历史固件研究材料,10168,0.010,f64c9368262856e6d38c11758daff15cd5d0eb7699add60de31e1f78d2a96361,C:\zyh\work\宇树固件\_extracted\unitree\opt\lib\vlc\plugins\stream_out\libstream_out_chromaprint_plugin.so,禁止的固件、压缩包、模型、共享库或抓包类型
libstream_out_chromecast_plugin.so,历史固件研究材料,170248,0.162,77d7ae62fd1433277c285d5d80d0d366a7ac55681e3e5fa1b7aa58473193978c,C:\zyh\work\宇树固件\_extracted\unitree\opt\lib\vlc\plugins\stream_out\libstream_out_chromecast_plugin.so,禁止的固件、压缩包、模型、共享库或抓包类型
libstream_out_cycle_plugin.so,历史固件研究材料,10168,0.010,586198ce9874cbcc387b8b13c8aebac34e94b012559253d38d4b058934a404af,C:\zyh\work\宇树固件\_extracted\unitree\opt\lib\vlc\plugins\stream_out\libstream_out_cycle_plugin.so,禁止的固件、压缩包、模型、共享库或抓包类型
libstream_out_delay_plugin.so,历史固件研究材料,10200,0.010,2d952bcf3f57d5dfb1d0fa1a648183249bff15c5f8a7804c07ca0a9ea00d6c2c,C:\zyh\work\宇树固件\_extracted\unitree\opt\lib\vlc\plugins\stream_out\libstream_out_delay_plugin.so,禁止的固件、压缩包、模型、共享库或抓包类型
libstream_out_description_plugin.so,历史固件研究材料,10168,0.010,0bd3aa3c5b9ebaa806d0918791dcd6d81453f3fadb43653283bc3323a3a8f7b3,C:\zyh\work\宇树固件\_extracted\unitree\opt\lib\vlc\plugins\stream_out\libstream_out_description_plugin.so,禁止的固件、压缩包、模型、共享库或抓包类型
libstream_out_display_plugin.so,历史固件研究材料,10248,0.010,6df59448ec19b0d9cd19805ac5f6ff98b52ac3926d8acd0dee87029f34c5a5e7,C:\zyh\work\宇树固件\_extracted\unitree\opt\lib\vlc\plugins\stream_out\libstream_out_display_plugin.so,禁止的固件、压缩包、模型、共享库或抓包类型
libstream_out_dummy_plugin.so,历史固件研究材料,6072,0.006,1e94718f7e974781f99c6c628b6edc7aefd089b66639ada97dccd4882f0573f5,C:\zyh\work\宇树固件\_extracted\unitree\opt\lib\vlc\plugins\stream_out\libstream_out_dummy_plugin.so,禁止的固件、压缩包、模型、共享库或抓包类型
libstream_out_duplicate_plugin.so,历史固件研究材料,14264,0.014,9a30710d5ef7f0b6b2729d89239a6b1295777da2dc6063120900c40000aca16d,C:\zyh\work\宇树固件\_extracted\unitree\opt\lib\vlc\plugins\stream_out\libstream_out_duplicate_plugin.so,禁止的固件、压缩包、模型、共享库或抓包类型
libstream_out_es_plugin.so,历史固件研究材料,14344,0.014,97ae33eb25e4751264c6fec0958b1e4d3a44115f6aacf1c91acb6ac8a34a4d9c,C:\zyh\work\宇树固件\_extracted\unitree\opt\lib\vlc\plugins\stream_out\libstream_out_es_plugin.so,禁止的固件、压缩包、模型、共享库或抓包类型
libstream_out_gather_plugin.so,历史固件研究材料,10168,0.010,a0a7a6a1d1d29871494aec6d20b362bc5d955c790935249aa853f12fb57f42d4,C:\zyh\work\宇树固件\_extracted\unitree\opt\lib\vlc\plugins\stream_out\libstream_out_gather_plugin.so,禁止的固件、压缩包、模型、共享库或抓包类型
libstream_out_mosaic_bridge_plugin.so,历史固件研究材料,18440,0.018,d883900bcdfe6547fa312266a2c95f094f8591310385b60efdae7daba964835a,C:\zyh\work\宇树固件\_extracted\unitree\opt\lib\vlc\plugins\stream_out\libstream_out_mosaic_bridge_plugin.so,禁止的固件、压缩包、模型、共享库或抓包类型
libstream_out_record_plugin.so,历史固件研究材料,22536,0.021,ed730a3b785254459f7ac84ab18975350bdfb7be04380694f2ce91bf0d0f6177,C:\zyh\work\宇树固件\_extracted\unitree\opt\lib\vlc\plugins\stream_out\libstream_out_record_plugin.so,禁止的固件、压缩包、模型、共享库或抓包类型
libstream_out_rtp_plugin.so,历史固件研究材料,116840,0.111,013420e2ce5e4fdb87f7af8e1b1bb5ed79a8fad279c2890d94ee41a86faf0980,C:\zyh\work\宇树固件\_extracted\unitree\opt\lib\vlc\plugins\stream_out\libstream_out_rtp_plugin.so,禁止的固件、压缩包、模型、共享库或抓包类型
libstream_out_setid_plugin.so,历史固件研究材料,10232,0.010,1a931fd3a5c507f9ffbaaa4c1573885eb78ac185032df54c6c7cae0ba97e99e7,C:\zyh\work\宇树固件\_extracted\unitree\opt\lib\vlc\plugins\stream_out\libstream_out_setid_plugin.so,禁止的固件、压缩包、模型、共享库或抓包类型
libstream_out_smem_plugin.so,历史固件研究材料,14344,0.014,6aa7e9003b36bf95935e6b89891c6330eae9d0c50a9ef721482d6a8143de31a8,C:\zyh\work\宇树固件\_extracted\unitree\opt\lib\vlc\plugins\stream_out\libstream_out_smem_plugin.so,禁止的固件、压缩包、模型、共享库或抓包类型
libstream_out_standard_plugin.so,历史固件研究材料,19328,0.018,ab0788aeec8d8a23202f537f87ca4754ec7ebd448398f20aaa93d931ab005f29,C:\zyh\work\宇树固件\_extracted\unitree\opt\lib\vlc\plugins\stream_out\libstream_out_standard_plugin.so,禁止的固件、压缩包、模型、共享库或抓包类型
libstream_out_stats_plugin.so,历史固件研究材料,14296,0.014,3ee0f6f03d98199db2e4ecfbee660977caadc283c06541a800701d7034f756d8,C:\zyh\work\宇树固件\_extracted\unitree\opt\lib\vlc\plugins\stream_out\libstream_out_stats_plugin.so,禁止的固件、压缩包、模型、共享库或抓包类型
libstream_out_transcode_plugin.so,历史固件研究材料,43016,0.041,a48e51771befeee788b8e0afe4a259048718c5b70a5b852e8736cbdc64487856,C:\zyh\work\宇树固件\_extracted\unitree\opt\lib\vlc\plugins\stream_out\libstream_out_transcode_plugin.so,禁止的固件、压缩包、模型、共享库或抓包类型
libfreetype_plugin.so,历史固件研究材料,71688,0.068,49c72d394150ceda1c9f06142d752550aae96e120cc2eefb94a13199be137c68,C:\zyh\work\宇树固件\_extracted\unitree\opt\lib\vlc\plugins\text_renderer\libfreetype_plugin.so,禁止的固件、压缩包、模型、共享库或抓包类型
libtdummy_plugin.so,历史固件研究材料,6072,0.006,a5d355340274ae7976625a23f89b752e63ee08326663170bb4dc94742f141b3b,C:\zyh\work\宇树固件\_extracted\unitree\opt\lib\vlc\plugins\text_renderer\libtdummy_plugin.so,禁止的固件、压缩包、模型、共享库或抓包类型
libvaapi_filters_plugin.so,历史固件研究材料,59368,0.057,a12463a6dddffc1e6e2d6fcdee60c9d5b92e1e4e4480f0b52ed428e5fcc6b66c,C:\zyh\work\宇树固件\_extracted\unitree\opt\lib\vlc\plugins\vaapi\libvaapi_filters_plugin.so,禁止的固件、压缩包、模型、共享库或抓包类型
libvdpau_adjust_plugin.so,历史固件研究材料,10256,0.010,617996282dc031f3bf9a1d0b9f0dbc2cae89a4c5a644e1dda16ad6bdf12f5bcb,C:\zyh\work\宇树固件\_extracted\unitree\opt\lib\vlc\plugins\vdpau\libvdpau_adjust_plugin.so,禁止的固件、压缩包、模型、共享库或抓包类型
libvdpau_avcodec_plugin.so,历史固件研究材料,14272,0.014,bd8996a42ea24c5ae383ddd3a4e6a98186e9e46fb978d0fc92451531f93fa439,C:\zyh\work\宇树固件\_extracted\unitree\opt\lib\vlc\plugins\vdpau\libvdpau_avcodec_plugin.so,禁止的固件、压缩包、模型、共享库或抓包类型
libvdpau_chroma_plugin.so,历史固件研究材料,22544,0.021,0da9e41ef462d91fe45cc0b1316eca0bdb5a1393ddd1faa3334b7f14bce1da4f,C:\zyh\work\宇树固件\_extracted\unitree\opt\lib\vlc\plugins\vdpau\libvdpau_chroma_plugin.so,禁止的固件、压缩包、模型、共享库或抓包类型
libvdpau_deinterlace_plugin.so,历史固件研究材料,10176,0.010,6aad5549f41a5bb4543ef437585c130f223085446ae805d39fb34a009563cbd3,C:\zyh\work\宇树固件\_extracted\unitree\opt\lib\vlc\plugins\vdpau\libvdpau_deinterlace_plugin.so,禁止的固件、压缩包、模型、共享库或抓包类型
libvdpau_display_plugin.so,历史固件研究材料,22464,0.021,e3b30cb91cef0a745c5baa132f62b2e9f18970022ad1e35028e42fe3efd0f559,C:\zyh\work\宇树固件\_extracted\unitree\opt\lib\vlc\plugins\vdpau\libvdpau_display_plugin.so,禁止的固件、压缩包、模型、共享库或抓包类型
libvdpau_sharpen_plugin.so,历史固件研究材料,10256,0.010,bda8b3c2879f3f2d5bf451434d1c64da02010fe74e331493678883bd3d4c4749,C:\zyh\work\宇树固件\_extracted\unitree\opt\lib\vlc\plugins\vdpau\libvdpau_sharpen_plugin.so,禁止的固件、压缩包、模型、共享库或抓包类型
libchain_plugin.so,历史固件研究材料,14264,0.014,c43886e529cef630fa0b7a6a55f0bc54938d59662a74dd89af54344a8e80f0f3,C:\zyh\work\宇树固件\_extracted\unitree\opt\lib\vlc\plugins\video_chroma\libchain_plugin.so,禁止的固件、压缩包、模型、共享库或抓包类型
libgrey_yuv_plugin.so,历史固件研究材料,10168,0.010,3a2d0bacfc40dde111552c124045fa5231b2f691358bc514e7dbe98dae72831f,C:\zyh\work\宇树固件\_extracted\unitree\opt\lib\vlc\plugins\video_chroma\libgrey_yuv_plugin.so,禁止的固件、压缩包、模型、共享库或抓包类型
libi420_10_p010_plugin.so,历史固件研究材料,26552,0.025,d75dd48411a459e97f2caded79cbef7b7fa709e19f4f039b3294e869fd418e6f,C:\zyh\work\宇树固件\_extracted\unitree\opt\lib\vlc\plugins\video_chroma\libi420_10_p010_plugin.so,禁止的固件、压缩包、模型、共享库或抓包类型
libi420_nv12_plugin.so,历史固件研究材料,26552,0.025,ab6aae47db99642ede0abbbf4ec0beac8a6de18200e8b3420170c59a532299f6,C:\zyh\work\宇树固件\_extracted\unitree\opt\lib\vlc\plugins\video_chroma\libi420_nv12_plugin.so,禁止的固件、压缩包、模型、共享库或抓包类型
libi420_rgb_plugin.so,历史固件研究材料,26552,0.025,36926024492a71ba7e879788d2646008657312fd90887aaa5061f488c61165fd,C:\zyh\work\宇树固件\_extracted\unitree\opt\lib\vlc\plugins\video_chroma\libi420_rgb_plugin.so,禁止的固件、压缩包、模型、共享库或抓包类型
libi420_yuy2_plugin.so,历史固件研究材料,18360,0.018,2d4baff12a55ee551b46d11ebc49f191c6528502fe1ca58634f787dbaf59f8da,C:\zyh\work\宇树固件\_extracted\unitree\opt\lib\vlc\plugins\video_chroma\libi420_yuy2_plugin.so,禁止的固件、压缩包、模型、共享库或抓包类型
libi422_i420_plugin.so,历史固件研究材料,10168,0.010,e3ff9392cc9ed7b82f4a4ab43685c2d88e48c21ca22fb7b51aa8f7d3fa1b0eb4,C:\zyh\work\宇树固件\_extracted\unitree\opt\lib\vlc\plugins\video_chroma\libi422_i420_plugin.so,禁止的固件、压缩包、模型、共享库或抓包类型
libi422_yuy2_plugin.so,历史固件研究材料,14264,0.014,bb1c7bbd042f0717cd1cbf167bff53b05b9d82e5b4a2cbf11e9dad4fe36f66eb,C:\zyh\work\宇树固件\_extracted\unitree\opt\lib\vlc\plugins\video_chroma\libi422_yuy2_plugin.so,禁止的固件、压缩包、模型、共享库或抓包类型
librv32_plugin.so,历史固件研究材料,10168,0.010,575f62a55999481ff1dbb095b5023020239a9491abd86469a0f02c1af4ab96c5,C:\zyh\work\宇树固件\_extracted\unitree\opt\lib\vlc\plugins\video_chroma\librv32_plugin.so,禁止的固件、压缩包、模型、共享库或抓包类型
libswscale_plugin.so,历史固件研究材料,18440,0.018,fcc322527fad19b18c05776a77603a313ae07d3572f771a76eecb86856e24068,C:\zyh\work\宇树固件\_extracted\unitree\opt\lib\vlc\plugins\video_chroma\libswscale_plugin.so,禁止的固件、压缩包、模型、共享库或抓包类型
libyuvp_plugin.so,历史固件研究材料,10168,0.010,925b685e65f21ab8ddd9ca5644546c87b82886731b842ffb3473d4d76e205773,C:\zyh\work\宇树固件\_extracted\unitree\opt\lib\vlc\plugins\video_chroma\libyuvp_plugin.so,禁止的固件、压缩包、模型、共享库或抓包类型
libyuy2_i420_plugin.so,历史固件研究材料,18360,0.018,cbeb06098f74ec0e56c84b5fcb4354aad05e22b861a6e51cfae09c89274ba292,C:\zyh\work\宇树固件\_extracted\unitree\opt\lib\vlc\plugins\video_chroma\libyuy2_i420_plugin.so,禁止的固件、压缩包、模型、共享库或抓包类型
libyuy2_i422_plugin.so,历史固件研究材料,14264,0.014,3247f3017484dcd406d4ae8accc34e906311abe0e04bc53efee5b093e607bdbb,C:\zyh\work\宇树固件\_extracted\unitree\opt\lib\vlc\plugins\video_chroma\libyuy2_i422_plugin.so,禁止的固件、压缩包、模型、共享库或抓包类型
libadjust_plugin.so,历史固件研究材料,38920,0.037,08b68dbaf8af1ffb7e8ec5425f5add723f659e90bbb5f972bf7ddd67a265935b,C:\zyh\work\宇树固件\_extracted\unitree\opt\lib\vlc\plugins\video_filter\libadjust_plugin.so,禁止的固件、压缩包、模型、共享库或抓包类型
libalphamask_plugin.so,历史固件研究材料,10248,0.010,2c21a721e481214a6bcad1c4f9ba8406869b6799901667724eb649e63bd7c9a6,C:\zyh\work\宇树固件\_extracted\unitree\opt\lib\vlc\plugins\video_filter\libalphamask_plugin.so,禁止的固件、压缩包、模型、共享库或抓包类型
libanaglyph_plugin.so,历史固件研究材料,14344,0.014,25c1bc1b30f1f5d3db857c1bf2aef6d832ae6110477ce403a87b91db13338fd7,C:\zyh\work\宇树固件\_extracted\unitree\opt\lib\vlc\plugins\video_filter\libanaglyph_plugin.so,禁止的固件、压缩包、模型、共享库或抓包类型
libantiflicker_plugin.so,历史固件研究材料,14264,0.014,0a9cd61218f54d554deea86b69d18939fe3ae1024e639b15f3b9c8df0641b641,C:\zyh\work\宇树固件\_extracted\unitree\opt\lib\vlc\plugins\video_filter\libantiflicker_plugin.so,禁止的固件、压缩包、模型、共享库或抓包类型
libball_plugin.so,历史固件研究材料,22536,0.021,b22fe361193e309ccc07180ac1c0cf1ba953dfc86c00ca3c3a59956c2c09e8f1,C:\zyh\work\宇树固件\_extracted\unitree\opt\lib\vlc\plugins\video_filter\libball_plugin.so,禁止的固件、压缩包、模型、共享库或抓包类型
libblend_plugin.so,历史固件研究材料,75784,0.072,f005da4b77450de14642b5505bf30d29f5ee22be2f6873f06db57d5c905fd653,C:\zyh\work\宇树固件\_extracted\unitree\opt\lib\vlc\plugins\video_filter\libblend_plugin.so,禁止的固件、压缩包、模型、共享库或抓包类型
libblendbench_plugin.so,历史固件研究材料,14344,0.014,242468c55175e7b1753c998a16eaa29adf9c1515320217b3b0b6fcb299e045d4,C:\zyh\work\宇树固件\_extracted\unitree\opt\lib\vlc\plugins\video_filter\libblendbench_plugin.so,禁止的固件、压缩包、模型、共享库或抓包类型
libbluescreen_plugin.so,历史固件研究材料,14344,0.014,c3b455985c46464c1635d1d6174fd2fabfaceb08a722afab6d436687845fc954,C:\zyh\work\宇树固件\_extracted\unitree\opt\lib\vlc\plugins\video_filter\libbluescreen_plugin.so,禁止的固件、压缩包、模型、共享库或抓包类型
libcanvas_plugin.so,历史固件研究材料,14344,0.014,01af9e922c919e89f73fc579245af0fc9f441b84bb0b56e101a60a9a1a6c38e6,C:\zyh\work\宇树固件\_extracted\unitree\opt\lib\vlc\plugins\video_filter\libcanvas_plugin.so,禁止的固件、压缩包、模型、共享库或抓包类型
libcolorthres_plugin.so,历史固件研究材料,14344,0.014,ff9bcfa80f5235359251a27bfbc60cec1e91bd507f08fb0f05ec8d2378d790c5,C:\zyh\work\宇树固件\_extracted\unitree\opt\lib\vlc\plugins\video_filter\libcolorthres_plugin.so,禁止的固件、压缩包、模型、共享库或抓包类型
libcroppadd_plugin.so,历史固件研究材料,14344,0.014,a8c685077cd55db331835023d65418d103ed9b38d7317ddd3a5c326f4017d12d,C:\zyh\work\宇树固件\_extracted\unitree\opt\lib\vlc\plugins\video_filter\libcroppadd_plugin.so,禁止的固件、压缩包、模型、共享库或抓包类型
libdeinterlace_plugin.so,历史固件研究材料,51208,0.049,2c8e8872778b57279727a8ea0412a0db0cd85292a6d2436670495c6f0eeca958,C:\zyh\work\宇树固件\_extracted\unitree\opt\lib\vlc\plugins\video_filter\libdeinterlace_plugin.so,禁止的固件、压缩包、模型、共享库或抓包类型
libedgedetection_plugin.so,历史固件研究材料,10168,0.010,0c349b9d1588508ea945be4c97708b21e143cf6c3fecd6e444f7d23b49aa9380,C:\zyh\work\宇树固件\_extracted\unitree\opt\lib\vlc\plugins\video_filter\libedgedetection_plugin.so,禁止的固件、压缩包、模型、共享库或抓包类型
liberase_plugin.so,历史固件研究材料,14344,0.014,797ece64f817a91b1ca441d77e1a2c807469ddf1c1c21641ab2d4647fb323a5b,C:\zyh\work\宇树固件\_extracted\unitree\opt\lib\vlc\plugins\video_filter\liberase_plugin.so,禁止的固件、压缩包、模型、共享库或抓包类型
libextract_plugin.so,历史固件研究材料,14344,0.014,60b87dbcac4db44c600e3105ca1875c02fd96f1c183e99602a575561eb6d87d9,C:\zyh\work\宇树固件\_extracted\unitree\opt\lib\vlc\plugins\video_filter\libextract_plugin.so,禁止的固件、压缩包、模型、共享库或抓包类型
libfps_plugin.so,历史固件研究材料,10248,0.010,ef1e3dd5ca07f54b3944f87995a0fa1414bb36d536db4cffb793a4de42d41751,C:\zyh\work\宇树固件\_extracted\unitree\opt\lib\vlc\plugins\video_filter\libfps_plugin.so,禁止的固件、压缩包、模型、共享库或抓包类型
libfreeze_plugin.so,历史固件研究材料,14264,0.014,7f5fb2a42f94df4738be74f79c1ecac2fec16c9a87007461c42bea25dfbca281,C:\zyh\work\宇树固件\_extracted\unitree\opt\lib\vlc\plugins\video_filter\libfreeze_plugin.so,禁止的固件、压缩包、模型、共享库或抓包类型
libgaussianblur_plugin.so,历史固件研究材料,14344,0.014,39613b6fb69d8addb2e988c3a6a97aa15e98a66dc78bdf8f1a3f4bff092e8504,C:\zyh\work\宇树固件\_extracted\unitree\opt\lib\vlc\plugins\video_filter\libgaussianblur_plugin.so,禁止的固件、压缩包、模型、共享库或抓包类型
libgradfun_plugin.so,历史固件研究材料,18360,0.018,a6b9847bf7c475ece650ad7f4c592bbe484adc999a8f3bf83ed56d56ce169222,C:\zyh\work\宇树固件\_extracted\unitree\opt\lib\vlc\plugins\video_filter\libgradfun_plugin.so,禁止的固件、压缩包、模型、共享库或抓包类型
libgradient_plugin.so,历史固件研究材料,22536,0.021,8bf09d6ca58f45b6bbcd370b9694f5f46137c1e086007a93e61312248bb408cf,C:\zyh\work\宇树固件\_extracted\unitree\opt\lib\vlc\plugins\video_filter\libgradient_plugin.so,禁止的固件、压缩包、模型、共享库或抓包类型
libgrain_plugin.so,历史固件研究材料,18360,0.018,6b5b29673f506cd0c38fcd6fe4386d9ac45fed7bb87e239bf1c5bd5111f55a08,C:\zyh\work\宇树固件\_extracted\unitree\opt\lib\vlc\plugins\video_filter\libgrain_plugin.so,禁止的固件、压缩包、模型、共享库或抓包类型
libhqdn3d_plugin.so,历史固件研究材料,18440,0.018,a963c116e0c3d08cd9b3a67f208d072c82a434e406c8667f85ff42161fd6e2cf,C:\zyh\work\宇树固件\_extracted\unitree\opt\lib\vlc\plugins\video_filter\libhqdn3d_plugin.so,禁止的固件、压缩包、模型、共享库或抓包类型
libinvert_plugin.so,历史固件研究材料,10168,0.010,e5febe5e8fa761d25c1de97c6037c1bcfb74cdf27702f4d5b555e77b9e03d7ed,C:\zyh\work\宇树固件\_extracted\unitree\opt\lib\vlc\plugins\video_filter\libinvert_plugin.so,禁止的固件、压缩包、模型、共享库或抓包类型
libmagnify_plugin.so,历史固件研究材料,14264,0.014,8ad7f774f6c7d7d0836960e570f3dee194dba71a872eb024cb7e70e2ecfbc55e,C:\zyh\work\宇树固件\_extracted\unitree\opt\lib\vlc\plugins\video_filter\libmagnify_plugin.so,禁止的固件、压缩包、模型、共享库或抓包类型
libmirror_plugin.so,历史固件研究材料,22536,0.021,113f95c3ea36e765eec8437f4f34953af4cdbac43f9c2c9087c9976f5e28ee1e,C:\zyh\work\宇树固件\_extracted\unitree\opt\lib\vlc\plugins\video_filter\libmirror_plugin.so,禁止的固件、压缩包、模型、共享库或抓包类型
libmotionblur_plugin.so,历史固件研究材料,10248,0.010,44e48af0d96839a152e1b8747bdaca8b923e0723aca33c4ea380e41ac2bed53c,C:\zyh\work\宇树固件\_extracted\unitree\opt\lib\vlc\plugins\video_filter\libmotionblur_plugin.so,禁止的固件、压缩包、模型、共享库或抓包类型
libmotiondetect_plugin.so,历史固件研究材料,14264,0.014,68beaea67b1bdd86a8fc079ab3525261573557470ffb8ea97d71764d2eaf2e5f,C:\zyh\work\宇树固件\_extracted\unitree\opt\lib\vlc\plugins\video_filter\libmotiondetect_plugin.so,禁止的固件、压缩包、模型、共享库或抓包类型
liboldmovie_plugin.so,历史固件研究材料,18360,0.018,32a307587c5d1c636473c2fa0829276b25bbc680924497a2d5cd26652cba2440,C:\zyh\work\宇树固件\_extracted\unitree\opt\lib\vlc\plugins\video_filter\liboldmovie_plugin.so,禁止的固件、压缩包、模型、共享库或抓包类型
libposterize_plugin.so,历史固件研究材料,14344,0.014,81db84f2f0abf0a4444d01978e56a965bb2f57af638f1cd31ff93c487f6f9a8a,C:\zyh\work\宇树固件\_extracted\unitree\opt\lib\vlc\plugins\video_filter\libposterize_plugin.so,禁止的固件、压缩包、模型、共享库或抓包类型
libpostproc_plugin.so,历史固件研究材料,14344,0.014,b16bcb824a1f3063978985dc62965d07b81392a51f2235ed62ebfd950751a50a,C:\zyh\work\宇树固件\_extracted\unitree\opt\lib\vlc\plugins\video_filter\libpostproc_plugin.so,禁止的固件、压缩包、模型、共享库或抓包类型
libpsychedelic_plugin.so,历史固件研究材料,10168,0.010,1cf60c83e681e20c39b40427e3a55f35edf5ba7365a18a6214bd75ad72634db6,C:\zyh\work\宇树固件\_extracted\unitree\opt\lib\vlc\plugins\video_filter\libpsychedelic_plugin.so,禁止的固件、压缩包、模型、共享库或抓包类型
libpuzzle_plugin.so,历史固件研究材料,80216,0.076,68383c15be07d17f597451dc21a9ae6310c32f8f86e0f2f1cf3bb5085b002213,C:\zyh\work\宇树固件\_extracted\unitree\opt\lib\vlc\plugins\video_filter\libpuzzle_plugin.so,禁止的固件、压缩包、模型、共享库或抓包类型
libripple_plugin.so,历史固件研究材料,10168,0.010,0ca3a509665fd08e971885c7438eda348b7d5df4f4a4ed60ccfcebfc1b839525,C:\zyh\work\宇树固件\_extracted\unitree\opt\lib\vlc\plugins\video_filter\libripple_plugin.so,禁止的固件、压缩包、模型、共享库或抓包类型
librotate_plugin.so,历史固件研究材料,14344,0.014,8a3fd27fc8a080456065cd626194c9a3dc52e6f390132ded05fbacf01980a98f,C:\zyh\work\宇树固件\_extracted\unitree\opt\lib\vlc\plugins\video_filter\librotate_plugin.so,禁止的固件、压缩包、模型、共享库或抓包类型
libscale_plugin.so,历史固件研究材料,10168,0.010,ec2359f05dc7ff60c29d0c8751af6c1d896dd55aedc81db47325fd7f64f03cce,C:\zyh\work\宇树固件\_extracted\unitree\opt\lib\vlc\plugins\video_filter\libscale_plugin.so,禁止的固件、压缩包、模型、共享库或抓包类型
libscene_plugin.so,历史固件研究材料,14344,0.014,7d37e150051c001b6199006e457aa42be719a8ddb51d7ad2cbd84e13efa74829,C:\zyh\work\宇树固件\_extracted\unitree\opt\lib\vlc\plugins\video_filter\libscene_plugin.so,禁止的固件、压缩包、模型、共享库或抓包类型
libsepia_plugin.so,历史固件研究材料,10248,0.010,6fd077c6f3307689f731c15e5d8c702495019db1f345ca8413621385ca248c26,C:\zyh\work\宇树固件\_extracted\unitree\opt\lib\vlc\plugins\video_filter\libsepia_plugin.so,禁止的固件、压缩包、模型、共享库或抓包类型
libsharpen_plugin.so,历史固件研究材料,10248,0.010,b8976758e2ddd9ff4c3b0b505973c2ee79716a1c4edb442225527d906ba8dc25,C:\zyh\work\宇树固件\_extracted\unitree\opt\lib\vlc\plugins\video_filter\libsharpen_plugin.so,禁止的固件、压缩包、模型、共享库或抓包类型
libtransform_plugin.so,历史固件研究材料,30728,0.029,2c81f2a9150a959e0ab294c74b3567701a96e5ed4184e7a8d38e67d7646d2842,C:\zyh\work\宇树固件\_extracted\unitree\opt\lib\vlc\plugins\video_filter\libtransform_plugin.so,禁止的固件、压缩包、模型、共享库或抓包类型
libvhs_plugin.so,历史固件研究材料,14264,0.014,b790ca0c29c2d5b000bbf1af303735b35b2b3c4f6a82a37bc6b929a6020e4566,C:\zyh\work\宇树固件\_extracted\unitree\opt\lib\vlc\plugins\video_filter\libvhs_plugin.so,禁止的固件、压缩包、模型、共享库或抓包类型
libwave_plugin.so,历史固件研究材料,10168,0.010,b2fe9ef88c9459d0beadc9ef589439489510b536ec8affa7a234e8e2010bd17b,C:\zyh\work\宇树固件\_extracted\unitree\opt\lib\vlc\plugins\video_filter\libwave_plugin.so,禁止的固件、压缩包、模型、共享库或抓包类型
libaa_plugin.so,历史固件研究材料,14272,0.014,c89c8f3c1c887260935dc4ec1a36c851e9ab4bd388dad8ce58ba21e640d53f39,C:\zyh\work\宇树固件\_extracted\unitree\opt\lib\vlc\plugins\video_output\libaa_plugin.so,禁止的固件、压缩包、模型、共享库或抓包类型
libcaca_plugin.so,历史固件研究材料,18368,0.018,d146010c85ba06df31cbdf18c9581f436bd09acc316fe7f3ede2e2fddb3b6e7c,C:\zyh\work\宇树固件\_extracted\unitree\opt\lib\vlc\plugins\video_output\libcaca_plugin.so,禁止的固件、压缩包、模型、共享库或抓包类型
libegl_wl_plugin.so,历史固件研究材料,14272,0.014,045b252b1aa0db783f39d5bf036c28a15c7c3de13434e3bb38f8c84187c0fcc9,C:\zyh\work\宇树固件\_extracted\unitree\opt\lib\vlc\plugins\video_output\libegl_wl_plugin.so,禁止的固件、压缩包、模型、共享库或抓包类型
libegl_x11_plugin.so,历史固件研究材料,14272,0.014,eb6322d469d2ab60ea6055d90c17dcb654933ae55f8140fd2cd6468852550932,C:\zyh\work\宇树固件\_extracted\unitree\opt\lib\vlc\plugins\video_output\libegl_x11_plugin.so,禁止的固件、压缩包、模型、共享库或抓包类型
libfb_plugin.so,历史固件研究材料,18360,0.018,8e89bc78baa27a995200c9cd5a326d31b996fe0545f57c2b3df5fa3652902582,C:\zyh\work\宇树固件\_extracted\unitree\opt\lib\vlc\plugins\video_output\libfb_plugin.so,禁止的固件、压缩包、模型、共享库或抓包类型
libflaschen_plugin.so,历史固件研究材料,10176,0.010,7ba243a4ad2f96ac4b2bc79485e9a4a843342d075e61a3ac105029066592848a,C:\zyh\work\宇树固件\_extracted\unitree\opt\lib\vlc\plugins\video_output\libflaschen_plugin.so,禁止的固件、压缩包、模型、共享库或抓包类型
libgl_plugin.so,历史固件研究材料,67600,0.064,3108c3f6e82b61bcfd4df5db29929b78ee0fee4d165b49d63d68db0da5caeb13,C:\zyh\work\宇树固件\_extracted\unitree\opt\lib\vlc\plugins\video_output\libgl_plugin.so,禁止的固件、压缩包、模型、共享库或抓包类型
libglconv_vaapi_drm_plugin.so,历史固件研究材料,26600,0.025,ecf23ede38bf5817cc5d651d1b53cfaf88785151a14bc6c9eaafa4d0a7ca9cb7,C:\zyh\work\宇树固件\_extracted\unitree\opt\lib\vlc\plugins\video_output\libglconv_vaapi_drm_plugin.so,禁止的固件、压缩包、模型、共享库或抓包类型
libglconv_vaapi_wl_plugin.so,历史固件研究材料,26600,0.025,52210a7b705d4ef63d305330d203d7232155b8c3be8dfab9e25f6d40577f27af,C:\zyh\work\宇树固件\_extracted\unitree\opt\lib\vlc\plugins\video_output\libglconv_vaapi_wl_plugin.so,禁止的固件、压缩包、模型、共享库或抓包类型
libglconv_vaapi_x11_plugin.so,历史固件研究材料,26600,0.025,361aa4f30ab564178afffb3786214182cedb2aff49273c9a6791b8d770a82d6c,C:\zyh\work\宇树固件\_extracted\unitree\opt\lib\vlc\plugins\video_output\libglconv_vaapi_x11_plugin.so,禁止的固件、压缩包、模型、共享库或抓包类型
libglconv_vdpau_plugin.so,历史固件研究材料,14272,0.014,c7fadcf2f60f25b7718f5b737a3fd120800db0f291ffdee441af645ae49301e0,C:\zyh\work\宇树固件\_extracted\unitree\opt\lib\vlc\plugins\video_output\libglconv_vdpau_plugin.so,禁止的固件、压缩包、模型、共享库或抓包类型
libgles2_plugin.so,历史固件研究材料,63504,0.061,7d7b996cb06f73a2177435ab0a698914e07cb3adf64ecabbd9438dac57b9e530,C:\zyh\work\宇树固件\_extracted\unitree\opt\lib\vlc\plugins\video_output\libgles2_plugin.so,禁止的固件、压缩包、模型、共享库或抓包类型
libglx_plugin.so,历史固件研究材料,14272,0.014,34822623377dba77680fe3f228a0a953d84a221b223cc2786f6f0b936d6252af,C:\zyh\work\宇树固件\_extracted\unitree\opt\lib\vlc\plugins\video_output\libglx_plugin.so,禁止的固件、压缩包、模型、共享库或抓包类型
libvdummy_plugin.so,历史固件研究材料,10168,0.010,b5684a35c19d3b6d63bd4be7205b27279ae4462236d0e4a61c686e7fa9a03523,C:\zyh\work\宇树固件\_extracted\unitree\opt\lib\vlc\plugins\video_output\libvdummy_plugin.so,禁止的固件、压缩包、模型、共享库或抓包类型
libvmem_plugin.so,历史固件研究材料,10168,0.010,7581f0da310724c00d57aa99c5c5d722fe5b65b035235e837bd9d2a7e5b72d32,C:\zyh\work\宇树固件\_extracted\unitree\opt\lib\vlc\plugins\video_output\libvmem_plugin.so,禁止的固件、压缩包、模型、共享库或抓包类型
libwl_shell_plugin.so,历史固件研究材料,14352,0.014,d16e6600dc55ddaa1d786858829c4cd2fbe869eaebb26bd9ba669db5d0390daf,C:\zyh\work\宇树固件\_extracted\unitree\opt\lib\vlc\plugins\video_output\libwl_shell_plugin.so,禁止的固件、压缩包、模型、共享库或抓包类型
libwl_shm_plugin.so,历史固件研究材料,18504,0.018,6f0abf53c62eb11547e5608afbfaadb082d47dcba0c7d355f5275dbeae5d47fe,C:\zyh\work\宇树固件\_extracted\unitree\opt\lib\vlc\plugins\video_output\libwl_shm_plugin.so,禁止的固件、压缩包、模型、共享库或抓包类型
libxcb_window_plugin.so,历史固件研究材料,26560,0.025,966e5b86b1db329c1121d634f6e304b706ec4513d706f891c11efd97dc42fe6e,C:\zyh\work\宇树固件\_extracted\unitree\opt\lib\vlc\plugins\video_output\libxcb_window_plugin.so,禁止的固件、压缩包、模型、共享库或抓包类型
libxcb_x11_plugin.so,历史固件研究材料,18368,0.018,17e5e4fa715f80f120ffa3ecef787cc713b2312b63b8f8241d88608247628c26,C:\zyh\work\宇树固件\_extracted\unitree\opt\lib\vlc\plugins\video_output\libxcb_x11_plugin.so,禁止的固件、压缩包、模型、共享库或抓包类型
libxcb_xv_plugin.so,历史固件研究材料,26584,0.025,6856add5d47474ed5c62f142504123419746fdece2b5b4215feb6a99981f0cb8,C:\zyh\work\宇树固件\_extracted\unitree\opt\lib\vlc\plugins\video_output\libxcb_xv_plugin.so,禁止的固件、压缩包、模型、共享库或抓包类型
libxdg_shell_plugin.so,历史固件研究材料,18672,0.018,b7636cc54441a8f2484075b2163b9cfb60bf0137550df8684e6ca267263d3c74,C:\zyh\work\宇树固件\_extracted\unitree\opt\lib\vlc\plugins\video_output\libxdg_shell_plugin.so,禁止的固件、压缩包、模型、共享库或抓包类型
libyuv_plugin.so,历史固件研究材料,10168,0.010,0c3f74ebe4300d9f9adf01c8c74c4ef787e83dca7469212fea1f7ca83f7b6fc9,C:\zyh\work\宇树固件\_extracted\unitree\opt\lib\vlc\plugins\video_output\libyuv_plugin.so,禁止的固件、压缩包、模型、共享库或抓包类型
libclone_plugin.so,历史固件研究材料,10264,0.010,b56ec4881ea0f3d124b05f52574885b02280c883362f2ae34ad6579da4a11e9a,C:\zyh\work\宇树固件\_extracted\unitree\opt\lib\vlc\plugins\video_splitter\libclone_plugin.so,禁止的固件、压缩包、模型、共享库或抓包类型
libpanoramix_plugin.so,历史固件研究材料,34840,0.033,752d01f0f6c53cf40164b96cd9a086dadf78074017979b185f3bd72f02629de5,C:\zyh\work\宇树固件\_extracted\unitree\opt\lib\vlc\plugins\video_splitter\libpanoramix_plugin.so,禁止的固件、压缩包、模型、共享库或抓包类型
libwall_plugin.so,历史固件研究材料,14360,0.014,6743eececbf187fc547fdf3b9b85dbc34b4f2bcec9c297116ccc324f86bd97b2,C:\zyh\work\宇树固件\_extracted\unitree\opt\lib\vlc\plugins\video_splitter\libwall_plugin.so,禁止的固件、压缩包、模型、共享库或抓包类型
libglspectrum_plugin.so,历史固件研究材料,22472,0.021,d121ea7168917d3e4ef1fe32ee8ed8abe5aafab18bfa1bd2d0f8bc8dab05ce62,C:\zyh\work\宇树固件\_extracted\unitree\opt\lib\vlc\plugins\visualization\libglspectrum_plugin.so,禁止的固件、压缩包、模型、共享库或抓包类型
libvisual_plugin.so,历史固件研究材料,38936,0.037,175c258dbb6cfe9ded15042f97273359b526b05f285389500fb62cc248672c38,C:\zyh\work\宇树固件\_extracted\unitree\opt\lib\vlc\plugins\visualization\libvisual_plugin.so,禁止的固件、压缩包、模型、共享库或抓包类型
E_Go2_DRV_v1.2.10.10_HW2.bin,历史固件研究材料,13888,0.013,5ad3de3b17d2671bbacaa0eec8fbf23eca0bce2fe7fc116dce050edb725afffd,C:\zyh\work\宇树固件\_extracted\unitree\robot\tool\boot\motor_boot\E_Go2_DRV_v1.2.10.10_HW2.bin,禁止的固件、压缩包、模型、共享库或抓包类型
master_service.LOG,历史固件研究材料,90503526,86.311,7cdad96c33905e7e3ca9a58d913224b466247fcd1dfab84e5f1fe1403631737c,C:\zyh\work\宇树固件\_extracted\unitree\var\log\master_service\master_service.LOG,超过 50 MiB
b2dog_base.apk,历史固件研究材料,216119701,206.108,0a5b85c0cbe19377b2dde34a5434f7cb3c2b258bfe3da321ad624b677f6c3fb3,C:\zyh\work\宇树固件\_extracted\unitree\work_tmp\b2dog_base.apk,超过 50 MiB；禁止的固件、压缩包、模型、共享库或抓包类型
bind_cap.pcap,历史固件研究材料,446464,0.426,552279d744cb1ea43804414827c48955e247121fcea07fb1b6c2f594f977385e,C:\zyh\work\宇树固件\_extracted\unitree\work_tmp\bind_cap.pcap,禁止的固件、压缩包、模型、共享库或抓包类型
frida-server,历史固件研究材料,53493336,51.015,96dad59806747793298020bebd9d0f84a017ca66527a1e85f7224318b08078bc,C:\zyh\work\宇树固件\_extracted\unitree\work_tmp\frida-server,超过 50 MiB
unitree_GO2.zip,历史固件研究材料,171635793,163.685,616df3966e6575eb8a0a06b0078e1082caf8b66a85be4ba3a624656f74b3e3af,C:\zyh\work\宇树固件\_extracted\unitree_GO2.zip,超过 50 MiB；禁止的固件、压缩包、模型、共享库或抓包类型
ChromePublic.apk,历史固件研究材料,375487596,358.093,59632d9f33f26d62e80a2e5cb44d6d6a125644c8e5e7ad314941022e9b391487,C:\zyh\work\宇树固件\codex_work\android_debug\chrome-android\apks\ChromePublic.apk,超过 50 MiB；禁止的固件、压缩包、模型、共享库或抓包类型
go2_ble_backup_20260723_145532.tar.gz,历史固件研究材料,424151,0.405,b13a5d2c8fe612f4222eeb08e7de21fa69d8469e6766af54e4dbfe4a5b8149ba,C:\zyh\work\宇树固件\codex_work\backups\192.168.8.154\ble_diagnostic_precheck_20260723_145532\go2_ble_backup_20260723_145532.tar.gz,禁止的固件、压缩包、模型、共享库或抓包类型
custom_voice_agent_20260720_121136.tar.gz,历史固件研究材料,47079967,44.899,0376222d3733044294d3897f525946509da6a7964df402a06e3296495e9ba2dd,C:\zyh\work\宇树固件\codex_work\backups\192.168.8.154\custom_voice_agent_20260720_121136\custom_voice_agent_20260720_121136.tar.gz,禁止的固件、压缩包、模型、共享库或抓包类型
custom_voice_agent_pre_autostart_20260720_145739.tar.gz,历史固件研究材料,39243,0.037,b7e50185afe6f356fcd77cfcb87be3f6d5e08d79cb3604cfbff523222de0ae48,C:\zyh\work\宇树固件\codex_work\backups\192.168.8.154\custom_voice_agent_pre_autostart_20260720_145739\custom_voice_agent_pre_autostart_20260720_145739.tar.gz,禁止的固件、压缩包、模型、共享库或抓包类型
custom_voice_agent_pre_emergency_cancel_20260720_164813.tar.gz,历史固件研究材料,9861,0.009,1e62f3b8a1bb789430cf3511d24fc7d511a53cd10e39f4d84c6e5cc2d6a50753,C:\zyh\work\宇树固件\codex_work\backups\192.168.8.154\custom_voice_agent_pre_emergency_cancel_20260720_164813\custom_voice_agent_pre_emergency_cancel_20260720_164813.tar.gz,禁止的固件、压缩包、模型、共享库或抓包类型
custom_voice_agent_pre_https_20260721_122739.tar.gz,历史固件研究材料,37794,0.036,db77926a5c7e772b3042c05c7bac96c1cd8dabe573c678794408009e832cfd88,C:\zyh\work\宇树固件\codex_work\backups\192.168.8.154\custom_voice_agent_pre_https_20260721_122739\custom_voice_agent_pre_https_20260721_122739.tar.gz,禁止的固件、压缩包、模型、共享库或抓包类型
custom_voice_agent_pre_live_20260720_141129.tar.gz,历史固件研究材料,1255,0.001,34b476086c02240752936453f1f65c44288ca53818bb6b052587cfe0c28530b2,C:\zyh\work\宇树固件\codex_work\backups\192.168.8.154\custom_voice_agent_pre_live_20260720_141129\custom_voice_agent_pre_live_20260720_141129.tar.gz,禁止的固件、压缩包、模型、共享库或抓包类型
custom_voice_agent_pre_microphone_20260720_161759.tar.gz,历史固件研究材料,8276,0.008,2b70f40f3a921b32de60b2a9ef29539686c1d8fa17cad130e452c7052ff6d1f9,C:\zyh\work\宇树固件\codex_work\backups\192.168.8.154\custom_voice_agent_pre_microphone_20260720_161759\custom_voice_agent_pre_microphone_20260720_161759.tar.gz,禁止的固件、压缩包、模型、共享库或抓包类型
custom_voice_agent_pre_minimax_20260720_143216.tar.gz,历史固件研究材料,32692,0.031,9fc826284b030a98ded569583880cc9cefce0f11156eaa10bf7548c5181cb30c,C:\zyh\work\宇树固件\codex_work\backups\192.168.8.154\custom_voice_agent_pre_minimax_20260720_143216\custom_voice_agent_pre_minimax_20260720_143216.tar.gz,禁止的固件、压缩包、模型、共享库或抓包类型
custom_voice_agent_pre_speech_timeout_20260721_125250.tar.gz,历史固件研究材料,44610,0.043,eb6cd01a83943ddd4fdedbf7af8987e0acc1d2272297f160a293949d73aed90b,C:\zyh\work\宇树固件\codex_work\backups\192.168.8.154\custom_voice_agent_pre_speech_timeout_20260721_125250\custom_voice_agent_pre_speech_timeout_20260721_125250.tar.gz,禁止的固件、压缩包、模型、共享库或抓包类型
custom_voice_agent_0.1.0_20260720.tar.gz,历史固件研究材料,18852,0.018,5616856ff4bcc9c00ea5610f52a5c51f7d21607cd854c60431441327e68715dd,C:\zyh\work\宇树固件\codex_work\dist\custom_voice_agent_0.1.0_20260720.tar.gz,禁止的固件、压缩包、模型、共享库或抓包类型
custom_voice_agent_0.1.0_20260720_r2.tar.gz,历史固件研究材料,18878,0.018,4ae3367733c8186f1c45f2aa12a89b2aed157315b577feb655a8e8cac86c29c4,C:\zyh\work\宇树固件\codex_work\dist\custom_voice_agent_0.1.0_20260720_r2.tar.gz,禁止的固件、压缩包、模型、共享库或抓包类型
custom_voice_agent_0.1.1_20260720_live.tar.gz,历史固件研究材料,24264,0.023,015cb2bd07b000ea66c37ab2123339ad0db1dc93cc66b50bc41071db7fa6330d,C:\zyh\work\宇树固件\codex_work\dist\custom_voice_agent_0.1.1_20260720_live.tar.gz,禁止的固件、压缩包、模型、共享库或抓包类型
custom_voice_agent_0.2.0_20260720_minimax.tar.gz,历史固件研究材料,25217,0.024,b19c2182e434d1f22e9e3f6bd6f8b1f225472e91b8f26d014e17c0f4e9f716ae,C:\zyh\work\宇树固件\codex_work\dist\custom_voice_agent_0.2.0_20260720_minimax.tar.gz,禁止的固件、压缩包、模型、共享库或抓包类型
custom_voice_agent_0.2.1_20260720_autostart.tar.gz,历史固件研究材料,26696,0.025,fac2e806961375a46258b729f34001de75a46555e714a684fc4c1c42978d53d0,C:\zyh\work\宇树固件\codex_work\dist\custom_voice_agent_0.2.1_20260720_autostart.tar.gz,禁止的固件、压缩包、模型、共享库或抓包类型
local_ota_canary_0.0.1.upk,历史固件研究材料,20596,0.020,701773746bf43ac2eded04fb5205ce1a1e1ddaf1d544a547fe194242f11e1222,C:\zyh\work\宇树固件\codex_work\ota_closure_work\dist\ota_canary\local_ota_canary_0.0.1.upk,禁止的固件、压缩包、模型、共享库或抓包类型
package_local_ota_canary_0.0.1.upk,历史固件研究材料,4724,0.005,7eb8fda0403cd5cb6df3bd7d41eb9d62b5b92646c3861903b157efc4f4566c33,C:\zyh\work\宇树固件\codex_work\ota_closure_work\dist\ota_canary\package_local_ota_canary_0.0.1.upk,禁止的固件、压缩包、模型、共享库或抓包类型
package_local_ota_canary_0.0.1.tar,历史固件研究材料,4608,0.004,70322938adbe261996cfa5ba68b91b8e34576cbbfce5d017c1e9bda8486c4cce,C:\zyh\work\宇树固件\codex_work\ota_closure_work\dist\ota_canary\stage\package_local_ota_canary_0.0.1.tar,禁止的固件、压缩包、模型、共享库或抓包类型
package_1.1.11.5_GO2_Edu_Max_Pro_X_1761128358872.upk,历史固件研究材料,1048576,1.000,975ffd26b8c2cbb1632f0b237a20a2061f55d6754d82d5208568d5d9d6c957c6,C:\zyh\work\宇树固件\cross_product\package_1.1.11.5_GO2_Edu_Max_Pro_X_1761128358872.upk,禁止的固件、压缩包、模型、共享库或抓包类型
package_1.2.0.15_G1_Air_Edu_Pre-Edu_1732786334697-1732786575247.upk,历史固件研究材料,1048576,1.000,e9dc6e384bd4fa6d61fd6f41ba48dfc4569ff0cbada562be988e72db23fa4a8e,C:\zyh\work\宇树固件\cross_product\package_1.2.0.15_G1_Air_Edu_Pre-Edu_1732786334697-1732786575247.upk,禁止的固件、压缩包、模型、共享库或抓包类型
btgatt-server.go2.elf,历史固件研究材料,1239984,1.183,05f64d83b235bbc41b486766527d44ba041eca540031780ec50c70c31cff9848,C:\zyh\work\宇树固件\go2-dds-fuzz-lab\analysis\btgatt-server.go2.elf,禁止的固件、压缩包、模型、共享库或抓包类型
libdds_security_ac.so,历史固件研究材料,370720,0.354,4dbec7d56732919853076a804dc91f43d9226381ccff342e60a904e1b731b467,C:\zyh\work\宇树固件\go2-dds-fuzz-lab\captures\go2_runtime_overlay_v2\rootfs\unitree\lib\libdds_security_ac.so,禁止的固件、压缩包、模型、共享库或抓包类型
libdds_security_auth.so,历史固件研究材料,330496,0.315,0c4eaf5c035ada47d746d9208fa10231f709ba6c00bc7f1c64f11b0944b3d990,C:\zyh\work\宇树固件\go2-dds-fuzz-lab\captures\go2_runtime_overlay_v2\rootfs\unitree\lib\libdds_security_auth.so,禁止的固件、压缩包、模型、共享库或抓包类型
libdds_security_crypto.so,历史固件研究材料,511336,0.488,4ceff71a4feed493c2636e822fe58ba780db28c041614e6589edc3a72c15226d,C:\zyh\work\宇树固件\go2-dds-fuzz-lab\captures\go2_runtime_overlay_v2\rootfs\unitree\lib\libdds_security_crypto.so,禁止的固件、压缩包、模型、共享库或抓包类型
libddsc.so,历史固件研究材料,9569704,9.126,9ae0419f82a2e4e3d5430a13512cc3051eff226192cb21d94e6dae051a2fa6de,C:\zyh\work\宇树固件\go2-dds-fuzz-lab\captures\go2_runtime_overlay_v2\rootfs\unitree\lib\libddsc.so,禁止的固件、压缩包、模型、共享库或抓包类型
libkvsWebrtcClient.so,历史固件研究材料,2318920,2.211,4c49a934ec032640675bfcfdd30c35667160633b7f6b632640dfdb4828816de2,C:\zyh\work\宇树固件\go2-dds-fuzz-lab\captures\go2_runtime_overlay_v2\rootfs\unitree\lib\libkvsWebrtcClient.so,禁止的固件、压缩包、模型、共享库或抓包类型
libkvsWebrtcSignalingClient.so,历史固件研究材料,232024,0.221,2d7a1b0284c47ff3f675c3a0e3a9e237261e68630476bd80f61322317e12fbdd,C:\zyh\work\宇树固件\go2-dds-fuzz-lab\captures\go2_runtime_overlay_v2\rootfs\unitree\lib\libkvsWebrtcSignalingClient.so,禁止的固件、压缩包、模型、共享库或抓包类型
libwebsockets.so,历史固件研究材料,520160,0.496,d140e3c2ea800f2db10180f6e7277c82451ff0e2e8c11d18baf4233218001a12,C:\zyh\work\宇树固件\go2-dds-fuzz-lab\captures\go2_runtime_overlay_v2\rootfs\unitree\lib\libwebsockets.so,禁止的固件、压缩包、模型、共享库或抓包类型
con_check.request.bin,历史固件研究材料,128,0.000,4e76d8d910d64e43b079f40c74128b78d2e31499d71fcc3c501ec9fb7cb5cac6,C:\zyh\work\宇树固件\go2-dds-fuzz-lab\captures\probe_local_regression\con_check.request.bin,禁止的固件、压缩包、模型、共享库或抓包类型
con_check.response.bin,历史固件研究材料,70,0.000,850b827ab0e04dddfaf29b727029442aaf854c8ea96663bd1bda5a35a251f542,C:\zyh\work\宇树固件\go2-dds-fuzz-lab\captures\probe_local_regression\con_check.response.bin,禁止的固件、压缩包、模型、共享库或抓包类型
con_notify.request.bin,历史固件研究材料,164,0.000,8507d7239520f660d1e767ac333bfea457ae95643c38dd3ca6f4524db026e721,C:\zyh\work\宇树固件\go2-dds-fuzz-lab\captures\probe_local_regression\con_notify.request.bin,禁止的固件、压缩包、模型、共享库或抓包类型
con_notify.response.bin,历史固件研究材料,907,0.001,736a8bf873da54a8d1762d4590a1c87a5b420f155e64d6f8af7b3f447f06f609,C:\zyh\work\宇树固件\go2-dds-fuzz-lab\captures\probe_local_regression\con_notify.response.bin,禁止的固件、压缩包、模型、共享库或抓包类型
libsigctx.so,历史固件研究材料,69992,0.067,d23a9cab8ce64974518e8f9f73d876eabcebfbb0aefaab0f25d068322540997c,C:\zyh\work\宇树固件\go2-dds-fuzz-lab\crashes\debug\libsigctx.so,禁止的固件、压缩包、模型、共享库或抓包类型
runtime_anonymous_stack_after.bin,历史固件研究材料,104448,0.100,47956e447a00a248e2e128968b75825e30075699767caebad147d695381aec32,C:\zyh\work\宇树固件\go2-dds-fuzz-lab\crashes\debug\runtime_anonymous_stack_after.bin,禁止的固件、压缩包、模型、共享库或抓包类型
runtime_anonymous_stack_before.bin,历史固件研究材料,104448,0.100,f6be284e5784e0133ea89c269b8ad239f7139ee16acce230eaa9c4f205de2f17,C:\zyh\work\宇树固件\go2-dds-fuzz-lab\crashes\debug\runtime_anonymous_stack_before.bin,禁止的固件、压缩包、模型、共享库或抓包类型
runtime_main_110000_111000.bin,历史固件研究材料,4096,0.004,35eb20ae38028dde75ef5ab2b76f759bae7b7b5ca027f8f45f41d5c4a02582fd,C:\zyh\work\宇树固件\go2-dds-fuzz-lab\crashes\debug\runtime_main_110000_111000.bin,禁止的固件、压缩包、模型、共享库或抓包类型
runtime_main_110600_111000.bin,历史固件研究材料,2560,0.002,f0374b5030d9c4c653a247c307a6ed1344043d149a9f1aaba2b529adad06ef14,C:\zyh\work\宇树固件\go2-dds-fuzz-lab\crashes\debug\runtime_main_110600_111000.bin,禁止的固件、压缩包、模型、共享库或抓包类型
native_webrtc_master_xfk.zip,历史固件研究材料,18221,0.017,de8ad0d721ca30f795bb06398d86abde92402e92f8828f2089a15c119979d7e0,C:\zyh\work\宇树固件\go2-dds-fuzz-lab\crashes\native_webrtc_master_xfk.zip,禁止的固件、压缩包、模型、共享库或抓包类型
aes_key.bin,历史固件研究材料,16,0.000,dd003eb5163018e3337797a058fc4e962a1813e70726c04c253fb72785d31751,C:\zyh\work\宇树固件\go2-dds-fuzz-lab\docs\ble_rce\aes_key.bin,禁止的固件、压缩包、模型、共享库或抓包类型
aes_key.bin,历史固件研究材料,16,0.000,dd003eb5163018e3337797a058fc4e962a1813e70726c04c253fb72785d31751,C:\zyh\work\宇树固件\go2-dds-fuzz-lab\docs\ble_rce\rce_package\scripts\aes_key.bin,禁止的固件、压缩包、模型、共享库或抓包类型
btgatt-server.go2.elf,历史固件研究材料,1239984,1.183,05f64d83b235bbc41b486766527d44ba041eca540031780ec50c70c31cff9848,C:\zyh\work\宇树固件\go2-dds-fuzz-lab\docs\ble_rce\rce_package\scripts\btgatt-server.go2.elf,禁止的固件、压缩包、模型、共享库或抓包类型
rce_package.zip,历史固件研究材料,519863,0.496,fe7375b6d5492151c2a4b61ed5770ef2b807d93549e44259f09a9b1f48b1b69e,C:\zyh\work\宇树固件\go2-dds-fuzz-lab\docs\ble_rce\rce_package.zip,禁止的固件、压缩包、模型、共享库或抓包类型
ble_rce.zip,历史固件研究材料,943439,0.900,0756c3b12a32eaa676e75aa02b302e304fc062ab175653bb932de884002026da,C:\zyh\work\宇树固件\go2-dds-fuzz-lab\docs\ble_rce.zip,禁止的固件、压缩包、模型、共享库或抓包类型
libdds_security_ac.so,历史固件研究材料,370720,0.354,4dbec7d56732919853076a804dc91f43d9226381ccff342e60a904e1b731b467,C:\zyh\work\宇树固件\go2_runtime_manual\libs\unitree\lib\libdds_security_ac.so,禁止的固件、压缩包、模型、共享库或抓包类型
libdds_security_auth.so,历史固件研究材料,330496,0.315,0c4eaf5c035ada47d746d9208fa10231f709ba6c00bc7f1c64f11b0944b3d990,C:\zyh\work\宇树固件\go2_runtime_manual\libs\unitree\lib\libdds_security_auth.so,禁止的固件、压缩包、模型、共享库或抓包类型
libdds_security_crypto.so,历史固件研究材料,511336,0.488,4ceff71a4feed493c2636e822fe58ba780db28c041614e6589edc3a72c15226d,C:\zyh\work\宇树固件\go2_runtime_manual\libs\unitree\lib\libdds_security_crypto.so,禁止的固件、压缩包、模型、共享库或抓包类型
libddsc.so,历史固件研究材料,9569704,9.126,9ae0419f82a2e4e3d5430a13512cc3051eff226192cb21d94e6dae051a2fa6de,C:\zyh\work\宇树固件\go2_runtime_manual\libs\unitree\lib\libddsc.so,禁止的固件、压缩包、模型、共享库或抓包类型
libddscxx.so,历史固件研究材料,3153856,3.008,2721c6370e39538e2d6f4ec42f1b1579cfff75e4d8fd51faed1ae65f1414b824,C:\zyh\work\宇树固件\go2_runtime_manual\libs\unitree\lib\libddscxx.so,禁止的固件、压缩包、模型、共享库或抓包类型
libkvsWebrtcClient.so,历史固件研究材料,2318920,2.211,4c49a934ec032640675bfcfdd30c35667160633b7f6b632640dfdb4828816de2,C:\zyh\work\宇树固件\go2_runtime_manual\libs\unitree\lib\libkvsWebrtcClient.so,禁止的固件、压缩包、模型、共享库或抓包类型
libkvsWebrtcSignalingClient.so,历史固件研究材料,232024,0.221,2d7a1b0284c47ff3f675c3a0e3a9e237261e68630476bd80f61322317e12fbdd,C:\zyh\work\宇树固件\go2_runtime_manual\libs\unitree\lib\libkvsWebrtcSignalingClient.so,禁止的固件、压缩包、模型、共享库或抓包类型
libwebsockets.so,历史固件研究材料,520160,0.496,d140e3c2ea800f2db10180f6e7277c82451ff0e2e8c11d18baf4233218001a12,C:\zyh\work\宇树固件\go2_runtime_manual\libs\unitree\lib\libwebsockets.so,禁止的固件、压缩包、模型、共享库或抓包类型
ld-2.31.so,历史固件研究材料,146432,0.140,a982ca6f7cac01f10f03a41fd366fcca7cc511714b688549e75d517945fd42a8,C:\zyh\work\宇树固件\go2_runtime_manual\libs\usr\lib\aarch64-linux-gnu\ld-2.31.so,禁止的固件、压缩包、模型、共享库或抓包类型
libc-2.31.so,历史固件研究材料,1450832,1.384,1c2b5ed433cad8a0d4761165c9ac2a543dfaa6174b9457425194cee7f4bac0cf,C:\zyh\work\宇树固件\go2_runtime_manual\libs\usr\lib\aarch64-linux-gnu\libc-2.31.so,禁止的固件、压缩包、模型、共享库或抓包类型
libdl-2.31.so,历史固件研究材料,14560,0.014,2ec79c71745859480b32ba49785f217d73be250ed4342b6b33f27608f3d6cebd,C:\zyh\work\宇树固件\go2_runtime_manual\libs\usr\lib\aarch64-linux-gnu\libdl-2.31.so,禁止的固件、压缩包、模型、共享库或抓包类型
libm-2.31.so,历史固件研究材料,633832,0.604,c03d27fd2570214ae7ecdba7654553b8948ef26e3b790915fc475779b61e930e,C:\zyh\work\宇树固件\go2_runtime_manual\libs\usr\lib\aarch64-linux-gnu\libm-2.31.so,禁止的固件、压缩包、模型、共享库或抓包类型
libpthread-2.31.so,历史固件研究材料,164304,0.157,48b97fe853633c03a391d99253f16f91b72c613f1d70919726fb79ccf3b17dc3,C:\zyh\work\宇树固件\go2_runtime_manual\libs\usr\lib\aarch64-linux-gnu\libpthread-2.31.so,禁止的固件、压缩包、模型、共享库或抓包类型
libdds_security_ac.so,历史固件研究材料,370720,0.354,4dbec7d56732919853076a804dc91f43d9226381ccff342e60a904e1b731b467,C:\zyh\work\宇树固件\go2_runtime_manual_v2\loaded\unitree\lib\libdds_security_ac.so,禁止的固件、压缩包、模型、共享库或抓包类型
libdds_security_auth.so,历史固件研究材料,330496,0.315,0c4eaf5c035ada47d746d9208fa10231f709ba6c00bc7f1c64f11b0944b3d990,C:\zyh\work\宇树固件\go2_runtime_manual_v2\loaded\unitree\lib\libdds_security_auth.so,禁止的固件、压缩包、模型、共享库或抓包类型
libdds_security_crypto.so,历史固件研究材料,511336,0.488,4ceff71a4feed493c2636e822fe58ba780db28c041614e6589edc3a72c15226d,C:\zyh\work\宇树固件\go2_runtime_manual_v2\loaded\unitree\lib\libdds_security_crypto.so,禁止的固件、压缩包、模型、共享库或抓包类型
libddsc.so,历史固件研究材料,9569704,9.126,9ae0419f82a2e4e3d5430a13512cc3051eff226192cb21d94e6dae051a2fa6de,C:\zyh\work\宇树固件\go2_runtime_manual_v2\loaded\unitree\lib\libddsc.so,禁止的固件、压缩包、模型、共享库或抓包类型
libkvsWebrtcClient.so,历史固件研究材料,2318920,2.211,4c49a934ec032640675bfcfdd30c35667160633b7f6b632640dfdb4828816de2,C:\zyh\work\宇树固件\go2_runtime_manual_v2\loaded\unitree\lib\libkvsWebrtcClient.so,禁止的固件、压缩包、模型、共享库或抓包类型
libkvsWebrtcSignalingClient.so,历史固件研究材料,232024,0.221,2d7a1b0284c47ff3f675c3a0e3a9e237261e68630476bd80f61322317e12fbdd,C:\zyh\work\宇树固件\go2_runtime_manual_v2\loaded\unitree\lib\libkvsWebrtcSignalingClient.so,禁止的固件、压缩包、模型、共享库或抓包类型
libwebsockets.so,历史固件研究材料,520160,0.496,d140e3c2ea800f2db10180f6e7277c82451ff0e2e8c11d18baf4233218001a12,C:\zyh\work\宇树固件\go2_runtime_manual_v2\loaded\unitree\lib\libwebsockets.so,禁止的固件、压缩包、模型、共享库或抓包类型
aes_key.bin,历史固件研究材料,16,0.000,dee3429f9f5f9007e4e4026962846ac5b4de35972f402aa17461e088cf914ead,C:\zyh\work\宇树固件\real_unitree_r1_1.4.2\etc\key\aes_key.bin,禁止的固件、压缩包、模型、共享库或抓包类型
libcycloneddsidl.so,历史固件研究材料,751672,0.717,68fd57076d1fadab6ab0031e535b0b60a2b07ada8bf80c5239bdbd63195d3f72,C:\zyh\work\宇树固件\real_unitree_r1_1.4.2\lib\libcycloneddsidl.so,禁止的固件、压缩包、模型、共享库或抓包类型
libcycloneddsidlcxx.so,历史固件研究材料,274136,0.261,23b45d77dc27c165ca03eb06d1802df55fc23047b64a974ab5b433771d7f4999,C:\zyh\work\宇树固件\real_unitree_r1_1.4.2\lib\libcycloneddsidlcxx.so,禁止的固件、压缩包、模型、共享库或抓包类型
libdds_security_ac.so,历史固件研究材料,370720,0.354,4dbec7d56732919853076a804dc91f43d9226381ccff342e60a904e1b731b467,C:\zyh\work\宇树固件\real_unitree_r1_1.4.2\lib\libdds_security_ac.so,禁止的固件、压缩包、模型、共享库或抓包类型
libdds_security_auth.so,历史固件研究材料,330496,0.315,0c4eaf5c035ada47d746d9208fa10231f709ba6c00bc7f1c64f11b0944b3d990,C:\zyh\work\宇树固件\real_unitree_r1_1.4.2\lib\libdds_security_auth.so,禁止的固件、压缩包、模型、共享库或抓包类型
libdds_security_crypto.so,历史固件研究材料,511336,0.488,4ceff71a4feed493c2636e822fe58ba780db28c041614e6589edc3a72c15226d,C:\zyh\work\宇树固件\real_unitree_r1_1.4.2\lib\libdds_security_crypto.so,禁止的固件、压缩包、模型、共享库或抓包类型
libddsc.so,历史固件研究材料,9569704,9.126,9ae0419f82a2e4e3d5430a13512cc3051eff226192cb21d94e6dae051a2fa6de,C:\zyh\work\宇树固件\real_unitree_r1_1.4.2\lib\libddsc.so,禁止的固件、压缩包、模型、共享库或抓包类型
libddscxx.so,历史固件研究材料,3153856,3.008,2721c6370e39538e2d6f4ec42f1b1579cfff75e4d8fd51faed1ae65f1414b824,C:\zyh\work\宇树固件\real_unitree_r1_1.4.2\lib\libddscxx.so,禁止的固件、压缩包、模型、共享库或抓包类型
libgflags.so,历史固件研究材料,142008,0.135,ec1c11753f3dc0ad2398c8fe57f2f6d47fafd53f4d9df6633b90177f1eee24f8,C:\zyh\work\宇树固件\real_unitree_r1_1.4.2\lib\libgflags.so,禁止的固件、压缩包、模型、共享库或抓包类型
libglog.so,历史固件研究材料,126000,0.120,0acc7e3c3bdf6eeaac1529d6b7525e5a5aac02bfbd384468016c0f89f3dbb614,C:\zyh\work\宇树固件\real_unitree_r1_1.4.2\lib\libglog.so,禁止的固件、压缩包、模型、共享库或抓包类型
libgstrtspserver-1.0.so,历史固件研究材料,403976,0.385,555362245603a3e55240f4c2f0aebc8025d247a6a64df7c2f21a999de363835c,C:\zyh\work\宇树固件\real_unitree_r1_1.4.2\lib\libgstrtspserver-1.0.so,禁止的固件、压缩包、模型、共享库或抓包类型
libkvsWebrtcClient.so,历史固件研究材料,2326656,2.219,444c1fe245f7a82114ab33a40c847ba0af7036f1383a5b0be88f88be9b350be4,C:\zyh\work\宇树固件\real_unitree_r1_1.4.2\lib\libkvsWebrtcClient.so,禁止的固件、压缩包、模型、共享库或抓包类型
libkvsWebrtcSignalingClient.so,历史固件研究材料,232024,0.221,9092f25c1205d833ba52ebef917159f677480272280dd646b0ad90dedd71d942,C:\zyh\work\宇树固件\real_unitree_r1_1.4.2\lib\libkvsWebrtcSignalingClient.so,禁止的固件、压缩包、模型、共享库或抓包类型
liblcm.so,历史固件研究材料,101528,0.097,dc4ba87c6441d533567ce507e17ebf938a493b5d725f99ecdb89ccb6f4738908,C:\zyh\work\宇树固件\real_unitree_r1_1.4.2\lib\liblcm.so,禁止的固件、压缩包、模型、共享库或抓包类型
libMNN.so,历史固件研究材料,2965960,2.829,8744c53ed543b4d005b02713f85da96aca9507fa00199882ddc8cef38c1142ef,C:\zyh\work\宇树固件\real_unitree_r1_1.4.2\lib\libMNN.so,禁止的固件、压缩包、模型、共享库或抓包类型
libwebsockets.so,历史固件研究材料,520160,0.496,d140e3c2ea800f2db10180f6e7277c82451ff0e2e8c11d18baf4233218001a12,C:\zyh\work\宇树固件\real_unitree_r1_1.4.2\lib\libwebsockets.so,禁止的固件、压缩包、模型、共享库或抓包类型
libyaml-cpp.so,历史固件研究材料,322168,0.307,e6fe9d851d99ad460d340d81c6e31a7068580c41fb9ca6301decfeb0dada9494,C:\zyh\work\宇树固件\real_unitree_r1_1.4.2\lib\libyaml-cpp.so,禁止的固件、压缩包、模型、共享库或抓包类型
libzmq.so,历史固件研究材料,634768,0.605,4a001a8f0165f292849444a8df247c61276ba5d951caa6694b7e880f24938137,C:\zyh\work\宇树固件\real_unitree_r1_1.4.2\lib\libzmq.so,禁止的固件、压缩包、模型、共享库或抓包类型
libcrypto.so,历史固件研究材料,2711264,2.586,9007706842cfdca68526afe5d7753631a313ca1a30733f99d5e1424733de5aa5,C:\zyh\work\宇树固件\real_unitree_r1_1.4.2\module\ai_sport\lib\libcrypto.so,禁止的固件、压缩包、模型、共享库或抓包类型
libdds_security_ac.so,历史固件研究材料,370696,0.354,7be3bc1317615bf9481d5088ebaf324d9920c766d2c633261dd42427cd875698,C:\zyh\work\宇树固件\real_unitree_r1_1.4.2\module\ai_sport\lib\libdds_security_ac.so,禁止的固件、压缩包、模型、共享库或抓包类型
libdds_security_auth.so,历史固件研究材料,330472,0.315,b91f64e23045e088d69290d1b981f98af8b169983b3005fa2425b4075827077a,C:\zyh\work\宇树固件\real_unitree_r1_1.4.2\module\ai_sport\lib\libdds_security_auth.so,禁止的固件、压缩包、模型、共享库或抓包类型
libdds_security_crypto.so,历史固件研究材料,511280,0.488,27f9ebe25934fc3e3d0d0fc3c1ba14772a5b0fb5e93b9706de5154cd6fb5cd4b,C:\zyh\work\宇树固件\real_unitree_r1_1.4.2\module\ai_sport\lib\libdds_security_crypto.so,禁止的固件、压缩包、模型、共享库或抓包类型
libddsc.so,历史固件研究材料,9557696,9.115,5d4f23b0f8928ac7361889960ae780ab8a7d0d528766dfc198765261e772b377,C:\zyh\work\宇树固件\real_unitree_r1_1.4.2\module\ai_sport\lib\libddsc.so,禁止的固件、压缩包、模型、共享库或抓包类型
libddscxx.so,历史固件研究材料,3153856,3.008,db2601bfeac87b3b994f2f4928ebd2432ad105d834725d75a17a097a8b701cd5,C:\zyh\work\宇树固件\real_unitree_r1_1.4.2\module\ai_sport\lib\libddscxx.so,禁止的固件、压缩包、模型、共享库或抓包类型
libssl.so,历史固件研究材料,568960,0.543,7b6aee772354a922c9ba426b501b870eb159acb09218a75932eed599bb662416,C:\zyh\work\宇树固件\real_unitree_r1_1.4.2\module\ai_sport\lib\libssl.so,禁止的固件、压缩包、模型、共享库或抓包类型
policy_17k.onnx,历史固件研究材料,2338186,2.230,dfb66bb295fce8ffe96c460221236670c19a0ab2605be4ae81a19888cb5320a9,C:\zyh\work\宇树固件\real_unitree_r1_1.4.2\module\ai_sport\net\motions\amp_locomotion\2026-04-01_14-10-14\policy_17k.onnx,禁止的固件、压缩包、模型、共享库或抓包类型
policy_40k.onnx,历史固件研究材料,2338186,2.230,15abd0a8d48f1702e2dc232871b8684e1c81423cc9ffab258fa74bf51589e6d6,C:\zyh\work\宇树固件\real_unitree_r1_1.4.2\module\ai_sport\net\motions\amp_locomotion\2026-04-03_09-11-48\policy_40k.onnx,禁止的固件、压缩包、模型、共享库或抓包类型
policy_36k.onnx,历史固件研究材料,2338186,2.230,5ef87fcae57c6badb58e59da7980a289c77c2d33a004ce9ae0c622ae6c868d8f,C:\zyh\work\宇树固件\real_unitree_r1_1.4.2\module\ai_sport\net\motions\amp_locomotion\2026-04-07_13-24-17\policy_36k.onnx,禁止的固件、压缩包、模型、共享库或抓包类型
policy_42.5.onnx,历史固件研究材料,2338186,2.230,d6d81d37d8b47aa5b6e273e48b7fff560bdb876fc67cbdc28d985b8595a4365f,C:\zyh\work\宇树固件\real_unitree_r1_1.4.2\module\ai_sport\net\motions\amp_locomotion\2026-04-07_13-42-10\policy_42.5.onnx,禁止的固件、压缩包、模型、共享库或抓包类型
actor.onnx,历史固件研究材料,2390075,2.279,a573209745da93a209a1854c07c94e1472901fb65e1f400f97c5771271ac5b6f,C:\zyh\work\宇树固件\real_unitree_r1_1.4.2\module\ai_sport\net\motions\amp_motion\20250722_14-33-53__30600\actor.onnx,禁止的固件、压缩包、模型、共享库或抓包类型
actor.onnx,历史固件研究材料,2540171,2.422,ca08504c5d6d9a33e64f203ea86a2362c8ade7db93b0cd348542e8ee7766879a,C:\zyh\work\宇树固件\real_unitree_r1_1.4.2\module\ai_sport\net\motions\amp_motion_22dof\20250915_15-25-57__58600\actor.onnx,禁止的固件、压缩包、模型、共享库或抓包类型
actor.onnx,历史固件研究材料,2540171,2.422,6437233a134ed33509c10af6ccc2b55f09dc01891b15f72d9dbd3d9916f24fa8,C:\zyh\work\宇树固件\real_unitree_r1_1.4.2\module\ai_sport\net\motions\amp_motion_22dof\20250919_16-11-28__68000\actor.onnx,禁止的固件、压缩包、模型、共享库或抓包类型
policy_37k.onnx,历史固件研究材料,2121504,2.023,e40a0202e91273eb744e66647744f16f816a84da8dae71df13789d1236b69086,C:\zyh\work\宇树固件\real_unitree_r1_1.4.2\module\ai_sport\net\motions\arm_sdk_locomotion\2026-04-07_13-26-00\policy_37k.onnx,禁止的固件、压缩包、模型、共享库或抓包类型
policy.onnx,历史固件研究材料,936775,0.893,7f46a610fe63eec1a579b06d632232e41b70a5523e59e37473cb530ca3372ddc,C:\zyh\work\宇树固件\real_unitree_r1_1.4.2\module\ai_sport\net\motions\dance_niuniu\policy.onnx,禁止的固件、压缩包、模型、共享库或抓包类型
policy.onnx,历史固件研究材料,936775,0.893,cb50a97888bcd7f9e7574928b00c19f91059eae6277015182cda79f76c02cd4d,C:\zyh\work\宇树固件\real_unitree_r1_1.4.2\module\ai_sport\net\motions\dance_weibosite\policy.onnx,禁止的固件、压缩包、模型、共享库或抓包类型
dance1subject2.20k.onnx,历史固件研究材料,936775,0.893,1dc4bc8ae47dd8cdd8eef74465a1749bd7370cd4ed4fb07ba707eb4e0848e08e,C:\zyh\work\宇树固件\real_unitree_r1_1.4.2\module\ai_sport\net\motions\dances\dance1_subject2\0602\dance1subject2.20k.onnx,禁止的固件、压缩包、模型、共享库或抓包类型
dance1_subject2_hard_80k-120k.onnx,历史固件研究材料,936775,0.893,e7621336467dc54d9cde2db5dab2ee1389c027646df3269f33ab1fd1a5cca08c,C:\zyh\work\宇树固件\real_unitree_r1_1.4.2\module\ai_sport\net\motions\dances\dance1_subject2\dance1_subject2_hard_80k-120k.onnx,禁止的固件、压缩包、模型、共享库或抓包类型
policy_25k.onnx,历史固件研究材料,936775,0.893,b1b068d3b53fcb3752cd4b8917923196b69a43b1894d2788b216dc0f037d6392,C:\zyh\work\宇树固件\real_unitree_r1_1.4.2\module\ai_sport\net\motions\dances\dance1_subject2\new_urdf\policy_25k.onnx,禁止的固件、压缩包、模型、共享库或抓包类型
policy_37k.onnx,历史固件研究材料,936775,0.893,b59eb6f0125384c0c21d2384c673fcce84d3046cc766fd29339526444639491e,C:\zyh\work\宇树固件\real_unitree_r1_1.4.2\module\ai_sport\net\motions\dances\dance1_subject2\policy_37k.onnx,禁止的固件、压缩包、模型、共享库或抓包类型
policy_80k.onnx,历史固件研究材料,936775,0.893,63ef804ee57268b96827457d75ef69b1ad628d28e439dc237dc8f96d349d851c,C:\zyh\work\宇树固件\real_unitree_r1_1.4.2\module\ai_sport\net\motions\dances\dance1_subject2_niuniuwu\policy_80k.onnx,禁止的固件、压缩包、模型、共享库或抓包类型
gongfu.20.5k.onnx,历史固件研究材料,936775,0.893,1e21281ad6e105635be529f0b400216a988011a9f101059b0cc15b54ff232bd3,C:\zyh\work\宇树固件\real_unitree_r1_1.4.2\module\ai_sport\net\motions\dances\gongfu\0602\gongfu.20.5k.onnx,禁止的固件、压缩包、模型、共享库或抓包类型
gongfu_jiequandao_hard_80k-110k.onnx,历史固件研究材料,936775,0.893,fe50a0f7cda725011931f23262bde1c129edf59b697f634a3ee152ff92e2b325,C:\zyh\work\宇树固件\real_unitree_r1_1.4.2\module\ai_sport\net\motions\dances\gongfu_jiequandao\gongfu_jiequandao_hard_80k-110k.onnx,禁止的固件、压缩包、模型、共享库或抓包类型
policy_50k.onnx,历史固件研究材料,936775,0.893,babcb6a885d77a110946c2f1023a1f97d85c50bb3dc87dce816b1ba7c9e6da8a,C:\zyh\work\宇树固件\real_unitree_r1_1.4.2\module\ai_sport\net\motions\dances\gongfu_jiequandao\new_urdf\policy_50k.onnx,禁止的固件、压缩包、模型、共享库或抓包类型
policy_80k.onnx,历史固件研究材料,936775,0.893,0b422836c7012b03784d6aac955f5f0493b0c7af299d3a0b67bae3f36842cb31,C:\zyh\work\宇树固件\real_unitree_r1_1.4.2\module\ai_sport\net\motions\dances\gongfu_jiequandao\policy_80k.onnx,禁止的固件、压缩包、模型、共享库或抓包类型
gunfanqishen_hard_80k-100k.onnx,历史固件研究材料,936775,0.893,63aed093c47d24b5e19fdcb85ee45d63f1c0d005f201da185601240cceb21731,C:\zyh\work\宇树固件\real_unitree_r1_1.4.2\module\ai_sport\net\motions\dances\gunfanqishen\gunfanqishen_hard_80k-100k.onnx,禁止的固件、压缩包、模型、共享库或抓包类型
policy_80k.onnx,历史固件研究材料,936775,0.893,87ffcea64dec4a54a86ad21784b5d37fbf876230106b433d674d777b2d272a73,C:\zyh\work\宇树固件\real_unitree_r1_1.4.2\module\ai_sport\net\motions\dances\gunfanqishen\policy_80k.onnx,禁止的固件、压缩包、模型、共享库或抓包类型
jiequandao.16k.onnx,历史固件研究材料,936775,0.893,c5f0c8db24fc40b6e5cb0466df0f27e0d5cc150166208c612e913a3a81337be5,C:\zyh\work\宇树固件\real_unitree_r1_1.4.2\module\ai_sport\net\motions\dances\jiequandao\0602\jiequandao.16k.onnx,禁止的固件、压缩包、模型、共享库或抓包类型
niuniu.15k.onnx,历史固件研究材料,936775,0.893,557128484061f5b2b11598283d8b3dfea52ab362c64eb6d35ba60596d98f50d1,C:\zyh\work\宇树固件\real_unitree_r1_1.4.2\module\ai_sport\net\motions\dances\niuniu\0602\niuniu.15k.onnx,禁止的固件、压缩包、模型、共享库或抓包类型
qishen1_25k.onnx,历史固件研究材料,936775,0.893,bbd132d4d72c592d475a47687417a42cfae424b083fc31e149d3b134542a1cf9,C:\zyh\work\宇树固件\real_unitree_r1_1.4.2\module\ai_sport\net\motions\dances\qishen1\qishen1_25k.onnx,禁止的固件、压缩包、模型、共享库或抓包类型
policy_23k.onnx,历史固件研究材料,936775,0.893,4ac990899403c5154d9736999839be77dc6c58e3095665ce077e2a0e07ef8b9e,C:\zyh\work\宇树固件\real_unitree_r1_1.4.2\module\ai_sport\net\motions\dances\weibosite\policy_23k.onnx,禁止的固件、压缩包、模型、共享库或抓包类型
edu_fix_20k.onnx,历史固件研究材料,893749,0.852,e7db7dc3ce38493cb6e8051548eb8c5071dc961a81c796b1bf692d86f79af44b,C:\zyh\work\宇树固件\real_unitree_r1_1.4.2\module\ai_sport\net\motions\dances_air\dance1_subject2\edu_fix_20k.onnx,禁止的固件、压缩包、模型、共享库或抓包类型
new_policy_30k.onnx,历史固件研究材料,893749,0.852,c5b08d3fee28d7da951895393addd2f9f8fe5bbea1e531629bbb0410d61ad9fe,C:\zyh\work\宇树固件\real_unitree_r1_1.4.2\module\ai_sport\net\motions\dances_air\dance1_subject2\new_policy_30k.onnx,禁止的固件、压缩包、模型、共享库或抓包类型
air_urdf_40k.onnx,历史固件研究材料,893749,0.852,fdbcf61b018cee69c6dbb8491d4280c8ee41665034c24689a865a40eb3706298,C:\zyh\work\宇树固件\real_unitree_r1_1.4.2\module\ai_sport\net\motions\dances_air\dance1_subject2_niuniuwu\air_urdf_40k.onnx,禁止的固件、压缩包、模型、共享库或抓包类型
edu_fix_15k.onnx,历史固件研究材料,893749,0.852,4fce479ca872a1057cc96a5bd778a4064a0ebc29cc3c0130362f35f9cfac853b,C:\zyh\work\宇树固件\real_unitree_r1_1.4.2\module\ai_sport\net\motions\dances_air\gongfu\edu_fix_15k.onnx,禁止的固件、压缩包、模型、共享库或抓包类型
new_policy_25k.onnx,历史固件研究材料,893749,0.852,5a0504d7f10c534dbd6b184d68325668f16afc17c64f7b64190693c939932253,C:\zyh\work\宇树固件\real_unitree_r1_1.4.2\module\ai_sport\net\motions\dances_air\gongfu\new_policy_25k.onnx,禁止的固件、压缩包、模型、共享库或抓包类型
edu_fix_15k.onnx,历史固件研究材料,893749,0.852,adb879da2211b8c24b3a402de2632911cb63506bd029432ea834618138b5605b,C:\zyh\work\宇树固件\real_unitree_r1_1.4.2\module\ai_sport\net\motions\dances_air\jiequandao\edu_fix_15k.onnx,禁止的固件、压缩包、模型、共享库或抓包类型
new_policy_20k.onnx,历史固件研究材料,893749,0.852,c97f73f809cacda13187dcdd68a768f882f4c0015f0255851b3b9740cfd383ad,C:\zyh\work\宇树固件\real_unitree_r1_1.4.2\module\ai_sport\net\motions\dances_air\jiequandao\new_policy_20k.onnx,禁止的固件、压缩包、模型、共享库或抓包类型
policy_12k.onnx,历史固件研究材料,893749,0.852,a8c52e939cf4c6db4c5f86665057601d838ba526042d2729f2e3e2003f2e726c,C:\zyh\work\宇树固件\real_unitree_r1_1.4.2\module\ai_sport\net\motions\dances_air\weibosite\policy_12k.onnx,禁止的固件、压缩包、模型、共享库或抓包类型
policy_new_10k.onnx,历史固件研究材料,893749,0.852,c64400c259dac0c915c2f80652b1b42e9450a9abffa751612c94fa2bafceb392,C:\zyh\work\宇树固件\real_unitree_r1_1.4.2\module\ai_sport\net\motions\dances_air\weibosite\policy_new_10k.onnx,禁止的固件、压缩包、模型、共享库或抓包类型
20500amp1_r1air_walkrun_indelay.onnx,历史固件研究材料,2083639,1.987,1c7844dc51e0135c821fb88e5a2eefcfe52cefef1fc7bf99121335eff79b8cd3,C:\zyh\work\宇树固件\real_unitree_r1_1.4.2\module\ai_sport\net\motions\locomotion_20dofs\20500amp1_r1air_walkrun_indelay.onnx,禁止的固件、压缩包、模型、共享库或抓包类型
20500amp6_26to20_rough.onnx,历史固件研究材料,2083639,1.987,61e709ef6ee951d4a0554f3425b4f85f7da82696efbfdae035bce2f1f0bcb0ca,C:\zyh\work\宇树固件\real_unitree_r1_1.4.2\module\ai_sport\net\motions\locomotion_20dofs\20500amp6_26to20_rough.onnx,禁止的固件、压缩包、模型、共享库或抓包类型
20500r1air_rough.onnx,历史固件研究材料,2083639,1.987,457191ec85815089717065985e3fb319bd3ae6078e4e09b954b9404ea405fee1,C:\zyh\work\宇树固件\real_unitree_r1_1.4.2\module\ai_sport\net\motions\locomotion_20dofs\20500r1air_rough.onnx,禁止的固件、压缩包、模型、共享库或抓包类型
22500amp1_r1air_walkrun_indelay.onnx,历史固件研究材料,2083639,1.987,01e28730134c7473c68431837d6c3d0d2f91ec7fcad64369b3bb37e6746cd743,C:\zyh\work\宇树固件\real_unitree_r1_1.4.2\module\ai_sport\net\motions\locomotion_20dofs\22500amp1_r1air_walkrun_indelay.onnx,禁止的固件、压缩包、模型、共享库或抓包类型
23500r1air_rough.onnx,历史固件研究材料,2083639,1.987,9923b354fc2482522b520d242877e19c64230386dc457044222d61694d43a0b8,C:\zyh\work\宇树固件\real_unitree_r1_1.4.2\module\ai_sport\net\motions\locomotion_20dofs\23500r1air_rough.onnx,禁止的固件、压缩包、模型、共享库或抓包类型
29000r1air_rough.onnx,历史固件研究材料,2083639,1.987,726cd59b185ba46251cdefb15160ffed162eea982f7e25aa2bca2cad85ff66eb,C:\zyh\work\宇树固件\real_unitree_r1_1.4.2\module\ai_sport\net\motions\locomotion_20dofs\29000r1air_rough.onnx,禁止的固件、压缩包、模型、共享库或抓包类型
30000r1air_rough.onnx,历史固件研究材料,2083639,1.987,492e4c573fa89048cae8b0e92fe62073067a567f93c6e93f0e1fd3d5d63a7571,C:\zyh\work\宇树固件\real_unitree_r1_1.4.2\module\ai_sport\net\motions\locomotion_20dofs\30000r1air_rough.onnx,禁止的固件、压缩包、模型、共享库或抓包类型
63000r1air_rough.onnx,历史固件研究材料,2083639,1.987,0f5d1e00b04fd21d8daaea83aefad9103806ad633de965b089fdec5722b8b18a,C:\zyh\work\宇树固件\real_unitree_r1_1.4.2\module\ai_sport\net\motions\locomotion_20dofs\63000r1air_rough.onnx,禁止的固件、压缩包、模型、共享库或抓包类型
87500r1air_rough.onnx,历史固件研究材料,2083639,1.987,e7708f411c4b23d20c9b7bba252cfa98f58e33e8a703f2095138aa0331f27361,C:\zyh\work\宇树固件\real_unitree_r1_1.4.2\module\ai_sport\net\motions\locomotion_20dofs\87500r1air_rough.onnx,禁止的固件、压缩包、模型、共享库或抓包类型
amp1_rottorso_r1air_locomotion_rough.onnx,历史固件研究材料,2083639,1.987,bba86eb3c6c650c5ff36e6664942e9f1b030f92bbb9ee477cc490c78850c51fe,C:\zyh\work\宇树固件\real_unitree_r1_1.4.2\module\ai_sport\net\motions\locomotion_20dofs\amp1_rottorso_r1air_locomotion_rough.onnx,禁止的固件、压缩包、模型、共享库或抓包类型
amp3_hardrough_r1air_locomotion_rough.onnx,历史固件研究材料,2083639,1.987,a64b8d20597c752d7582f81527d36c2e931e03476346e96e5662564ee6fef9f9,C:\zyh\work\宇树固件\real_unitree_r1_1.4.2\module\ai_sport\net\motions\locomotion_20dofs\amp3_hardrough_r1air_locomotion_rough.onnx,禁止的固件、压缩包、模型、共享库或抓包类型
amp6_26to20_r1air_locomotion_new.onnx,历史固件研究材料,2083639,1.987,95b0f99889121e6560313264bdb1d12639672587cfa7f3efe024a507a5996463,C:\zyh\work\宇树固件\real_unitree_r1_1.4.2\module\ai_sport\net\motions\locomotion_20dofs\amp6_26to20_r1air_locomotion_new.onnx,禁止的固件、压缩包、模型、共享库或抓包类型
amp6_26to20_rough.onnx,历史固件研究材料,2083639,1.987,81aba0de93b99de4d0ca7eda75ea4385d6b5eafaa69061f20a48c7340cb20fb7,C:\zyh\work\宇树固件\real_unitree_r1_1.4.2\module\ai_sport\net\motions\locomotion_20dofs\amp6_26to20_rough.onnx,禁止的固件、压缩包、模型、共享库或抓包类型
amp7_r1air_locomotion_rough.onnx,历史固件研究材料,2083639,1.987,6e3593021c5025c3f5c8fa76bd522e62ec2ae8e743d515a8337a0cde1e015420,C:\zyh\work\宇树固件\real_unitree_r1_1.4.2\module\ai_sport\net\motions\locomotion_20dofs\amp7_r1air_locomotion_rough.onnx,禁止的固件、压缩包、模型、共享库或抓包类型
r1air_locomotion_new.onnx,历史固件研究材料,2083639,1.987,d00c3b0229e2289532f18e465372be9720d112f1fa991698b17db9fc43a1e092,C:\zyh\work\宇树固件\real_unitree_r1_1.4.2\module\ai_sport\net\motions\locomotion_20dofs\r1air_locomotion_new.onnx,禁止的固件、压缩包、模型、共享库或抓包类型
r1air_locomotion_old.onnx,历史固件研究材料,2083639,1.987,54af23231b70fc6e644f09aefa6dc18430b54a10e55f508e6a3cb54bb985d124,C:\zyh\work\宇树固件\real_unitree_r1_1.4.2\module\ai_sport\net\motions\locomotion_20dofs\r1air_locomotion_old.onnx,禁止的固件、压缩包、模型、共享库或抓包类型
r1air_locomotion_rough.onnx,历史固件研究材料,2083639,1.987,82c58c621c07d89eb24c801567b97626eb948ef1cb5730b4421e14e2021c0212,C:\zyh\work\宇树固件\real_unitree_r1_1.4.2\module\ai_sport\net\motions\locomotion_20dofs\r1air_locomotion_rough.onnx,禁止的固件、压缩包、模型、共享库或抓包类型
actor.onnx,历史固件研究材料,5228977,4.987,c26d249c65d467a0d5ba6cf5b7235ba36d646de4c201cd324e4416a6b3c50c69,C:\zyh\work\宇树固件\real_unitree_r1_1.4.2\module\ai_sport\net\motions\locomotion_24dof_straight_knee\2026-02-01_02-39-41_25000\actor.onnx,禁止的固件、压缩包、模型、共享库或抓包类型
actor.onnx,历史固件研究材料,5228977,4.987,b7a2d340c236414ea9fa4612fba0f7e883cec60038eca32103fc869146f607b5,C:\zyh\work\宇树固件\real_unitree_r1_1.4.2\module\ai_sport\net\motions\locomotion_24dof_walk\2026-02-02_09-46-55_16800\actor.onnx,禁止的固件、压缩包、模型、共享库或抓包类型
r1air_armsdk_loco_new.onnx,历史固件研究材料,1915671,1.827,7f67d3dc32c83b19af5150db0e481b9e3c3ab0d59826f76941f56967eef903bc,C:\zyh\work\宇树固件\real_unitree_r1_1.4.2\module\ai_sport\net\motions\locomotion_armsdk\r1air_armsdk_loco_new.onnx,禁止的固件、压缩包、模型、共享库或抓包类型
r1air_armsdk_loco_new_alljoint.onnx,历史固件研究材料,2083639,1.987,e20deff0e77cfb5c194a4fd8590f452a9420d490e7914c53695a4b7f11c7a307,C:\zyh\work\宇树固件\real_unitree_r1_1.4.2\module\ai_sport\net\motions\locomotion_armsdk\r1air_armsdk_loco_new_alljoint.onnx,禁止的固件、压缩包、模型、共享库或抓包类型
r1air_armsdk_loco_old.onnx,历史固件研究材料,1915671,1.827,d3571610489bf192064e8f0ccd547a4e4f7901261c14ac8524a9391ba5b27d0f,C:\zyh\work\宇树固件\real_unitree_r1_1.4.2\module\ai_sport\net\motions\locomotion_armsdk\r1air_armsdk_loco_old.onnx,禁止的固件、压缩包、模型、共享库或抓包类型
policy.onnx,历史固件研究材料,2206520,2.104,ee9586e8c6ee9aabfc5107971837f6c6aa04d534612a99edc81ebaeb503c781e,C:\zyh\work\宇树固件\real_unitree_r1_1.4.2\module\ai_sport\net\motions\locomotion_armsdk_gait\policy.onnx,禁止的固件、压缩包、模型、共享库或抓包类型
policy.onnx,历史固件研究材料,2206520,2.104,2e28a7a34068755f8a3abab684866fd6e29a24e47a806d2e2033850f7cc9bc97,C:\zyh\work\宇树固件\real_unitree_r1_1.4.2\module\ai_sport\net\motions\locomotion_gait\policy.onnx,禁止的固件、压缩包、模型、共享库或抓包类型
model.onnx,历史固件研究材料,11990942,11.435,2259da3adb62f877b08f8f06d54b423912c7dcf79ebcb5c7941c892475162c77,C:\zyh\work\宇树固件\real_unitree_r1_1.4.2\module\ai_sport\net\motions\mimic_actor\2025-07-08_17-33-53_actor2_resume\exported\model.onnx,禁止的固件、压缩包、模型、共享库或抓包类型
model.onnx,历史固件研究材料,11991343,11.436,3b3cab2ac29b3358593700a8fd46a83f7a02996efd09eab586e60213b3b492ed,C:\zyh\work\宇树固件\real_unitree_r1_1.4.2\module\ai_sport\net\motions\mimic_actor\2025-08-04_20-57-13_actor_new\exported\model.onnx,禁止的固件、压缩包、模型、共享库或抓包类型
model.onnx,历史固件研究材料,11990942,11.435,e392366e7051f8e164e209523140636d94747e4d63a05335d4565e85346ef90e,C:\zyh\work\宇树固件\real_unitree_r1_1.4.2\module\ai_sport\net\motions\mimic_punch\2025-07-21_18-11-48_punch_resume_new_usd_0717\exported\model.onnx,禁止的固件、压缩包、模型、共享库或抓包类型
model.onnx,历史固件研究材料,11991343,11.436,6fcc4263b71e1fa3891027ff7350b470e3d5062da5b6701ec3845f776b9ce7b5,C:\zyh\work\宇树固件\real_unitree_r1_1.4.2\module\ai_sport\net\motions\mimic_punch\2025-07-27_15-55-47_mu_p_resume\exported\model.onnx,禁止的固件、压缩包、模型、共享库或抓包类型
model.onnx,历史固件研究材料,12669760,12.083,315bc2c1fcd834d6345af3f7e703c801f702cc6d8dc9cb89dd7dda13b7b897c2,C:\zyh\work\宇树固件\real_unitree_r1_1.4.2\module\ai_sport\net\motions\mimic_punch\2025-07-30_08-26-56_norm_adapt_l_speed\exported\model.onnx,禁止的固件、压缩包、模型、共享库或抓包类型
r1_air_tangqi_facedown.onnx,历史固件研究材料,889103,0.848,b77a9f10cff3d7b03e65803e97dd46d8b0622ceb7017318f8d835655222564a3,C:\zyh\work\宇树固件\real_unitree_r1_1.4.2\module\ai_sport\net\motions\qishen\r1_air_tangqi_facedown.onnx,禁止的固件、压缩包、模型、共享库或抓包类型
r1_air_tangqi_faceup.onnx,历史固件研究材料,889103,0.848,74d26661f274f78e1c9109b1f565f4f6c334a9c7db98398af54a7d61ac009c78,C:\zyh\work\宇树固件\real_unitree_r1_1.4.2\module\ai_sport\net\motions\qishen\r1_air_tangqi_faceup.onnx,禁止的固件、压缩包、模型、共享库或抓包类型
r1_mimic_hello1_Sep06_17-15-29_model_50000.onnx,历史固件研究材料,1595905,1.522,351ed3f20ecdeaa087a10b14b8c57b83eb0e6d4048176980b87d8ec6761c7cf7,C:\zyh\work\宇树固件\real_unitree_r1_1.4.2\module\ai_sport\net\motions\simple_motion\r1_mimic_hello1_Sep06_17-15-29_model_50000.onnx,禁止的固件、压缩包、模型、共享库或抓包类型
r1_tangxia_qili.onnx,历史固件研究材料,889103,0.848,7d4180933fe0399e4a380793f9bb830f1f71b8f67ca5c7eea3c84b9498e6c8f4,C:\zyh\work\宇树固件\real_unitree_r1_1.4.2\module\ai_sport\net\motions\tangxia\r1_tangxia_qili.onnx,禁止的固件、压缩包、模型、共享库或抓包类型
libcrypto.so,历史固件研究材料,2711264,2.586,9007706842cfdca68526afe5d7753631a313ca1a30733f99d5e1424733de5aa5,C:\zyh\work\宇树固件\real_unitree_r1_1.4.2\module\auto_test\aarch64\lib\libcrypto.so,禁止的固件、压缩包、模型、共享库或抓包类型
libdds_security_ac.so,历史固件研究材料,370696,0.354,7be3bc1317615bf9481d5088ebaf324d9920c766d2c633261dd42427cd875698,C:\zyh\work\宇树固件\real_unitree_r1_1.4.2\module\auto_test\aarch64\lib\libdds_security_ac.so,禁止的固件、压缩包、模型、共享库或抓包类型
libdds_security_auth.so,历史固件研究材料,330472,0.315,b91f64e23045e088d69290d1b981f98af8b169983b3005fa2425b4075827077a,C:\zyh\work\宇树固件\real_unitree_r1_1.4.2\module\auto_test\aarch64\lib\libdds_security_auth.so,禁止的固件、压缩包、模型、共享库或抓包类型
libdds_security_crypto.so,历史固件研究材料,511280,0.488,27f9ebe25934fc3e3d0d0fc3c1ba14772a5b0fb5e93b9706de5154cd6fb5cd4b,C:\zyh\work\宇树固件\real_unitree_r1_1.4.2\module\auto_test\aarch64\lib\libdds_security_crypto.so,禁止的固件、压缩包、模型、共享库或抓包类型
libddsc.so,历史固件研究材料,9557696,9.115,5d4f23b0f8928ac7361889960ae780ab8a7d0d528766dfc198765261e772b377,C:\zyh\work\宇树固件\real_unitree_r1_1.4.2\module\auto_test\aarch64\lib\libddsc.so,禁止的固件、压缩包、模型、共享库或抓包类型
libddscxx.so,历史固件研究材料,3153856,3.008,db2601bfeac87b3b994f2f4928ebd2432ad105d834725d75a17a097a8b701cd5,C:\zyh\work\宇树固件\real_unitree_r1_1.4.2\module\auto_test\aarch64\lib\libddscxx.so,禁止的固件、压缩包、模型、共享库或抓包类型
libhumanoid_module.so,历史固件研究材料,4179472,3.986,5ee7dbcdebc683958e2f35a9f509252f35e015f3542b680f2eaa02dea0126414,C:\zyh\work\宇树固件\real_unitree_r1_1.4.2\module\auto_test\aarch64\lib\libhumanoid_module.so,禁止的固件、压缩包、模型、共享库或抓包类型
libmcf_core.so,历史固件研究材料,3800256,3.624,109815815a50d5e675593f1ee9010f326a1ff417667ab2d290ac97d7af27213c,C:\zyh\work\宇树固件\real_unitree_r1_1.4.2\module\auto_test\aarch64\lib\libmcf_core.so,禁止的固件、压缩包、模型、共享库或抓包类型
libmcf_runtime.so,历史固件研究材料,8885528,8.474,39727a8612f1d98ddc617036f60620f925d839b153c58224812d8bef0185b5de,C:\zyh\work\宇树固件\real_unitree_r1_1.4.2\module\auto_test\aarch64\lib\libmcf_runtime.so,禁止的固件、压缩包、模型、共享库或抓包类型
libssl.so,历史固件研究材料,568960,0.543,7b6aee772354a922c9ba426b501b870eb159acb09218a75932eed599bb662416,C:\zyh\work\宇树固件\real_unitree_r1_1.4.2\module\auto_test\aarch64\lib\libssl.so,禁止的固件、压缩包、模型、共享库或抓包类型
libeigenpy.so,历史固件研究材料,19474744,18.573,9f7cd528722bd0278e5d4e21a5dd7d6eb132ef61ed6a8447aeb8bfbd86f96883,C:\zyh\work\宇树固件\real_unitree_r1_1.4.2\module\r1_arm_example\lib\libeigenpy.so,禁止的固件、压缩包、模型、共享库或抓包类型
libhpp-fcl.so,历史固件研究材料,3663584,3.494,c000c8f8f18311e263e309ab1b957b6d7883e198a0a1cc054db933b6c975bfef,C:\zyh\work\宇树固件\real_unitree_r1_1.4.2\module\r1_arm_example\lib\libhpp-fcl.so,禁止的固件、压缩包、模型、共享库或抓包类型
_casadi.cpython-38-aarch64-linux-gnu.so,历史固件研究材料,5800272,5.532,a986d6c1bdb78965fec03b0455f62a309190e78f4e2da5e5aef4a5a09014a3fb,C:\zyh\work\宇树固件\real_unitree_r1_1.4.2\module\r1_arm_example\lib\python3.8\site-packages\casadi\_casadi.cpython-38-aarch64-linux-gnu.so,禁止的固件、压缩包、模型、共享库或抓包类型
hppfcl.cpython-38-aarch64-linux-gnu.so,历史固件研究材料,6311232,6.019,2d64070ef6326e5091ffdb95cb5e086b99123d111c04413ec7a24b04eeadbec0,C:\zyh\work\宇树固件\real_unitree_r1_1.4.2\module\r1_arm_example\lib\python3.8\site-packages\hppfcl\hppfcl.cpython-38-aarch64-linux-gnu.so,禁止的固件、压缩包、模型、共享库或抓包类型
pinocchio_pywrap_casadi.cpython-38-aarch64-linux-gnu.so,历史固件研究材料,39907992,38.059,122ef2da52cc653a580694fb994fc5b03fe283dc7e2f6fda4d85d5253a29821d,C:\zyh\work\宇树固件\real_unitree_r1_1.4.2\module\r1_arm_example\lib\python3.8\site-packages\pinocchio\pinocchio_pywrap_casadi.cpython-38-aarch64-linux-gnu.so,禁止的固件、压缩包、模型、共享库或抓包类型
pinocchio_pywrap_default.cpython-38-aarch64-linux-gnu.so,历史固件研究材料,44667320,42.598,bd48f52561e32d3c596bd7f8a3fa9897f786ce56b556c588f2186f99356b67d6,C:\zyh\work\宇树固件\real_unitree_r1_1.4.2\module\r1_arm_example\lib\python3.8\site-packages\pinocchio\pinocchio_pywrap_default.cpython-38-aarch64-linux-gnu.so,禁止的固件、压缩包、模型、共享库或抓包类型
_camera.cpython-38-aarch64-linux-gnu.so,历史固件研究材料,264433,0.252,05fa8882475c9d8f6d45901f1a0f7912959de21415756f0872660f547c5f2be2,C:\zyh\work\宇树固件\real_unitree_r1_1.4.2\module\r1_arm_example\lib\python3.8\site-packages\pygame\_camera.cpython-38-aarch64-linux-gnu.so,禁止的固件、压缩包、模型、共享库或抓包类型
_freetype.cpython-38-aarch64-linux-gnu.so,历史固件研究材料,266377,0.254,31ffb83500eaf25e9dce67e89c3eb434f9f6397231388f57b6dc718f7e81e1aa,C:\zyh\work\宇树固件\real_unitree_r1_1.4.2\module\r1_arm_example\lib\python3.8\site-packages\pygame\_freetype.cpython-38-aarch64-linux-gnu.so,禁止的固件、压缩包、模型、共享库或抓包类型
audio.cpython-38-aarch64-linux-gnu.so,历史固件研究材料,397257,0.379,d38b3bed4992e851015e2acb858b4dbcdabb4dedd19f6a9347c1b5a0eb0fd82e,C:\zyh\work\宇树固件\real_unitree_r1_1.4.2\module\r1_arm_example\lib\python3.8\site-packages\pygame\_sdl2\audio.cpython-38-aarch64-linux-gnu.so,禁止的固件、压缩包、模型、共享库或抓包类型
controller.cpython-38-aarch64-linux-gnu.so,历史固件研究材料,266209,0.254,1eca41b37a2d13ac1bfe5b3230ab57c04f4579cc591a43ea30dbe03657dac95d,C:\zyh\work\宇树固件\real_unitree_r1_1.4.2\module\r1_arm_example\lib\python3.8\site-packages\pygame\_sdl2\controller.cpython-38-aarch64-linux-gnu.so,禁止的固件、压缩包、模型、共享库或抓包类型
mixer.cpython-38-aarch64-linux-gnu.so,历史固件研究材料,331497,0.316,18e0a306464961613c876d2ad69626a004727d4efada1cef0846f60773c10256,C:\zyh\work\宇树固件\real_unitree_r1_1.4.2\module\r1_arm_example\lib\python3.8\site-packages\pygame\_sdl2\mixer.cpython-38-aarch64-linux-gnu.so,禁止的固件、压缩包、模型、共享库或抓包类型
sdl2.cpython-38-aarch64-linux-gnu.so,历史固件研究材料,199281,0.190,a2dd6c51146437e9fa6d67c575f791dc5af5458e681cfb196e4dd8e9c8f7c620,C:\zyh\work\宇树固件\real_unitree_r1_1.4.2\module\r1_arm_example\lib\python3.8\site-packages\pygame\_sdl2\sdl2.cpython-38-aarch64-linux-gnu.so,禁止的固件、压缩包、模型、共享库或抓包类型
touch.cpython-38-aarch64-linux-gnu.so,历史固件研究材料,199097,0.190,66e8e86e3c444faaac68a13d9d78d1fc575667b3cac2b3528edf96bdbd0e8bd0,C:\zyh\work\宇树固件\real_unitree_r1_1.4.2\module\r1_arm_example\lib\python3.8\site-packages\pygame\_sdl2\touch.cpython-38-aarch64-linux-gnu.so,禁止的固件、压缩包、模型、共享库或抓包类型
video.cpython-38-aarch64-linux-gnu.so,历史固件研究材料,530129,0.506,068894065e7617b3c69566e5702b86e7e7c5233550368887284ea388336e254f,C:\zyh\work\宇树固件\real_unitree_r1_1.4.2\module\r1_arm_example\lib\python3.8\site-packages\pygame\_sdl2\video.cpython-38-aarch64-linux-gnu.so,禁止的固件、压缩包、模型、共享库或抓包类型
_sprite.cpython-38-aarch64-linux-gnu.so,历史固件研究材料,664209,0.633,92de48c4f3d4401da5df05b0a7f226b160f583847c443f41793fe89db4734b1a,C:\zyh\work\宇树固件\real_unitree_r1_1.4.2\module\r1_arm_example\lib\python3.8\site-packages\pygame\_sprite.cpython-38-aarch64-linux-gnu.so,禁止的固件、压缩包、模型、共享库或抓包类型
base.cpython-38-aarch64-linux-gnu.so,历史固件研究材料,198681,0.189,2b69dfd6feba142467a77ae38badeeb120c59ae8bed809b4bf1ed7480aa0303e,C:\zyh\work\宇树固件\real_unitree_r1_1.4.2\module\r1_arm_example\lib\python3.8\site-packages\pygame\base.cpython-38-aarch64-linux-gnu.so,禁止的固件、压缩包、模型、共享库或抓包类型
bufferproxy.cpython-38-aarch64-linux-gnu.so,历史固件研究材料,199601,0.190,12f59127d6e25114680272fb3138f69c22d0e76cf51dbabccc21722c4fe3bc5f,C:\zyh\work\宇树固件\real_unitree_r1_1.4.2\module\r1_arm_example\lib\python3.8\site-packages\pygame\bufferproxy.cpython-38-aarch64-linux-gnu.so,禁止的固件、压缩包、模型、共享库或抓包类型
color.cpython-38-aarch64-linux-gnu.so,历史固件研究材料,200417,0.191,9b7f7dd4fd3a962f36a0b20a453efce01db43ea43f4ed179c52e0644bb14070d,C:\zyh\work\宇树固件\real_unitree_r1_1.4.2\module\r1_arm_example\lib\python3.8\site-packages\pygame\color.cpython-38-aarch64-linux-gnu.so,禁止的固件、压缩包、模型、共享库或抓包类型
constants.cpython-38-aarch64-linux-gnu.so,历史固件研究材料,263041,0.251,683567183b242f36aab93a2a4fbdbd5ef206f35bfb7d9511a2930cc41c96f9bc,C:\zyh\work\宇树固件\real_unitree_r1_1.4.2\module\r1_arm_example\lib\python3.8\site-packages\pygame\constants.cpython-38-aarch64-linux-gnu.so,禁止的固件、压缩包、模型、共享库或抓包类型
display.cpython-38-aarch64-linux-gnu.so,历史固件研究材料,200305,0.191,0d4ee6b2dfd1fbd21526dccc74080fda18a1efc72c1fe601e4dc6e8e3c319a59,C:\zyh\work\宇树固件\real_unitree_r1_1.4.2\module\r1_arm_example\lib\python3.8\site-packages\pygame\display.cpython-38-aarch64-linux-gnu.so,禁止的固件、压缩包、模型、共享库或抓包类型
legacy_logos.zip,历史固件研究材料,51315,0.049,ebd0baf233badaa6aeede431df3e94f692e70e100c5caef6459e0f6ad95231d6,C:\zyh\work\宇树固件\real_unitree_r1_1.4.2\module\r1_arm_example\lib\python3.8\site-packages\pygame\docs\generated\_static\legacy_logos.zip,禁止的固件、压缩包、模型、共享库或抓包类型
draw.cpython-38-aarch64-linux-gnu.so,历史固件研究材料,199497,0.190,db582560c384ddd5ac894c2c85543351503a57eb165076191c84aa6decd04683,C:\zyh\work\宇树固件\real_unitree_r1_1.4.2\module\r1_arm_example\lib\python3.8\site-packages\pygame\draw.cpython-38-aarch64-linux-gnu.so,禁止的固件、压缩包、模型、共享库或抓包类型
event.cpython-38-aarch64-linux-gnu.so,历史固件研究材料,199081,0.190,040b3f396959a7ec85162cb237e3c3aa4ce92a6cc3c9ef3fd0cf3e9b4e03c0e5,C:\zyh\work\宇树固件\real_unitree_r1_1.4.2\module\r1_arm_example\lib\python3.8\site-packages\pygame\event.cpython-38-aarch64-linux-gnu.so,禁止的固件、压缩包、模型、共享库或抓包类型
font.cpython-38-aarch64-linux-gnu.so,历史固件研究材料,200881,0.192,3b75497cf161acd27614cf990ab3ff2624747fba5c3ced38c9dcb967ea295779,C:\zyh\work\宇树固件\real_unitree_r1_1.4.2\module\r1_arm_example\lib\python3.8\site-packages\pygame\font.cpython-38-aarch64-linux-gnu.so,禁止的固件、压缩包、模型、共享库或抓包类型
gfxdraw.cpython-38-aarch64-linux-gnu.so,历史固件研究材料,198865,0.190,71710cbe299e9119b8bd6abc9153057fa20feb4de48cf3784526f072efe7c9ec,C:\zyh\work\宇树固件\real_unitree_r1_1.4.2\module\r1_arm_example\lib\python3.8\site-packages\pygame\gfxdraw.cpython-38-aarch64-linux-gnu.so,禁止的固件、压缩包、模型、共享库或抓包类型
image.cpython-38-aarch64-linux-gnu.so,历史固件研究材料,198417,0.189,f12b0ffe72e9531e06d710d405ec405ad9fa2d2c0b9da80e307ebf5a915e8713,C:\zyh\work\宇树固件\real_unitree_r1_1.4.2\module\r1_arm_example\lib\python3.8\site-packages\pygame\image.cpython-38-aarch64-linux-gnu.so,禁止的固件、压缩包、模型、共享库或抓包类型
imageext.cpython-38-aarch64-linux-gnu.so,历史固件研究材料,200185,0.191,2715f5ffa0f08105e9251bc06f810ef46cf186099e3fbeb63b7055bd8836136c,C:\zyh\work\宇树固件\real_unitree_r1_1.4.2\module\r1_arm_example\lib\python3.8\site-packages\pygame\imageext.cpython-38-aarch64-linux-gnu.so,禁止的固件、压缩包、模型、共享库或抓包类型
joystick.cpython-38-aarch64-linux-gnu.so,历史固件研究材料,200153,0.191,a006e3b3c95001be91ae6dfcb8c0e582b46607a1bbc120e851cfd306385588ba,C:\zyh\work\宇树固件\real_unitree_r1_1.4.2\module\r1_arm_example\lib\python3.8\site-packages\pygame\joystick.cpython-38-aarch64-linux-gnu.so,禁止的固件、压缩包、模型、共享库或抓包类型
key.cpython-38-aarch64-linux-gnu.so,历史固件研究材料,199809,0.191,3922a5a3082526d61c7f1a5a7adbc032f9763234671317ccf5b9b32f5c1e2e10,C:\zyh\work\宇树固件\real_unitree_r1_1.4.2\module\r1_arm_example\lib\python3.8\site-packages\pygame\key.cpython-38-aarch64-linux-gnu.so,禁止的固件、压缩包、模型、共享库或抓包类型
mask.cpython-38-aarch64-linux-gnu.so,历史固件研究材料,198545,0.189,4c36f7758e05bbb09f1bf5afe7cf5d8c494d13eb7cdd8b471ca4b4e56bd1154d,C:\zyh\work\宇树固件\real_unitree_r1_1.4.2\module\r1_arm_example\lib\python3.8\site-packages\pygame\mask.cpython-38-aarch64-linux-gnu.so,禁止的固件、压缩包、模型、共享库或抓包类型
math.cpython-38-aarch64-linux-gnu.so,历史固件研究材料,264289,0.252,f6fc6dac72c578e430b951bb53a6ad2eb283e89c34f2e35cff2879ffc0e64d33,C:\zyh\work\宇树固件\real_unitree_r1_1.4.2\module\r1_arm_example\lib\python3.8\site-packages\pygame\math.cpython-38-aarch64-linux-gnu.so,禁止的固件、压缩包、模型、共享库或抓包类型
mixer.cpython-38-aarch64-linux-gnu.so,历史固件研究材料,199201,0.190,19bfefd8d7eea74f60bead36359a9974c554f716add38f5c4fa31cda046cc305,C:\zyh\work\宇树固件\real_unitree_r1_1.4.2\module\r1_arm_example\lib\python3.8\site-packages\pygame\mixer.cpython-38-aarch64-linux-gnu.so,禁止的固件、压缩包、模型、共享库或抓包类型
mixer_music.cpython-38-aarch64-linux-gnu.so,历史固件研究材料,198481,0.189,df2c5a48ed974a4162b2efcaef31f34a04dc8c269b0b78c2d98818189b3f4b76,C:\zyh\work\宇树固件\real_unitree_r1_1.4.2\module\r1_arm_example\lib\python3.8\site-packages\pygame\mixer_music.cpython-38-aarch64-linux-gnu.so,禁止的固件、压缩包、模型、共享库或抓包类型
mouse.cpython-38-aarch64-linux-gnu.so,历史固件研究材料,199945,0.191,93feff2585c8604ca4cf78e2e903844c4bd072dba15fde52425c6d3b4f24fcd8,C:\zyh\work\宇树固件\real_unitree_r1_1.4.2\module\r1_arm_example\lib\python3.8\site-packages\pygame\mouse.cpython-38-aarch64-linux-gnu.so,禁止的固件、压缩包、模型、共享库或抓包类型
newbuffer.cpython-38-aarch64-linux-gnu.so,历史固件研究材料,199457,0.190,218ecb3d1de681f4a09bee1140f68731e8a86f27b9d2fdcedfaf57d78eb2b98f,C:\zyh\work\宇树固件\real_unitree_r1_1.4.2\module\r1_arm_example\lib\python3.8\site-packages\pygame\newbuffer.cpython-38-aarch64-linux-gnu.so,禁止的固件、压缩包、模型、共享库或抓包类型
pixelarray.cpython-38-aarch64-linux-gnu.so,历史固件研究材料,200697,0.191,ad552fd0a80327c0fd250d07bb756d1015a208a85483515a7b1dee389cff7a04,C:\zyh\work\宇树固件\real_unitree_r1_1.4.2\module\r1_arm_example\lib\python3.8\site-packages\pygame\pixelarray.cpython-38-aarch64-linux-gnu.so,禁止的固件、压缩包、模型、共享库或抓包类型
pixelcopy.cpython-38-aarch64-linux-gnu.so,历史固件研究材料,199281,0.190,ac9b94a173342cbb85f60406b055d3274bef8c723b42a1c014c9bf3400652ce3,C:\zyh\work\宇树固件\real_unitree_r1_1.4.2\module\r1_arm_example\lib\python3.8\site-packages\pygame\pixelcopy.cpython-38-aarch64-linux-gnu.so,禁止的固件、压缩包、模型、共享库或抓包类型
pypm.cpython-38-aarch64-linux-gnu.so,历史固件研究材料,265617,0.253,578f67ee91f70135194e12a67cc0be9a92732aabdcc3d5e815a06cd9069537b9,C:\zyh\work\宇树固件\real_unitree_r1_1.4.2\module\r1_arm_example\lib\python3.8\site-packages\pygame\pypm.cpython-38-aarch64-linux-gnu.so,禁止的固件、压缩包、模型、共享库或抓包类型
rect.cpython-38-aarch64-linux-gnu.so,历史固件研究材料,200329,0.191,d1cf23033224c1f42527f359fbfa47eb98fec6c1944c3e06861ce38d163c4a15,C:\zyh\work\宇树固件\real_unitree_r1_1.4.2\module\r1_arm_example\lib\python3.8\site-packages\pygame\rect.cpython-38-aarch64-linux-gnu.so,禁止的固件、压缩包、模型、共享库或抓包类型
rwobject.cpython-38-aarch64-linux-gnu.so,历史固件研究材料,198273,0.189,e856b5e09258c38265cb79384cbd8d3607df780a6b27e26943b1aea31a7bfbc3,C:\zyh\work\宇树固件\real_unitree_r1_1.4.2\module\r1_arm_example\lib\python3.8\site-packages\pygame\rwobject.cpython-38-aarch64-linux-gnu.so,禁止的固件、压缩包、模型、共享库或抓包类型
scrap.cpython-38-aarch64-linux-gnu.so,历史固件研究材料,198393,0.189,93c63c076d34adf2111f09ba834220f4fddb298bd6a0c3da0917d2b40b910b65,C:\zyh\work\宇树固件\real_unitree_r1_1.4.2\module\r1_arm_example\lib\python3.8\site-packages\pygame\scrap.cpython-38-aarch64-linux-gnu.so,禁止的固件、压缩包、模型、共享库或抓包类型
surface.cpython-38-aarch64-linux-gnu.so,历史固件研究材料,396777,0.378,005a4deef552198142a5100b7a860169cf26686456f7cd53d3eb7584d2b99faa,C:\zyh\work\宇树固件\real_unitree_r1_1.4.2\module\r1_arm_example\lib\python3.8\site-packages\pygame\surface.cpython-38-aarch64-linux-gnu.so,禁止的固件、压缩包、模型、共享库或抓包类型
surflock.cpython-38-aarch64-linux-gnu.so,历史固件研究材料,198921,0.190,46c319f40a022355154cccd66a04f67178f01a7ce6ac966033863fbf7965a8a7,C:\zyh\work\宇树固件\real_unitree_r1_1.4.2\module\r1_arm_example\lib\python3.8\site-packages\pygame\surflock.cpython-38-aarch64-linux-gnu.so,禁止的固件、压缩包、模型、共享库或抓包类型
time.cpython-38-aarch64-linux-gnu.so,历史固件研究材料,199705,0.190,889bcb58bfe32e8ef753c1fdf6ca0c28f70d3e0447e248e7451632d51503311d,C:\zyh\work\宇树固件\real_unitree_r1_1.4.2\module\r1_arm_example\lib\python3.8\site-packages\pygame\time.cpython-38-aarch64-linux-gnu.so,禁止的固件、压缩包、模型、共享库或抓包类型
transform.cpython-38-aarch64-linux-gnu.so,历史固件研究材料,198577,0.189,e2a615e95d743afb2a7d0a76d425fcce03ec27147974533c250974011e4b2866,C:\zyh\work\宇树固件\real_unitree_r1_1.4.2\module\r1_arm_example\lib\python3.8\site-packages\pygame\transform.cpython-38-aarch64-linux-gnu.so,禁止的固件、压缩包、模型、共享库或抓包类型
libdw-0-46ed0dd9.176.so,历史固件研究材料,530569,0.506,f8587ea2954cb9f37769952823c72a96178ec48a33ed39cae93e3543cd5c11a7,C:\zyh\work\宇树固件\real_unitree_r1_1.4.2\module\r1_arm_example\lib\python3.8\site-packages\pygame.libs\libdw-0-46ed0dd9.176.so,禁止的固件、压缩包、模型、共享库或抓包类型
libelf-0-ef69846b.176.so,历史固件研究材料,199897,0.191,9ba1686fb1bb3aed17d2b3703cef0e30b58479602404a7d50f6239723ce90ae7,C:\zyh\work\宇树固件\real_unitree_r1_1.4.2\module\r1_arm_example\lib\python3.8\site-packages\pygame.libs\libelf-0-ef69846b.176.so,禁止的固件、压缩包、模型、共享库或抓包类型
libpulsecommon-14-04b39759.2.so,历史固件研究材料,676185,0.645,6a0341e902409350c7f72d1015923927976541ce9e3e45e8781976ebd02409de,C:\zyh\work\宇树固件\real_unitree_r1_1.4.2\module\r1_arm_example\lib\python3.8\site-packages\pygame.libs\libpulsecommon-14-04b39759.2.so,禁止的固件、压缩包、模型、共享库或抓包类型
_ccallback_c.cpython-38-aarch64-linux-gnu.so,历史固件研究材料,92696,0.088,556bb7a0ac4539a7e0c5a06b89b383d5984ebabfe4989a6f30ff5fbfacdd44cb,C:\zyh\work\宇树固件\real_unitree_r1_1.4.2\module\r1_arm_example\lib\python3.8\site-packages\scipy\_lib\_ccallback_c.cpython-38-aarch64-linux-gnu.so,禁止的固件、压缩包、模型、共享库或抓包类型
_fpumode.cpython-38-aarch64-linux-gnu.so,历史固件研究材料,70128,0.067,ae7913948c5846fce88e419d46a745334629110ff1be941715b218740fa23a47,C:\zyh\work\宇树固件\real_unitree_r1_1.4.2\module\r1_arm_example\lib\python3.8\site-packages\scipy\_lib\_fpumode.cpython-38-aarch64-linux-gnu.so,禁止的固件、压缩包、模型、共享库或抓包类型
_test_ccallback.cpython-38-aarch64-linux-gnu.so,历史固件研究材料,73024,0.070,d4c2cedd76b404a87e823210e6379358673ef6382ec8f3505e586096b8d61221,C:\zyh\work\宇树固件\real_unitree_r1_1.4.2\module\r1_arm_example\lib\python3.8\site-packages\scipy\_lib\_test_ccallback.cpython-38-aarch64-linux-gnu.so,禁止的固件、压缩包、模型、共享库或抓包类型
_test_deprecation_call.cpython-38-aarch64-linux-gnu.so,历史固件研究材料,75248,0.072,a226ca036324d650ba2cdc62e67858b50c08081f4ff3b5fd1c04678934bc2698,C:\zyh\work\宇树固件\real_unitree_r1_1.4.2\module\r1_arm_example\lib\python3.8\site-packages\scipy\_lib\_test_deprecation_call.cpython-38-aarch64-linux-gnu.so,禁止的固件、压缩包、模型、共享库或抓包类型
_test_deprecation_def.cpython-38-aarch64-linux-gnu.so,历史固件研究材料,76384,0.073,83b93f5ea95e33c341aa60e87a67b00e55e1eb9301f696ea4eca23a7920144fc,C:\zyh\work\宇树固件\real_unitree_r1_1.4.2\module\r1_arm_example\lib\python3.8\site-packages\scipy\_lib\_test_deprecation_def.cpython-38-aarch64-linux-gnu.so,禁止的固件、压缩包、模型、共享库或抓包类型
_uarray.cpython-38-aarch64-linux-gnu.so,历史固件研究材料,196208,0.187,e930dbb1c44d1f30ac020acd000d5e2c1d6059a85fdc94dd319813f12e8b386a,C:\zyh\work\宇树固件\real_unitree_r1_1.4.2\module\r1_arm_example\lib\python3.8\site-packages\scipy\_lib\_uarray\_uarray.cpython-38-aarch64-linux-gnu.so,禁止的固件、压缩包、模型、共享库或抓包类型
messagestream.cpython-38-aarch64-linux-gnu.so,历史固件研究材料,83704,0.080,57323d6de15988e796e452fa83565a5c4fdff36de1b37aabf71d2c1cb9a3b7bb,C:\zyh\work\宇树固件\real_unitree_r1_1.4.2\module\r1_arm_example\lib\python3.8\site-packages\scipy\_lib\messagestream.cpython-38-aarch64-linux-gnu.so,禁止的固件、压缩包、模型、共享库或抓包类型
_hierarchy.cpython-38-aarch64-linux-gnu.so,历史固件研究材料,415744,0.396,37a162fe81019546fe2985bc653e0c8f9b36c11f878f63d3b398bb00296b7d5d,C:\zyh\work\宇树固件\real_unitree_r1_1.4.2\module\r1_arm_example\lib\python3.8\site-packages\scipy\cluster\_hierarchy.cpython-38-aarch64-linux-gnu.so,禁止的固件、压缩包、模型、共享库或抓包类型
_optimal_leaf_ordering.cpython-38-aarch64-linux-gnu.so,历史固件研究材料,321992,0.307,cc500326998d1f1e763af0b6864dd709f1df7b91cbc1d0b594cbf0e79cc8042f,C:\zyh\work\宇树固件\real_unitree_r1_1.4.2\module\r1_arm_example\lib\python3.8\site-packages\scipy\cluster\_optimal_leaf_ordering.cpython-38-aarch64-linux-gnu.so,禁止的固件、压缩包、模型、共享库或抓包类型
_vq.cpython-38-aarch64-linux-gnu.so,历史固件研究材料,155592,0.148,ecc18fda6523db7840cd2eacbbc7bb831db1040abcf8debdc6ce40a2c3e27a0d,C:\zyh\work\宇树固件\real_unitree_r1_1.4.2\module\r1_arm_example\lib\python3.8\site-packages\scipy\cluster\_vq.cpython-38-aarch64-linux-gnu.so,禁止的固件、压缩包、模型、共享库或抓包类型
pypocketfft.cpython-38-aarch64-linux-gnu.so,历史固件研究材料,1061192,1.012,67c2237114098d78e42b5bd56db5ed8fcd1c76406c57a2d3b29eb0f0dd92c488,C:\zyh\work\宇树固件\real_unitree_r1_1.4.2\module\r1_arm_example\lib\python3.8\site-packages\scipy\fft\_pocketfft\pypocketfft.cpython-38-aarch64-linux-gnu.so,禁止的固件、压缩包、模型、共享库或抓包类型
convolve.cpython-38-aarch64-linux-gnu.so,历史固件研究材料,249496,0.238,eea2ab972803beed541c583552815e3eece1e3be102182ea7f456dcbcfd36dde,C:\zyh\work\宇树固件\real_unitree_r1_1.4.2\module\r1_arm_example\lib\python3.8\site-packages\scipy\fftpack\convolve.cpython-38-aarch64-linux-gnu.so,禁止的固件、压缩包、模型、共享库或抓包类型
_dop.cpython-38-aarch64-linux-gnu.so,历史固件研究材料,198697,0.189,605d1bcccb2c8794d6f69561f23c29f1b2d76832a6c4ea6f576eb9cc20e5d2cf,C:\zyh\work\宇树固件\real_unitree_r1_1.4.2\module\r1_arm_example\lib\python3.8\site-packages\scipy\integrate\_dop.cpython-38-aarch64-linux-gnu.so,禁止的固件、压缩包、模型、共享库或抓包类型
_lsoda.cpython-38-aarch64-linux-gnu.so,历史固件研究材料,198905,0.190,97280c268bef114424ee15673375e13ba7592e4e571aaac196e80b6115233f67,C:\zyh\work\宇树固件\real_unitree_r1_1.4.2\module\r1_arm_example\lib\python3.8\site-packages\scipy\integrate\_lsoda.cpython-38-aarch64-linux-gnu.so,禁止的固件、压缩包、模型、共享库或抓包类型
_odepack.cpython-38-aarch64-linux-gnu.so,历史固件研究材料,198185,0.189,db7e0fea646583e3ed7cfd6dde84f8b9483103b0694070c873f743316164aea4,C:\zyh\work\宇树固件\real_unitree_r1_1.4.2\module\r1_arm_example\lib\python3.8\site-packages\scipy\integrate\_odepack.cpython-38-aarch64-linux-gnu.so,禁止的固件、压缩包、模型、共享库或抓包类型
_quadpack.cpython-38-aarch64-linux-gnu.so,历史固件研究材料,198257,0.189,f5a404eeab103ba809e9fffc32351820a25ebba2d1ed0d3435f68f2fc37a00e3,C:\zyh\work\宇树固件\real_unitree_r1_1.4.2\module\r1_arm_example\lib\python3.8\site-packages\scipy\integrate\_quadpack.cpython-38-aarch64-linux-gnu.so,禁止的固件、压缩包、模型、共享库或抓包类型
_test_multivariate.cpython-38-aarch64-linux-gnu.so,历史固件研究材料,70712,0.067,d6c6d3e6a0cac031e4c6250fd88b3afab5cccd3ee0f69e086cb5bfd62ad7087d,C:\zyh\work\宇树固件\real_unitree_r1_1.4.2\module\r1_arm_example\lib\python3.8\site-packages\scipy\integrate\_test_multivariate.cpython-38-aarch64-linux-gnu.so,禁止的固件、压缩包、模型、共享库或抓包类型
_test_odeint_banded.cpython-38-aarch64-linux-gnu.so,历史固件研究材料,198681,0.189,833630ee155ddf74d38147ec0fc8ad9073ba0f5b663261fddfeaa3066d44cb9b,C:\zyh\work\宇树固件\real_unitree_r1_1.4.2\module\r1_arm_example\lib\python3.8\site-packages\scipy\integrate\_test_odeint_banded.cpython-38-aarch64-linux-gnu.so,禁止的固件、压缩包、模型、共享库或抓包类型
_vode.cpython-38-aarch64-linux-gnu.so,历史固件研究材料,264457,0.252,938c484f784686af2ccda00003c06793929632381595b4f7f3cdc010fa2c619b,C:\zyh\work\宇树固件\real_unitree_r1_1.4.2\module\r1_arm_example\lib\python3.8\site-packages\scipy\integrate\_vode.cpython-38-aarch64-linux-gnu.so,禁止的固件、压缩包、模型、共享库或抓包类型
_bspl.cpython-38-aarch64-linux-gnu.so,历史固件研究材料,334680,0.319,a983cdf1181f8a9006ef718a7e22f8ad2e73181b5a1ea693934e3e716bc41c86,C:\zyh\work\宇树固件\real_unitree_r1_1.4.2\module\r1_arm_example\lib\python3.8\site-packages\scipy\interpolate\_bspl.cpython-38-aarch64-linux-gnu.so,禁止的固件、压缩包、模型、共享库或抓包类型
_fitpack.cpython-38-aarch64-linux-gnu.so,历史固件研究材料,263497,0.251,42cd0a68503b1aa4abf06eca4462ed4b1934a978f2e1308f21c249ab3560aa61,C:\zyh\work\宇树固件\real_unitree_r1_1.4.2\module\r1_arm_example\lib\python3.8\site-packages\scipy\interpolate\_fitpack.cpython-38-aarch64-linux-gnu.so,禁止的固件、压缩包、模型、共享库或抓包类型
_ppoly.cpython-38-aarch64-linux-gnu.so,历史固件研究材料,404864,0.386,2c5e675d73c5a5b7b87eb771f760929bfd9d38df3a756f31528181962578399d,C:\zyh\work\宇树固件\real_unitree_r1_1.4.2\module\r1_arm_example\lib\python3.8\site-packages\scipy\interpolate\_ppoly.cpython-38-aarch64-linux-gnu.so,禁止的固件、压缩包、模型、共享库或抓包类型
_rbfinterp_pythran.cpython-38-aarch64-linux-gnu.so,历史固件研究材料,244912,0.234,8f489199431673311042800d55f73102883a73e8fdd28c8d8eb79b16140493c6,C:\zyh\work\宇树固件\real_unitree_r1_1.4.2\module\r1_arm_example\lib\python3.8\site-packages\scipy\interpolate\_rbfinterp_pythran.cpython-38-aarch64-linux-gnu.so,禁止的固件、压缩包、模型、共享库或抓包类型
_rgi_cython.cpython-38-aarch64-linux-gnu.so,历史固件研究材料,252712,0.241,0725a2df8b86f2a09b3673c533fc1b33fc943febd2f4f82df9d3b9beba55087f,C:\zyh\work\宇树固件\real_unitree_r1_1.4.2\module\r1_arm_example\lib\python3.8\site-packages\scipy\interpolate\_rgi_cython.cpython-38-aarch64-linux-gnu.so,禁止的固件、压缩包、模型、共享库或抓包类型
dfitpack.cpython-38-aarch64-linux-gnu.so,历史固件研究材料,395209,0.377,168b6e576674fb8046988942416107fb6563e912a34857e0a514367eac3fb14e,C:\zyh\work\宇树固件\real_unitree_r1_1.4.2\module\r1_arm_example\lib\python3.8\site-packages\scipy\interpolate\dfitpack.cpython-38-aarch64-linux-gnu.so,禁止的固件、压缩包、模型、共享库或抓包类型
interpnd.cpython-38-aarch64-linux-gnu.so,历史固件研究材料,406408,0.388,a02a5bcd242101afbe94f5626ec2baec92bfab1ed83c5f4ed9a6ea3f78da70b2,C:\zyh\work\宇树固件\real_unitree_r1_1.4.2\module\r1_arm_example\lib\python3.8\site-packages\scipy\interpolate\interpnd.cpython-38-aarch64-linux-gnu.so,禁止的固件、压缩包、模型、共享库或抓包类型
_test_fortran.cpython-38-aarch64-linux-gnu.so,历史固件研究材料,198473,0.189,8aac24aebc4e55e05226ac6819c29aca35db90eaec5800f9978acaa83db4c22a,C:\zyh\work\宇树固件\real_unitree_r1_1.4.2\module\r1_arm_example\lib\python3.8\site-packages\scipy\io\_test_fortran.cpython-38-aarch64-linux-gnu.so,禁止的固件、压缩包、模型、共享库或抓包类型
_mio5_utils.cpython-38-aarch64-linux-gnu.so,历史固件研究材料,250848,0.239,5dff1ee36bb2fc78dc48d483ad040c52293cd0744ce331e9d0d10f5ac6324083,C:\zyh\work\宇树固件\real_unitree_r1_1.4.2\module\r1_arm_example\lib\python3.8\site-packages\scipy\io\matlab\_mio5_utils.cpython-38-aarch64-linux-gnu.so,禁止的固件、压缩包、模型、共享库或抓包类型
_mio_utils.cpython-38-aarch64-linux-gnu.so,历史固件研究材料,80576,0.077,a55714d1b262eae0ecf925b7078aba7a3a6e36aea4e022f25ad1034130c90141,C:\zyh\work\宇树固件\real_unitree_r1_1.4.2\module\r1_arm_example\lib\python3.8\site-packages\scipy\io\matlab\_mio_utils.cpython-38-aarch64-linux-gnu.so,禁止的固件、压缩包、模型、共享库或抓包类型
_streams.cpython-38-aarch64-linux-gnu.so,历史固件研究材料,161616,0.154,1d0e582d308640962a26412247e665723391772c9f46917c96091af1548214ec,C:\zyh\work\宇树固件\real_unitree_r1_1.4.2\module\r1_arm_example\lib\python3.8\site-packages\scipy\io\matlab\_streams.cpython-38-aarch64-linux-gnu.so,禁止的固件、压缩包、模型、共享库或抓包类型
_cythonized_array_utils.cpython-38-aarch64-linux-gnu.so,历史固件研究材料,486872,0.464,09dd2732ace3203587866ed1cbad01cb9f5601d239325520855c0063f17ca0e1,C:\zyh\work\宇树固件\real_unitree_r1_1.4.2\module\r1_arm_example\lib\python3.8\site-packages\scipy\linalg\_cythonized_array_utils.cpython-38-aarch64-linux-gnu.so,禁止的固件、压缩包、模型、共享库或抓包类型
_decomp_update.cpython-38-aarch64-linux-gnu.so,历史固件研究材料,321472,0.307,cb73a03d9001bfe6b3342a3acb62f8fad39036ad298e34aae7ca6a24706c2b81,C:\zyh\work\宇树固件\real_unitree_r1_1.4.2\module\r1_arm_example\lib\python3.8\site-packages\scipy\linalg\_decomp_update.cpython-38-aarch64-linux-gnu.so,禁止的固件、压缩包、模型、共享库或抓包类型
_fblas.cpython-38-aarch64-linux-gnu.so,历史固件研究材料,723761,0.690,48acbfb38310c3b06e8f27b1aca982525a5ac911d67f281af8b56fba1dcfed8d,C:\zyh\work\宇树固件\real_unitree_r1_1.4.2\module\r1_arm_example\lib\python3.8\site-packages\scipy\linalg\_fblas.cpython-38-aarch64-linux-gnu.so,禁止的固件、压缩包、模型、共享库或抓包类型
_flapack.cpython-38-aarch64-linux-gnu.so,历史固件研究材料,2168593,2.068,77daf42b3a2684d63174f026b276de07bb7e26358b27236a0d297e28cf7de4fb,C:\zyh\work\宇树固件\real_unitree_r1_1.4.2\module\r1_arm_example\lib\python3.8\site-packages\scipy\linalg\_flapack.cpython-38-aarch64-linux-gnu.so,禁止的固件、压缩包、模型、共享库或抓包类型
_flinalg.cpython-38-aarch64-linux-gnu.so,历史固件研究材料,198329,0.189,e25660792a29e5707b79a502ef9c0d5d6c5027409626b164bc555cabed705600,C:\zyh\work\宇树固件\real_unitree_r1_1.4.2\module\r1_arm_example\lib\python3.8\site-packages\scipy\linalg\_flinalg.cpython-38-aarch64-linux-gnu.so,禁止的固件、压缩包、模型、共享库或抓包类型
_interpolative.cpython-38-aarch64-linux-gnu.so,历史固件研究材料,526561,0.502,0f1c793cdc5100c8106fa374577f9a9d96c5a221bea17424281fa5f3977106a1,C:\zyh\work\宇树固件\real_unitree_r1_1.4.2\module\r1_arm_example\lib\python3.8\site-packages\scipy\linalg\_interpolative.cpython-38-aarch64-linux-gnu.so,禁止的固件、压缩包、模型、共享库或抓包类型
_matfuncs_expm.cpython-38-aarch64-linux-gnu.so,历史固件研究材料,401808,0.383,dcb4abfecc31668a3dd73b590ea196e6df1e8c6b65fa0342f0c3fcec566e73ac,C:\zyh\work\宇树固件\real_unitree_r1_1.4.2\module\r1_arm_example\lib\python3.8\site-packages\scipy\linalg\_matfuncs_expm.cpython-38-aarch64-linux-gnu.so,禁止的固件、压缩包、模型、共享库或抓包类型
_matfuncs_sqrtm_triu.cpython-38-aarch64-linux-gnu.so,历史固件研究材料,248936,0.237,f4cbff756b916696dcfa2693ddf54f7a4b9a9e7c43f2d93c1505ea663dd8fa75,C:\zyh\work\宇树固件\real_unitree_r1_1.4.2\module\r1_arm_example\lib\python3.8\site-packages\scipy\linalg\_matfuncs_sqrtm_triu.cpython-38-aarch64-linux-gnu.so,禁止的固件、压缩包、模型、共享库或抓包类型
_solve_toeplitz.cpython-38-aarch64-linux-gnu.so,历史固件研究材料,254592,0.243,ce3c3497585027879239a160559be022305aa93d73bb7788031c438dbaf5b5ee,C:\zyh\work\宇树固件\real_unitree_r1_1.4.2\module\r1_arm_example\lib\python3.8\site-packages\scipy\linalg\_solve_toeplitz.cpython-38-aarch64-linux-gnu.so,禁止的固件、压缩包、模型、共享库或抓包类型
cython_blas.cpython-38-aarch64-linux-gnu.so,历史固件研究材料,397689,0.379,68fb0db2ae523e7450036e985eb8cd7f96ccec3783e52e40deff7892314757a0,C:\zyh\work\宇树固件\real_unitree_r1_1.4.2\module\r1_arm_example\lib\python3.8\site-packages\scipy\linalg\cython_blas.cpython-38-aarch64-linux-gnu.so,禁止的固件、压缩包、模型、共享库或抓包类型
cython_lapack.cpython-38-aarch64-linux-gnu.so,历史固件研究材料,865801,0.826,33e5269372c462a0f803d8b3d1b6c59f649454fe48b139fac0b80ece4bf6fa11,C:\zyh\work\宇树固件\real_unitree_r1_1.4.2\module\r1_arm_example\lib\python3.8\site-packages\scipy\linalg\cython_lapack.cpython-38-aarch64-linux-gnu.so,禁止的固件、压缩包、模型、共享库或抓包类型
_ctest.cpython-38-aarch64-linux-gnu.so,历史固件研究材料,70736,0.067,919a747ef7fad149bfc8a9133b8e522bf3b85f1d8a97d8487efdc6eaebdcda95,C:\zyh\work\宇树固件\real_unitree_r1_1.4.2\module\r1_arm_example\lib\python3.8\site-packages\scipy\ndimage\_ctest.cpython-38-aarch64-linux-gnu.so,禁止的固件、压缩包、模型、共享库或抓包类型
_cytest.cpython-38-aarch64-linux-gnu.so,历史固件研究材料,82144,0.078,c9d71ee16fbf5b9b85065122aa990170ec1af34bd29b3fb9c45a98453664a456,C:\zyh\work\宇树固件\real_unitree_r1_1.4.2\module\r1_arm_example\lib\python3.8\site-packages\scipy\ndimage\_cytest.cpython-38-aarch64-linux-gnu.so,禁止的固件、压缩包、模型、共享库或抓包类型
_nd_image.cpython-38-aarch64-linux-gnu.so,历史固件研究材料,144120,0.137,535d930899e1c61d838f56852c6c22a0a7e976c60d1b4a76d1a2e4a2261cd6b5,C:\zyh\work\宇树固件\real_unitree_r1_1.4.2\module\r1_arm_example\lib\python3.8\site-packages\scipy\ndimage\_nd_image.cpython-38-aarch64-linux-gnu.so,禁止的固件、压缩包、模型、共享库或抓包类型
_ni_label.cpython-38-aarch64-linux-gnu.so,历史固件研究材料,330072,0.315,e99e6208386f1afb9e15efefab9ab99b1702544ea46c727bd62660988a0c71bc,C:\zyh\work\宇树固件\real_unitree_r1_1.4.2\module\r1_arm_example\lib\python3.8\site-packages\scipy\ndimage\_ni_label.cpython-38-aarch64-linux-gnu.so,禁止的固件、压缩包、模型、共享库或抓包类型
__odrpack.cpython-38-aarch64-linux-gnu.so,历史固件研究材料,329401,0.314,1b01ed17ecaf71ed54a28fd5d368633e269e13623f33a5e4c1790fba20859068,C:\zyh\work\宇树固件\real_unitree_r1_1.4.2\module\r1_arm_example\lib\python3.8\site-packages\scipy\odr\__odrpack.cpython-38-aarch64-linux-gnu.so,禁止的固件、压缩包、模型、共享库或抓包类型
__nnls.cpython-38-aarch64-linux-gnu.so,历史固件研究材料,198329,0.189,1fa09a40a808b92fef9842fb84b879efb63d0fc39cffb3da0fa442d6ea23a690,C:\zyh\work\宇树固件\real_unitree_r1_1.4.2\module\r1_arm_example\lib\python3.8\site-packages\scipy\optimize\__nnls.cpython-38-aarch64-linux-gnu.so,禁止的固件、压缩包、模型、共享库或抓包类型
_bglu_dense.cpython-38-aarch64-linux-gnu.so,历史固件研究材料,333448,0.318,9fdb630cb13d2b5d4ee97df700262ce7eed19ca7fd96f215103ca2a579ccb599,C:\zyh\work\宇树固件\real_unitree_r1_1.4.2\module\r1_arm_example\lib\python3.8\site-packages\scipy\optimize\_bglu_dense.cpython-38-aarch64-linux-gnu.so,禁止的固件、压缩包、模型、共享库或抓包类型
_cobyla.cpython-38-aarch64-linux-gnu.so,历史固件研究材料,198649,0.189,1ba79736b0de5795136464e6e68894464003b7253e9e766f4682bdec84694ba1,C:\zyh\work\宇树固件\real_unitree_r1_1.4.2\module\r1_arm_example\lib\python3.8\site-packages\scipy\optimize\_cobyla.cpython-38-aarch64-linux-gnu.so,禁止的固件、压缩包、模型、共享库或抓包类型
_direct.cpython-38-aarch64-linux-gnu.so,历史固件研究材料,72904,0.070,90feff19c923497f926a252c0d2dd3042f7075067c6697e1b1da82b8a7c89f1f,C:\zyh\work\宇树固件\real_unitree_r1_1.4.2\module\r1_arm_example\lib\python3.8\site-packages\scipy\optimize\_direct.cpython-38-aarch64-linux-gnu.so,禁止的固件、压缩包、模型、共享库或抓包类型
_group_columns.cpython-38-aarch64-linux-gnu.so,历史固件研究材料,157048,0.150,88b778c0ae4c05b426c0917e8e6387af1956ce982f575c7c09442d06bccfb610,C:\zyh\work\宇树固件\real_unitree_r1_1.4.2\module\r1_arm_example\lib\python3.8\site-packages\scipy\optimize\_group_columns.cpython-38-aarch64-linux-gnu.so,禁止的固件、压缩包、模型、共享库或抓包类型
_highs_constants.cpython-38-aarch64-linux-gnu.so,历史固件研究材料,81464,0.078,3a0633000ef295fbba19277d6b20d0deec2c1bf58e34b4dabfabea59c6a62916,C:\zyh\work\宇树固件\real_unitree_r1_1.4.2\module\r1_arm_example\lib\python3.8\site-packages\scipy\optimize\_highs\_highs_constants.cpython-38-aarch64-linux-gnu.so,禁止的固件、压缩包、模型、共享库或抓包类型
_highs_wrapper.cpython-38-aarch64-linux-gnu.so,历史固件研究材料,3280840,3.129,741f8deff7c7b36e0115659090534cc17101f2e041df15205eb4ad74b34f7ebd,C:\zyh\work\宇树固件\real_unitree_r1_1.4.2\module\r1_arm_example\lib\python3.8\site-packages\scipy\optimize\_highs\_highs_wrapper.cpython-38-aarch64-linux-gnu.so,禁止的固件、压缩包、模型、共享库或抓包类型
_lbfgsb.cpython-38-aarch64-linux-gnu.so,历史固件研究材料,264297,0.252,ca3f3c9c8d9f1feaf114b04fa6fcf76a43ba568ec3616d4e78851652ae7822d0,C:\zyh\work\宇树固件\real_unitree_r1_1.4.2\module\r1_arm_example\lib\python3.8\site-packages\scipy\optimize\_lbfgsb.cpython-38-aarch64-linux-gnu.so,禁止的固件、压缩包、模型、共享库或抓包类型
_lsap.cpython-38-aarch64-linux-gnu.so,历史固件研究材料,72968,0.070,6fa8f79e163a2a11cfef95f2ea2abad851717cbbab2eea8388da6f1df7c422d3,C:\zyh\work\宇树固件\real_unitree_r1_1.4.2\module\r1_arm_example\lib\python3.8\site-packages\scipy\optimize\_lsap.cpython-38-aarch64-linux-gnu.so,禁止的固件、压缩包、模型、共享库或抓包类型
givens_elimination.cpython-38-aarch64-linux-gnu.so,历史固件研究材料,241152,0.230,94565cf4225e917a27eded318a3fa07ade18f1cfb540a6683804f55cbb1dbaa1,C:\zyh\work\宇树固件\real_unitree_r1_1.4.2\module\r1_arm_example\lib\python3.8\site-packages\scipy\optimize\_lsq\givens_elimination.cpython-38-aarch64-linux-gnu.so,禁止的固件、压缩包、模型、共享库或抓包类型
_minpack.cpython-38-aarch64-linux-gnu.so,历史固件研究材料,75952,0.072,b90889ac7e32a5e09b5158aebba8857d347e93a01657683b6b0e09fe19e4ad0d,C:\zyh\work\宇树固件\real_unitree_r1_1.4.2\module\r1_arm_example\lib\python3.8\site-packages\scipy\optimize\_minpack.cpython-38-aarch64-linux-gnu.so,禁止的固件、压缩包、模型、共享库或抓包类型
_minpack2.cpython-38-aarch64-linux-gnu.so,历史固件研究材料,77648,0.074,63451e2d96faa8b2663a2ef472ab5ad88b667ed1d64c16d9e8c9556f6650957b,C:\zyh\work\宇树固件\real_unitree_r1_1.4.2\module\r1_arm_example\lib\python3.8\site-packages\scipy\optimize\_minpack2.cpython-38-aarch64-linux-gnu.so,禁止的固件、压缩包、模型、共享库或抓包类型
_moduleTNC.cpython-38-aarch64-linux-gnu.so,历史固件研究材料,156256,0.149,323b8de2241851798ec84892fe752671b9407809dd8b38a582f1b80bafe03e22,C:\zyh\work\宇树固件\real_unitree_r1_1.4.2\module\r1_arm_example\lib\python3.8\site-packages\scipy\optimize\_moduleTNC.cpython-38-aarch64-linux-gnu.so,禁止的固件、压缩包、模型、共享库或抓包类型
_slsqp.cpython-38-aarch64-linux-gnu.so,历史固件研究材料,78624,0.075,04d896eef8e3683ef060447a1b444c08963607e284eb0f317035faca18b84752,C:\zyh\work\宇树固件\real_unitree_r1_1.4.2\module\r1_arm_example\lib\python3.8\site-packages\scipy\optimize\_slsqp.cpython-38-aarch64-linux-gnu.so,禁止的固件、压缩包、模型、共享库或抓包类型
_trlib.cpython-38-aarch64-linux-gnu.so,历史固件研究材料,397025,0.379,79d3f1846258e11b203e078bb046584142a38285089fba6bd80932b0fafd931e,C:\zyh\work\宇树固件\real_unitree_r1_1.4.2\module\r1_arm_example\lib\python3.8\site-packages\scipy\optimize\_trlib\_trlib.cpython-38-aarch64-linux-gnu.so,禁止的固件、压缩包、模型、共享库或抓包类型
_zeros.cpython-38-aarch64-linux-gnu.so,历史固件研究材料,71648,0.068,4b93d7f46b2c21c4d77fde047efbd734f9925a94fc5d0776b05e6e3cfa6ed7d9,C:\zyh\work\宇树固件\real_unitree_r1_1.4.2\module\r1_arm_example\lib\python3.8\site-packages\scipy\optimize\_zeros.cpython-38-aarch64-linux-gnu.so,禁止的固件、压缩包、模型、共享库或抓包类型
_zeros.cpython-38-aarch64-linux-gnu.so,历史固件研究材料,92720,0.088,9454fc3f94b47b398a625a8b9d7de3859693c61400b8afb6d9e4d12f3f04476b,C:\zyh\work\宇树固件\real_unitree_r1_1.4.2\module\r1_arm_example\lib\python3.8\site-packages\scipy\optimize\cython_optimize\_zeros.cpython-38-aarch64-linux-gnu.so,禁止的固件、压缩包、模型、共享库或抓包类型
_max_len_seq_inner.cpython-38-aarch64-linux-gnu.so,历史固件研究材料,88904,0.085,65e321d1fd7d304d1841308b7d7395770b76d57f4cdb4504c9de639bee7fddf7,C:\zyh\work\宇树固件\real_unitree_r1_1.4.2\module\r1_arm_example\lib\python3.8\site-packages\scipy\signal\_max_len_seq_inner.cpython-38-aarch64-linux-gnu.so,禁止的固件、压缩包、模型、共享库或抓包类型
_peak_finding_utils.cpython-38-aarch64-linux-gnu.so,历史固件研究材料,257976,0.246,2e36ddb420005698e05fc032c39170ff78d359a3d593cf223675793daa48232b,C:\zyh\work\宇树固件\real_unitree_r1_1.4.2\module\r1_arm_example\lib\python3.8\site-packages\scipy\signal\_peak_finding_utils.cpython-38-aarch64-linux-gnu.so,禁止的固件、压缩包、模型、共享库或抓包类型
_sigtools.cpython-38-aarch64-linux-gnu.so,历史固件研究材料,144040,0.137,0e4db3602f592a5e4dbef130894334839241d38e55b2a5f0d16b0934a11a7dab,C:\zyh\work\宇树固件\real_unitree_r1_1.4.2\module\r1_arm_example\lib\python3.8\site-packages\scipy\signal\_sigtools.cpython-38-aarch64-linux-gnu.so,禁止的固件、压缩包、模型、共享库或抓包类型
_sosfilt.cpython-38-aarch64-linux-gnu.so,历史固件研究材料,318616,0.304,c5a22ad551eaa36795b61c5ffd1561fa0cae4429dcc2a594b12448430796ef37,C:\zyh\work\宇树固件\real_unitree_r1_1.4.2\module\r1_arm_example\lib\python3.8\site-packages\scipy\signal\_sosfilt.cpython-38-aarch64-linux-gnu.so,禁止的固件、压缩包、模型、共享库或抓包类型
_spectral.cpython-38-aarch64-linux-gnu.so,历史固件研究材料,90464,0.086,1a2926b6f8e273f4062e5da6fe33ac8001aef3b2e9f6f771078c509308aedcc5,C:\zyh\work\宇树固件\real_unitree_r1_1.4.2\module\r1_arm_example\lib\python3.8\site-packages\scipy\signal\_spectral.cpython-38-aarch64-linux-gnu.so,禁止的固件、压缩包、模型、共享库或抓包类型
_spline.cpython-38-aarch64-linux-gnu.so,历史固件研究材料,77712,0.074,f4e0373fbe18012d586e13d6ba7c0d7c1f2779eebff3135e7dc3ef3c0a15e959,C:\zyh\work\宇树固件\real_unitree_r1_1.4.2\module\r1_arm_example\lib\python3.8\site-packages\scipy\signal\_spline.cpython-38-aarch64-linux-gnu.so,禁止的固件、压缩包、模型、共享库或抓包类型
_upfirdn_apply.cpython-38-aarch64-linux-gnu.so,历史固件研究材料,327496,0.312,9f40b3ab50567c5e38812bf8078676aa5d51e4cc4b336bb9594dd7f765476b4c,C:\zyh\work\宇树固件\real_unitree_r1_1.4.2\module\r1_arm_example\lib\python3.8\site-packages\scipy\signal\_upfirdn_apply.cpython-38-aarch64-linux-gnu.so,禁止的固件、压缩包、模型、共享库或抓包类型
_csparsetools.cpython-38-aarch64-linux-gnu.so,历史固件研究材料,566416,0.540,0adb66f2d0105d3b838da94b9456fb98bfafcf230b262606093d1d04a973bdf8,C:\zyh\work\宇树固件\real_unitree_r1_1.4.2\module\r1_arm_example\lib\python3.8\site-packages\scipy\sparse\_csparsetools.cpython-38-aarch64-linux-gnu.so,禁止的固件、压缩包、模型、共享库或抓包类型
_sparsetools.cpython-38-aarch64-linux-gnu.so,历史固件研究材料,3387672,3.231,fe300bde557a33513878d0f1ade71394851962230a0c817cddb00be7697e83af,C:\zyh\work\宇树固件\real_unitree_r1_1.4.2\module\r1_arm_example\lib\python3.8\site-packages\scipy\sparse\_sparsetools.cpython-38-aarch64-linux-gnu.so,禁止的固件、压缩包、模型、共享库或抓包类型
_flow.cpython-38-aarch64-linux-gnu.so,历史固件研究材料,337032,0.321,66521260b2b89e5eba8251e440e685e8d76f22c992e47ddc2406b7c23d0e8e28,C:\zyh\work\宇树固件\real_unitree_r1_1.4.2\module\r1_arm_example\lib\python3.8\site-packages\scipy\sparse\csgraph\_flow.cpython-38-aarch64-linux-gnu.so,禁止的固件、压缩包、模型、共享库或抓包类型
_matching.cpython-38-aarch64-linux-gnu.so,历史固件研究材料,331264,0.316,faac2b2d4e05dbd5df526400d80b8f8630a78e4ffc47073ddbcfc40aa00f6f5d,C:\zyh\work\宇树固件\real_unitree_r1_1.4.2\module\r1_arm_example\lib\python3.8\site-packages\scipy\sparse\csgraph\_matching.cpython-38-aarch64-linux-gnu.so,禁止的固件、压缩包、模型、共享库或抓包类型
_min_spanning_tree.cpython-38-aarch64-linux-gnu.so,历史固件研究材料,247000,0.236,f3e452b8000d74893ebf13e3cbfe5c5d2e192e0f9601da9415218f2fc962d034,C:\zyh\work\宇树固件\real_unitree_r1_1.4.2\module\r1_arm_example\lib\python3.8\site-packages\scipy\sparse\csgraph\_min_spanning_tree.cpython-38-aarch64-linux-gnu.so,禁止的固件、压缩包、模型、共享库或抓包类型
_reordering.cpython-38-aarch64-linux-gnu.so,历史固件研究材料,328848,0.314,fb3856fcf57c94708b86993331abb4c8225a138e32463690b9c7b57f3e91c88a,C:\zyh\work\宇树固件\real_unitree_r1_1.4.2\module\r1_arm_example\lib\python3.8\site-packages\scipy\sparse\csgraph\_reordering.cpython-38-aarch64-linux-gnu.so,禁止的固件、压缩包、模型、共享库或抓包类型
_shortest_path.cpython-38-aarch64-linux-gnu.so,历史固件研究材料,423208,0.404,9321bc50ffafbe15500bed0aea276d8448e71967186faa04ab50388f89746dc1,C:\zyh\work\宇树固件\real_unitree_r1_1.4.2\module\r1_arm_example\lib\python3.8\site-packages\scipy\sparse\csgraph\_shortest_path.cpython-38-aarch64-linux-gnu.so,禁止的固件、压缩包、模型、共享库或抓包类型
_tools.cpython-38-aarch64-linux-gnu.so,历史固件研究材料,179464,0.171,3f4b701a3217180e27e6cc7d788885a422964a20024217e127fd19545fa3fbef,C:\zyh\work\宇树固件\real_unitree_r1_1.4.2\module\r1_arm_example\lib\python3.8\site-packages\scipy\sparse\csgraph\_tools.cpython-38-aarch64-linux-gnu.so,禁止的固件、压缩包、模型、共享库或抓包类型
_traversal.cpython-38-aarch64-linux-gnu.so,历史固件研究材料,169520,0.162,a56cabef198fd1a524167d76b01c5130bd8a4d52a27a8e9a2c6616ad8a0fcad4,C:\zyh\work\宇树固件\real_unitree_r1_1.4.2\module\r1_arm_example\lib\python3.8\site-packages\scipy\sparse\csgraph\_traversal.cpython-38-aarch64-linux-gnu.so,禁止的固件、压缩包、模型、共享库或抓包类型
_superlu.cpython-38-aarch64-linux-gnu.so,历史固件研究材料,460809,0.439,1569f4e79327e2a83620b3dc1466bec7b3d9c68d58fad64cb1ff40a8b7226aee,C:\zyh\work\宇树固件\real_unitree_r1_1.4.2\module\r1_arm_example\lib\python3.8\site-packages\scipy\sparse\linalg\_dsolve\_superlu.cpython-38-aarch64-linux-gnu.so,禁止的固件、压缩包、模型、共享库或抓包类型
_arpack.cpython-38-aarch64-linux-gnu.so,历史固件研究材料,527265,0.503,b6a30ab9d7f2b3d5e9cd6bd4f04d80c2713075b4287df0253dca927aa8aacb57,C:\zyh\work\宇树固件\real_unitree_r1_1.4.2\module\r1_arm_example\lib\python3.8\site-packages\scipy\sparse\linalg\_eigen\arpack\_arpack.cpython-38-aarch64-linux-gnu.so,禁止的固件、压缩包、模型、共享库或抓包类型
_iterative.cpython-38-aarch64-linux-gnu.so,历史固件研究材料,329633,0.314,a276c91213eba5fe68737bc8fba9dc4c810145949a5a4a54121d1ddab96270a2,C:\zyh\work\宇树固件\real_unitree_r1_1.4.2\module\r1_arm_example\lib\python3.8\site-packages\scipy\sparse\linalg\_isolve\_iterative.cpython-38-aarch64-linux-gnu.so,禁止的固件、压缩包、模型、共享库或抓包类型
_cpropack.cpython-38-aarch64-linux-gnu.so,历史固件研究材料,264521,0.252,7afe778a837efa3eb800d603886f977012c781d218ed344c8358142aa9d27c00,C:\zyh\work\宇树固件\real_unitree_r1_1.4.2\module\r1_arm_example\lib\python3.8\site-packages\scipy\sparse\linalg\_propack\_cpropack.cpython-38-aarch64-linux-gnu.so,禁止的固件、压缩包、模型、共享库或抓包类型
_dpropack.cpython-38-aarch64-linux-gnu.so,历史固件研究材料,264473,0.252,c30577594cc2119009293135c948ba8c6233d3559eca7fb2c5c93edaefbbbcac,C:\zyh\work\宇树固件\real_unitree_r1_1.4.2\module\r1_arm_example\lib\python3.8\site-packages\scipy\sparse\linalg\_propack\_dpropack.cpython-38-aarch64-linux-gnu.so,禁止的固件、压缩包、模型、共享库或抓包类型
_spropack.cpython-38-aarch64-linux-gnu.so,历史固件研究材料,264473,0.252,2e80441a505dceb2f1c5ce4654908cee8103005ed145856788984bf05754ec97,C:\zyh\work\宇树固件\real_unitree_r1_1.4.2\module\r1_arm_example\lib\python3.8\site-packages\scipy\sparse\linalg\_propack\_spropack.cpython-38-aarch64-linux-gnu.so,禁止的固件、压缩包、模型、共享库或抓包类型
_zpropack.cpython-38-aarch64-linux-gnu.so,历史固件研究材料,264521,0.252,80ef59239c12f63a43266c4e35ddd61a942edbe5ffb25e0c5bb404b4c31e7d5f,C:\zyh\work\宇树固件\real_unitree_r1_1.4.2\module\r1_arm_example\lib\python3.8\site-packages\scipy\sparse\linalg\_propack\_zpropack.cpython-38-aarch64-linux-gnu.so,禁止的固件、压缩包、模型、共享库或抓包类型
_ckdtree.cpython-38-aarch64-linux-gnu.so,历史固件研究材料,858704,0.819,d0ae6d195e30c9bdaecbd432dfd930b6e34fd6ea32a2cd13597e9bfe35c42bd1,C:\zyh\work\宇树固件\real_unitree_r1_1.4.2\module\r1_arm_example\lib\python3.8\site-packages\scipy\spatial\_ckdtree.cpython-38-aarch64-linux-gnu.so,禁止的固件、压缩包、模型、共享库或抓包类型
_distance_pybind.cpython-38-aarch64-linux-gnu.so,历史固件研究材料,433832,0.414,9e5a7fc23491aa9d683156231225e3715001966365362984cb2727e64923da1b,C:\zyh\work\宇树固件\real_unitree_r1_1.4.2\module\r1_arm_example\lib\python3.8\site-packages\scipy\spatial\_distance_pybind.cpython-38-aarch64-linux-gnu.so,禁止的固件、压缩包、模型、共享库或抓包类型
_distance_wrap.cpython-38-aarch64-linux-gnu.so,历史固件研究材料,142584,0.136,d9918a21d50747624e4dc30c8e54afa237dd8a2acec8984715b4460dca71ac00,C:\zyh\work\宇树固件\real_unitree_r1_1.4.2\module\r1_arm_example\lib\python3.8\site-packages\scipy\spatial\_distance_wrap.cpython-38-aarch64-linux-gnu.so,禁止的固件、压缩包、模型、共享库或抓包类型
_hausdorff.cpython-38-aarch64-linux-gnu.so,历史固件研究材料,243616,0.232,c752076a5a934576695bdccd398c2535e8614ed9d5b329528ad4dc748e1f64fa,C:\zyh\work\宇树固件\real_unitree_r1_1.4.2\module\r1_arm_example\lib\python3.8\site-packages\scipy\spatial\_hausdorff.cpython-38-aarch64-linux-gnu.so,禁止的固件、压缩包、模型、共享库或抓包类型
_qhull.cpython-38-aarch64-linux-gnu.so,历史固件研究材料,1184049,1.129,a16bc8536ec66e96072dc01bd8bf35fff6700440217959e8347d59d564ebfb9e,C:\zyh\work\宇树固件\real_unitree_r1_1.4.2\module\r1_arm_example\lib\python3.8\site-packages\scipy\spatial\_qhull.cpython-38-aarch64-linux-gnu.so,禁止的固件、压缩包、模型、共享库或抓包类型
_voronoi.cpython-38-aarch64-linux-gnu.so,历史固件研究材料,242584,0.231,f9ae26f79433d7256537af08d24994e0f566385cf2ba646e46dcf0b0a59774c5,C:\zyh\work\宇树固件\real_unitree_r1_1.4.2\module\r1_arm_example\lib\python3.8\site-packages\scipy\spatial\_voronoi.cpython-38-aarch64-linux-gnu.so,禁止的固件、压缩包、模型、共享库或抓包类型
_rotation.cpython-38-aarch64-linux-gnu.so,历史固件研究材料,681448,0.650,239f79ec9bc2db26b19408281ea7e21d3dd758c5b3168a0dd0a85c23402bf0b6,C:\zyh\work\宇树固件\real_unitree_r1_1.4.2\module\r1_arm_example\lib\python3.8\site-packages\scipy\spatial\transform\_rotation.cpython-38-aarch64-linux-gnu.so,禁止的固件、压缩包、模型、共享库或抓包类型
_comb.cpython-38-aarch64-linux-gnu.so,历史固件研究材料,78336,0.075,9d4c70a2b8320e8ceb9cc6f5479ea578fe7ee2c73921cd236dc708254d7f38de,C:\zyh\work\宇树固件\real_unitree_r1_1.4.2\module\r1_arm_example\lib\python3.8\site-packages\scipy\special\_comb.cpython-38-aarch64-linux-gnu.so,禁止的固件、压缩包、模型、共享库或抓包类型
_ellip_harm_2.cpython-38-aarch64-linux-gnu.so,历史固件研究材料,199137,0.190,eb9dfc7693e399847455160f89d12bb92d4e131c86c254ab9e29a238e30cfd7d,C:\zyh\work\宇树固件\real_unitree_r1_1.4.2\module\r1_arm_example\lib\python3.8\site-packages\scipy\special\_ellip_harm_2.cpython-38-aarch64-linux-gnu.so,禁止的固件、压缩包、模型、共享库或抓包类型
_specfun.cpython-38-aarch64-linux-gnu.so,历史固件研究材料,460665,0.439,0b1e6de32b65d850619e86febd3722fc478bb7fd8de824c4b130538a3fcb4e11,C:\zyh\work\宇树固件\real_unitree_r1_1.4.2\module\r1_arm_example\lib\python3.8\site-packages\scipy\special\_specfun.cpython-38-aarch64-linux-gnu.so,禁止的固件、压缩包、模型、共享库或抓包类型
_test_internal.cpython-38-aarch64-linux-gnu.so,历史固件研究材料,247992,0.237,e5a7e33ebcf836cf4dde1946b0cf4bf4aa728027a8624a2df3850d88bc7204b4,C:\zyh\work\宇树固件\real_unitree_r1_1.4.2\module\r1_arm_example\lib\python3.8\site-packages\scipy\special\_test_internal.cpython-38-aarch64-linux-gnu.so,禁止的固件、压缩包、模型、共享库或抓包类型
_ufuncs.cpython-38-aarch64-linux-gnu.so,历史固件研究材料,1773617,1.691,95700b7be889a3b37332fc8a2ef1386fde485cfe7977fda792c2fde74f02b846,C:\zyh\work\宇树固件\real_unitree_r1_1.4.2\module\r1_arm_example\lib\python3.8\site-packages\scipy\special\_ufuncs.cpython-38-aarch64-linux-gnu.so,禁止的固件、压缩包、模型、共享库或抓包类型
_ufuncs_cxx.cpython-38-aarch64-linux-gnu.so,历史固件研究材料,470056,0.448,059c12229d28d6fc9b351b4bc87ed34d988eb1a57b374866ccb05c76c1af0244,C:\zyh\work\宇树固件\real_unitree_r1_1.4.2\module\r1_arm_example\lib\python3.8\site-packages\scipy\special\_ufuncs_cxx.cpython-38-aarch64-linux-gnu.so,禁止的固件、压缩包、模型、共享库或抓包类型
cython_special.cpython-38-aarch64-linux-gnu.so,历史固件研究材料,2494369,2.379,9c7bca004a8dd1b3d41eed949e8154bcb1c0ee9079d448b326f7ca49b91bb10f,C:\zyh\work\宇树固件\real_unitree_r1_1.4.2\module\r1_arm_example\lib\python3.8\site-packages\scipy\special\cython_special.cpython-38-aarch64-linux-gnu.so,禁止的固件、压缩包、模型、共享库或抓包类型
_biasedurn.cpython-38-aarch64-linux-gnu.so,历史固件研究材料,420656,0.401,b815a73334d45f4eefe79ec0147cdb65f29a06958a6345bf45e17886d80967a4,C:\zyh\work\宇树固件\real_unitree_r1_1.4.2\module\r1_arm_example\lib\python3.8\site-packages\scipy\stats\_biasedurn.cpython-38-aarch64-linux-gnu.so,禁止的固件、压缩包、模型、共享库或抓包类型
beta_ufunc.cpython-38-aarch64-linux-gnu.so,历史固件研究材料,477400,0.455,07753aacf0dcd35f2e9bccd0f1eb9a5221c25c2c087c6765e0ecdf6eea03c7d5,C:\zyh\work\宇树固件\real_unitree_r1_1.4.2\module\r1_arm_example\lib\python3.8\site-packages\scipy\stats\_boost\beta_ufunc.cpython-38-aarch64-linux-gnu.so,禁止的固件、压缩包、模型、共享库或抓包类型
binom_ufunc.cpython-38-aarch64-linux-gnu.so,历史固件研究材料,413144,0.394,9a72fbdd2f68a8e83b3fa009c7719e44cffbc2a139cc2575563d51b95f847ca3,C:\zyh\work\宇树固件\real_unitree_r1_1.4.2\module\r1_arm_example\lib\python3.8\site-packages\scipy\stats\_boost\binom_ufunc.cpython-38-aarch64-linux-gnu.so,禁止的固件、压缩包、模型、共享库或抓包类型
hypergeom_ufunc.cpython-38-aarch64-linux-gnu.so,历史固件研究材料,251096,0.239,58840bc4fd5aea5daab6dd7903917602f0ac5b83730b6e3debae136ac81c976c,C:\zyh\work\宇树固件\real_unitree_r1_1.4.2\module\r1_arm_example\lib\python3.8\site-packages\scipy\stats\_boost\hypergeom_ufunc.cpython-38-aarch64-linux-gnu.so,禁止的固件、压缩包、模型、共享库或抓包类型
invgauss_ufunc.cpython-38-aarch64-linux-gnu.so,历史固件研究材料,338136,0.322,0728a9b7451e9466e0007ad958023da72a94a0bc7fe62b8470648383f9229b23,C:\zyh\work\宇树固件\real_unitree_r1_1.4.2\module\r1_arm_example\lib\python3.8\site-packages\scipy\stats\_boost\invgauss_ufunc.cpython-38-aarch64-linux-gnu.so,禁止的固件、压缩包、模型、共享库或抓包类型
nbinom_ufunc.cpython-38-aarch64-linux-gnu.so,历史固件研究材料,413976,0.395,420209dddbf95a9e06d82e362165c5c23f77153e4b260abd714210289d803721,C:\zyh\work\宇树固件\real_unitree_r1_1.4.2\module\r1_arm_example\lib\python3.8\site-packages\scipy\stats\_boost\nbinom_ufunc.cpython-38-aarch64-linux-gnu.so,禁止的固件、压缩包、模型、共享库或抓包类型
ncf_ufunc.cpython-38-aarch64-linux-gnu.so,历史固件研究材料,335648,0.320,eb375a00557c95841981c9031cc7d9e7e2e55af1c5ec736b66f1ac77c2155f33,C:\zyh\work\宇树固件\real_unitree_r1_1.4.2\module\r1_arm_example\lib\python3.8\site-packages\scipy\stats\_boost\ncf_ufunc.cpython-38-aarch64-linux-gnu.so,禁止的固件、压缩包、模型、共享库或抓包类型
nct_ufunc.cpython-38-aarch64-linux-gnu.so,历史固件研究材料,483192,0.461,55c02b3ab2ee15f392084759b45d43629d136cd0fe212890fa6bb2a72f6eceee,C:\zyh\work\宇树固件\real_unitree_r1_1.4.2\module\r1_arm_example\lib\python3.8\site-packages\scipy\stats\_boost\nct_ufunc.cpython-38-aarch64-linux-gnu.so,禁止的固件、压缩包、模型、共享库或抓包类型
ncx2_ufunc.cpython-38-aarch64-linux-gnu.so,历史固件研究材料,407584,0.389,391163b26f6a35f4082fac880bc2f903f8cc8060c2029e873626e89e16688ae8,C:\zyh\work\宇树固件\real_unitree_r1_1.4.2\module\r1_arm_example\lib\python3.8\site-packages\scipy\stats\_boost\ncx2_ufunc.cpython-38-aarch64-linux-gnu.so,禁止的固件、压缩包、模型、共享库或抓包类型
skewnorm_ufunc.cpython-38-aarch64-linux-gnu.so,历史固件研究材料,359400,0.343,1fe131372c27394e1564b7bd847d36a33d9b854d1f94b0fa149951ece416fd69,C:\zyh\work\宇树固件\real_unitree_r1_1.4.2\module\r1_arm_example\lib\python3.8\site-packages\scipy\stats\_boost\skewnorm_ufunc.cpython-38-aarch64-linux-gnu.so,禁止的固件、压缩包、模型、共享库或抓包类型
levyst.cpython-38-aarch64-linux-gnu.so,历史固件研究材料,79904,0.076,1ae494e30ed10e480054b8e24815958a14ac49a1dc186572526c6399ee60bf16,C:\zyh\work\宇树固件\real_unitree_r1_1.4.2\module\r1_arm_example\lib\python3.8\site-packages\scipy\stats\_levy_stable\levyst.cpython-38-aarch64-linux-gnu.so,禁止的固件、压缩包、模型、共享库或抓包类型
_mvn.cpython-38-aarch64-linux-gnu.so,历史固件研究材料,80992,0.077,829263cf7238339a09dfb6a18119076b0dfffb279b5b4b004ae1fa3caa707f53,C:\zyh\work\宇树固件\real_unitree_r1_1.4.2\module\r1_arm_example\lib\python3.8\site-packages\scipy\stats\_mvn.cpython-38-aarch64-linux-gnu.so,禁止的固件、压缩包、模型、共享库或抓包类型
_qmc_cy.cpython-38-aarch64-linux-gnu.so,历史固件研究材料,259496,0.247,3d0007a983b8aa99e9f0584d07cdfb45507557ad9f8b32490d7a43cd2410aa93,C:\zyh\work\宇树固件\real_unitree_r1_1.4.2\module\r1_arm_example\lib\python3.8\site-packages\scipy\stats\_qmc_cy.cpython-38-aarch64-linux-gnu.so,禁止的固件、压缩包、模型、共享库或抓包类型
rcont.cpython-38-aarch64-linux-gnu.so,历史固件研究材料,386376,0.368,7c7b6bcfcdae312f034fcc1249305b087d1568112bf42256bcee054ff95c95d6,C:\zyh\work\宇树固件\real_unitree_r1_1.4.2\module\r1_arm_example\lib\python3.8\site-packages\scipy\stats\_rcont\rcont.cpython-38-aarch64-linux-gnu.so,禁止的固件、压缩包、模型、共享库或抓包类型
_sobol.cpython-38-aarch64-linux-gnu.so,历史固件研究材料,332000,0.317,30b30687e4bf9af0157212a3ad424330d6bf93ade2ee3076e07728b0d9e1edda,C:\zyh\work\宇树固件\real_unitree_r1_1.4.2\module\r1_arm_example\lib\python3.8\site-packages\scipy\stats\_sobol.cpython-38-aarch64-linux-gnu.so,禁止的固件、压缩包、模型、共享库或抓包类型
_statlib.cpython-38-aarch64-linux-gnu.so,历史固件研究材料,78744,0.075,4accd2a81bd862042e220bf33c17904e97307f086d3f0d9b65c043fbbe2a6e5b,C:\zyh\work\宇树固件\real_unitree_r1_1.4.2\module\r1_arm_example\lib\python3.8\site-packages\scipy\stats\_statlib.cpython-38-aarch64-linux-gnu.so,禁止的固件、压缩包、模型、共享库或抓包类型
_stats.cpython-38-aarch64-linux-gnu.so,历史固件研究材料,703552,0.671,462956eb558f3763bdd88fadb3c4d323ec32651fe1aa839b39ed93a7b1195db5,C:\zyh\work\宇树固件\real_unitree_r1_1.4.2\module\r1_arm_example\lib\python3.8\site-packages\scipy\stats\_stats.cpython-38-aarch64-linux-gnu.so,禁止的固件、压缩包、模型、共享库或抓包类型
_stats_pythran.cpython-38-aarch64-linux-gnu.so,历史固件研究材料,166472,0.159,6753e615efe3a7beca46f3223c073394e9eb2c6db0d5c5c796fa51048fa818f7,C:\zyh\work\宇树固件\real_unitree_r1_1.4.2\module\r1_arm_example\lib\python3.8\site-packages\scipy\stats\_stats_pythran.cpython-38-aarch64-linux-gnu.so,禁止的固件、压缩包、模型、共享库或抓包类型
unuran_wrapper.cpython-38-aarch64-linux-gnu.so,历史固件研究材料,1403464,1.338,4f6b85a10b4d4a7e3be7727226c8d1969f63b030fe8ca1168510e5420963fa2c,C:\zyh\work\宇树固件\real_unitree_r1_1.4.2\module\r1_arm_example\lib\python3.8\site-packages\scipy\stats\_unuran\unuran_wrapper.cpython-38-aarch64-linux-gnu.so,禁止的固件、压缩包、模型、共享库或抓包类型
libopenblasp-r0-dff490c2.3.18.so,历史固件研究材料,23401273,22.317,4c93ea099b2e32085bebea3aa514e46d11a5fae7c93a3f2e48bc491568fdaae7,C:\zyh\work\宇树固件\real_unitree_r1_1.4.2\module\r1_arm_example\lib\python3.8\site-packages\scipy.libs\libopenblasp-r0-dff490c2.3.18.so,禁止的固件、压缩包、模型、共享库或抓包类型
camera_ko.zip,历史固件研究材料,361103,0.344,ac6ed402cc798a2ef13dee00ac5036b22cfb8b8ef371e4ad71b3f70ef4177c71,C:\zyh\work\宇树固件\real_unitree_r1_1.4.2\module\r1_stereo_patch_pc1\camera_ko.zip,禁止的固件、压缩包、模型、共享库或抓包类型
client_server_transfer_full_img_y16.tar.gz,历史固件研究材料,29448,0.028,613b75cd10477efeb14ae46205a65d70c3eef41ce72d38a50d23747ecb8aa66e,C:\zyh\work\宇树固件\real_unitree_r1_1.4.2\module\r1_stereo_patch_pc1\client_server_transfer_full_img_y16.tar.gz,禁止的固件、压缩包、模型、共享库或抓包类型
libunitree_api__python.so,历史固件研究材料,27240,0.026,9a5762a25abd9ae70c4c7c26655b44f56832f3097cf33d2f31d0d426048db815,C:\zyh\work\宇树固件\real_unitree_r1_1.4.2\module\ros_bridge\lib\libunitree_api__python.so,禁止的固件、压缩包、模型、共享库或抓包类型
libunitree_api__rosidl_generator_c.so,历史固件研究材料,23360,0.022,60d4dc58f923461b3608188ec548def7adf4f0f01df34ad0abe023ebc1a5bd79,C:\zyh\work\宇树固件\real_unitree_r1_1.4.2\module\ros_bridge\lib\libunitree_api__rosidl_generator_c.so,禁止的固件、压缩包、模型、共享库或抓包类型
libunitree_api__rosidl_typesupport_c.so,历史固件研究材料,14768,0.014,3e6ecc1bb2f7c6be4a55c9a801eabc20ffce7fed8ac33d49ad280afc6f28b5de,C:\zyh\work\宇树固件\real_unitree_r1_1.4.2\module\ros_bridge\lib\libunitree_api__rosidl_typesupport_c.so,禁止的固件、压缩包、模型、共享库或抓包类型
libunitree_api__rosidl_typesupport_cpp.so,历史固件研究材料,15600,0.015,c638ced7478f09fd1a38fd77bf2c2a9be295af82c93faef848c2981e00f8c1de,C:\zyh\work\宇树固件\real_unitree_r1_1.4.2\module\ros_bridge\lib\libunitree_api__rosidl_typesupport_cpp.so,禁止的固件、压缩包、模型、共享库或抓包类型
libunitree_api__rosidl_typesupport_fastrtps_c.so,历史固件研究材料,26944,0.026,ff3e904ce0b1e7c23aaa620eb718f3793202773a5566d3ddb45a6365f6bb35a2,C:\zyh\work\宇树固件\real_unitree_r1_1.4.2\module\ros_bridge\lib\libunitree_api__rosidl_typesupport_fastrtps_c.so,禁止的固件、压缩包、模型、共享库或抓包类型
libunitree_api__rosidl_typesupport_fastrtps_cpp.so,历史固件研究材料,51952,0.050,a87b7dba7b63ff1966979c5cbcfa1c3ee42f58572ac1e11448d4f6ae194988f2,C:\zyh\work\宇树固件\real_unitree_r1_1.4.2\module\ros_bridge\lib\libunitree_api__rosidl_typesupport_fastrtps_cpp.so,禁止的固件、压缩包、模型、共享库或抓包类型
libunitree_api__rosidl_typesupport_introspection_c.so,历史固件研究材料,15432,0.015,8dc1ba370b787b7b5191270aed7e3721a2ffc6c13829ee332c81687a91e76e7b,C:\zyh\work\宇树固件\real_unitree_r1_1.4.2\module\ros_bridge\lib\libunitree_api__rosidl_typesupport_introspection_c.so,禁止的固件、压缩包、模型、共享库或抓包类型
libunitree_api__rosidl_typesupport_introspection_cpp.so,历史固件研究材料,48392,0.046,afddef45ffe483e8b32a28eaa283918adc6e0144ab91c47de0bcc8e7fe32107e,C:\zyh\work\宇树固件\real_unitree_r1_1.4.2\module\ros_bridge\lib\libunitree_api__rosidl_typesupport_introspection_cpp.so,禁止的固件、压缩包、模型、共享库或抓包类型
model.int8.onnx,历史固件研究材料,239233841,228.151,c71f0ce00bec95b07744e116345e33d8cbbe08cef896382cf907bf4b51a2cd51,C:\zyh\work\宇树固件\real_unitree_r1_1.4.2\module\vui_module\asr\model.int8.onnx,超过 50 MiB；禁止的固件、压缩包、模型、共享库或抓包类型
model.onnx,历史固件研究材料,75624187,72.121,afcf35609e5698e8a06bd30482ac1e47dfbbb9003d10a2eb837541b42572ff02,C:\zyh\work\宇树固件\real_unitree_r1_1.4.2\module\vui_module\tts\cn\model.onnx,超过 50 MiB；禁止的固件、压缩包、模型、共享库或抓包类型
model.onnx,历史固件研究材料,74157256,70.722,ba8165023b812e9e36ce0242d471741a64a77e7c8e6c9af1335da20001d65197,C:\zyh\work\宇树固件\real_unitree_r1_1.4.2\module\vui_module\tts\en\model.onnx,超过 50 MiB；禁止的固件、压缩包、模型、共享库或抓包类型
hifigan_v2.onnx,历史固件研究材料,3749714,3.576,a41d404cce7924493540238da5b30a4bc14b6ddaf1a37f3c79fa4f59548c19f0,C:\zyh\work\宇树固件\real_unitree_r1_1.4.2\module\vui_module\tts\hifigan_v2.onnx,禁止的固件、压缩包、模型、共享库或抓包类型
vad.onnx,历史固件研究材料,1807522,1.724,a35ebf52fd3ce5f1469b2a36158dba761bc47b973ea3382b3186ca15b1f5af28,C:\zyh\work\宇树固件\real_unitree_r1_1.4.2\module\vui_module\vad.onnx,禁止的固件、压缩包、模型、共享库或抓包类型
librkaudio_vqe.so,历史固件研究材料,8851392,8.441,9b78095b74b9e952d74032db1d995b0f143a5766b60e698f386b9967396443db,C:\zyh\work\宇树固件\real_unitree_r1_1.4.2\module\vui_service\deps\rkap\librkaudio_vqe.so,禁止的固件、压缩包、模型、共享库或抓包类型
librkauth_tool.so,历史固件研究材料,665032,0.634,1c6ddbc5ba931f151991f4ecc6edc3c7d1ff60917a4c1f00e93fee6d256363ff,C:\zyh\work\宇树固件\real_unitree_r1_1.4.2\module\vui_service\deps\rkap\librkauth_tool.so,禁止的固件、压缩包、模型、共享库或抓包类型
librknnrt.so,历史固件研究材料,7726232,7.368,d31fc19c85b85f6091b2bd0f6af9d962d5264a4e410bfb536402ec92bac738e8,C:\zyh\work\宇树固件\real_unitree_r1_1.4.2\module\vui_service\deps\rkap\librknnrt.so,禁止的固件、压缩包、模型、共享库或抓包类型
model4.bin,历史固件研究材料,4298644,4.100,e14947d46625c8a9c1c19a60ce17149776b7f445be37aac2f141c1c42fd3ddbc,C:\zyh\work\宇树固件\real_unitree_r1_1.4.2\module\vui_service\deps\rkap\model4.bin,禁止的固件、压缩包、模型、共享库或抓包类型
model5.bin,历史固件研究材料,704268,0.672,8207a82dbcfdfc638f15db17ad1eff8ec0e3119bddc79b19c03de22d423ec917,C:\zyh\work\宇树固件\real_unitree_r1_1.4.2\module\vui_service\deps\rkap\model5.bin,禁止的固件、压缩包、模型、共享库或抓包类型
model6.bin,历史固件研究材料,255496,0.244,ee6ffcc381218f1fc4afad2dba979b389f0c648fe47f256b1e3f1eea767baa69,C:\zyh\work\宇树固件\real_unitree_r1_1.4.2\module\vui_service\deps\rkap\model6.bin,禁止的固件、压缩包、模型、共享库或抓包类型
rkeqdrc_para_ai_16000_1ch_16bit.bin,历史固件研究材料,2176,0.002,ec9b3f09f8eee93358ddf48c4001bd9df124948d08a799c4144adb6039ad7979,C:\zyh\work\宇树固件\real_unitree_r1_1.4.2\module\vui_service\deps\rkap\rkeqdrc_para_ai_16000_1ch_16bit.bin,禁止的固件、压缩包、模型、共享库或抓包类型
libaudioprocess_limiter.so,历史固件研究材料,241056,0.230,25c96f0bad9141cec9628740aa2da558846ea981874d1332a995c89b52ccbacd,C:\zyh\work\宇树固件\real_unitree_r1_1.4.2\module\vui_service\deps\unitreeap\libaudioprocess_limiter.so,禁止的固件、压缩包、模型、共享库或抓包类型
module.zip,历史固件研究材料,706725130,673.986,909ec258ea9a4debae5eab6a79aff49112c701b244064273002142ad331dee4c,C:\zyh\work\宇树固件\real_unitree_r1_1.4.2\module.zip,超过 50 MiB；禁止的固件、压缩包、模型、共享库或抓包类型
libaccess_alsa_plugin.so,历史固件研究材料,18440,0.018,2b5700f58b2ab3088af67759dda59a26fc9f43ac4c10fd77f3a166cbc8358db5,C:\zyh\work\宇树固件\real_unitree_r1_1.4.2\opt\lib\vlc\plugins\access\libaccess_alsa_plugin.so,禁止的固件、压缩包、模型、共享库或抓包类型
libaccess_concat_plugin.so,历史固件研究材料,14264,0.014,058aa95d1e0ad42cf764cfc8d1290ae00303f2da2ed7921af35a95b719de5582,C:\zyh\work\宇树固件\real_unitree_r1_1.4.2\opt\lib\vlc\plugins\access\libaccess_concat_plugin.so,禁止的固件、压缩包、模型、共享库或抓包类型
libaccess_imem_plugin.so,历史固件研究材料,18488,0.018,7838ca65730328533f86104e821a4c7612bd8dacd2d7dba028639944e41ea708,C:\zyh\work\宇树固件\real_unitree_r1_1.4.2\opt\lib\vlc\plugins\access\libaccess_imem_plugin.so,禁止的固件、压缩包、模型、共享库或抓包类型
libaccess_mms_plugin.so,历史固件研究材料,51160,0.049,10c938aee8eb21003e347396cdbedc249c8081fbad942a9b475775337a21650f,C:\zyh\work\宇树固件\real_unitree_r1_1.4.2\opt\lib\vlc\plugins\access\libaccess_mms_plugin.so,禁止的固件、压缩包、模型、共享库或抓包类型
libaccess_mtp_plugin.so,历史固件研究材料,10168,0.010,b35fc7093c5e127e6e3353180e0d1f75ac275b321dfba3954a32ab0556dcc7b9,C:\zyh\work\宇树固件\real_unitree_r1_1.4.2\opt\lib\vlc\plugins\access\libaccess_mtp_plugin.so,禁止的固件、压缩包、模型、共享库或抓包类型
libaccess_realrtsp_plugin.so,历史固件研究材料,55248,0.053,dd338baf03f07b9d8e708543ab9a1041096218ff317fbfbd3cafd7587d34ea8f,C:\zyh\work\宇树固件\real_unitree_r1_1.4.2\opt\lib\vlc\plugins\access\libaccess_realrtsp_plugin.so,禁止的固件、压缩包、模型、共享库或抓包类型
libattachment_plugin.so,历史固件研究材料,10168,0.010,48b7b0616dbe4e5ab126871aeb97d537581ce6608bf4b43a66f9550c4ebeacbe,C:\zyh\work\宇树固件\real_unitree_r1_1.4.2\opt\lib\vlc\plugins\access\libattachment_plugin.so,禁止的固件、压缩包、模型、共享库或抓包类型
libavio_plugin.so,历史固件研究材料,14400,0.014,63421f00c9da27b218770e9a3f08ab6b07366705e2b1c6d21fecad411e647443,C:\zyh\work\宇树固件\real_unitree_r1_1.4.2\opt\lib\vlc\plugins\access\libavio_plugin.so,禁止的固件、压缩包、模型、共享库或抓包类型
libcdda_plugin.so,历史固件研究材料,30648,0.029,1507fe048c5a53b691496ca91eaef1c2621cce26bec4be3c5901cd9541f81eb7,C:\zyh\work\宇树固件\real_unitree_r1_1.4.2\opt\lib\vlc\plugins\access\libcdda_plugin.so,禁止的固件、压缩包、模型、共享库或抓包类型
libdc1394_plugin.so,历史固件研究材料,18360,0.018,e73b6834f196c9bebf789236e5748fdf22a1cf88dbe5e3922e31153987163585,C:\zyh\work\宇树固件\real_unitree_r1_1.4.2\opt\lib\vlc\plugins\access\libdc1394_plugin.so,禁止的固件、压缩包、模型、共享库或抓包类型
libdtv_plugin.so,历史固件研究材料,84104,0.080,3b764f2c01701258d6ed272fa6e98dda5770d561585f43fecc8d336c21457940,C:\zyh\work\宇树固件\real_unitree_r1_1.4.2\opt\lib\vlc\plugins\access\libdtv_plugin.so,禁止的固件、压缩包、模型、共享库或抓包类型
libdv1394_plugin.so,历史固件研究材料,14264,0.014,24233732ee2aebec1b437d822f5a2fea205e31d010f4dcccdf9464662e7602ae,C:\zyh\work\宇树固件\real_unitree_r1_1.4.2\opt\lib\vlc\plugins\access\libdv1394_plugin.so,禁止的固件、压缩包、模型、共享库或抓包类型
libdvb_plugin.so,历史固件研究材料,79864,0.076,cee1060f1132a218de84e131e5c194b5b4bd4e0a9831040d6a00f0f300d674b3,C:\zyh\work\宇树固件\real_unitree_r1_1.4.2\opt\lib\vlc\plugins\access\libdvb_plugin.so,禁止的固件、压缩包、模型、共享库或抓包类型
libdvdnav_plugin.so,历史固件研究材料,51256,0.049,e47ab0269dea35e559c67cfc21aac7ac6239d8c1786a57d42d010b19feddb1a7,C:\zyh\work\宇树固件\real_unitree_r1_1.4.2\opt\lib\vlc\plugins\access\libdvdnav_plugin.so,禁止的固件、压缩包、模型、共享库或抓包类型
libdvdread_plugin.so,历史固件研究材料,30672,0.029,b1c0333e56ed047a6c061c486bc0696bc45ab2a2f9c9b2a2b5f90c6259c0ec59,C:\zyh\work\宇树固件\real_unitree_r1_1.4.2\opt\lib\vlc\plugins\access\libdvdread_plugin.so,禁止的固件、压缩包、模型、共享库或抓包类型
libfilesystem_plugin.so,历史固件研究材料,14288,0.014,bd3a497a2ddc75f9f7ea0a87ee951b0b21becb156e33a2cdb06d98595d77677e,C:\zyh\work\宇树固件\real_unitree_r1_1.4.2\opt\lib\vlc\plugins\access\libfilesystem_plugin.so,禁止的固件、压缩包、模型、共享库或抓包类型
libftp_plugin.so,历史固件研究材料,38864,0.037,14f887dc48f17db2a864b41b29a2e5134d6cca8a25886b3b98ca7197170d8d4c,C:\zyh\work\宇树固件\real_unitree_r1_1.4.2\opt\lib\vlc\plugins\access\libftp_plugin.so,禁止的固件、压缩包、模型、共享库或抓包类型
libhttp_plugin.so,历史固件研究材料,22488,0.021,49fb4d9d1a081293a0bed1a15c7632c546dc1961e9415bc7414b7b868cf22f75,C:\zyh\work\宇树固件\real_unitree_r1_1.4.2\opt\lib\vlc\plugins\access\libhttp_plugin.so,禁止的固件、压缩包、模型、共享库或抓包类型
libhttps_plugin.so,历史固件研究材料,79952,0.076,6ff738c65548d1630255efe77130199109aa9b1daf42dbf49ee80a105b5a0b4e,C:\zyh\work\宇树固件\real_unitree_r1_1.4.2\opt\lib\vlc\plugins\access\libhttps_plugin.so,禁止的固件、压缩包、模型、共享库或抓包类型
libidummy_plugin.so,历史固件研究材料,10168,0.010,da664c041983e23d18fc4f72f7bc1dbcc1d89714856c16e611faf2e4f32fa515,C:\zyh\work\宇树固件\real_unitree_r1_1.4.2\opt\lib\vlc\plugins\access\libidummy_plugin.so,禁止的固件、压缩包、模型、共享库或抓包类型
libimem_plugin.so,历史固件研究材料,10168,0.010,66daa9ccede1d8666250bdcb265021125ba649789eacdd23ffe593f4dedefc14,C:\zyh\work\宇树固件\real_unitree_r1_1.4.2\opt\lib\vlc\plugins\access\libimem_plugin.so,禁止的固件、压缩包、模型、共享库或抓包类型
liblibbluray_plugin.so,历史固件研究材料,71688,0.068,8a6b3f3ce5cb5790cf2655d4ca6ae273ddbc22d2e525547db3be29df95e606a8,C:\zyh\work\宇树固件\real_unitree_r1_1.4.2\opt\lib\vlc\plugins\access\liblibbluray_plugin.so,禁止的固件、压缩包、模型、共享库或抓包类型
liblinsys_hdsdi_plugin.so,历史固件研究材料,26552,0.025,c8595415c8a06e7a3524a4f28440093dee106bb87ee8b1f5796d6735fb9bb670,C:\zyh\work\宇树固件\real_unitree_r1_1.4.2\opt\lib\vlc\plugins\access\liblinsys_hdsdi_plugin.so,禁止的固件、压缩包、模型、共享库或抓包类型
liblinsys_sdi_plugin.so,历史固件研究材料,30648,0.029,8c117b799e31bb24672805c21a3010641c65b5a7ca431fc8dd433889f37e1e17,C:\zyh\work\宇树固件\real_unitree_r1_1.4.2\opt\lib\vlc\plugins\access\liblinsys_sdi_plugin.so,禁止的固件、压缩包、模型、共享库或抓包类型
liblive555_plugin.so,历史固件研究材料,55424,0.053,9a77b85d12fd78a73fe164e84168f837683418efc8dc1135e3f840622e51f555,C:\zyh\work\宇树固件\real_unitree_r1_1.4.2\opt\lib\vlc\plugins\access\liblive555_plugin.so,禁止的固件、压缩包、模型、共享库或抓包类型
libnfs_plugin.so,历史固件研究材料,22456,0.021,8f8d30c730a76f0edde9af0327c275a6ab57821f44860127aaca7d78ae15ed78,C:\zyh\work\宇树固件\real_unitree_r1_1.4.2\opt\lib\vlc\plugins\access\libnfs_plugin.so,禁止的固件、压缩包、模型、共享库或抓包类型
libpulsesrc_plugin.so,历史固件研究材料,14288,0.014,93b728decc235aea5a8ee597f4a8b383907dc1659af6130ddbe326f4c2b702f6,C:\zyh\work\宇树固件\real_unitree_r1_1.4.2\opt\lib\vlc\plugins\access\libpulsesrc_plugin.so,禁止的固件、压缩包、模型、共享库或抓包类型
librtp_plugin.so,历史固件研究材料,43048,0.041,54389caba9709ce3070700484e75a2d45c4a6e1f518f137f2cf96980f75d6dc4,C:\zyh\work\宇树固件\real_unitree_r1_1.4.2\opt\lib\vlc\plugins\access\librtp_plugin.so,禁止的固件、压缩包、模型、共享库或抓包类型
libsatip_plugin.so,历史固件研究材料,22456,0.021,3177f2f0d1c0fa2de184d45a5f29f1ca2535a9957b6840271d0837aa7f259b7d,C:\zyh\work\宇树固件\real_unitree_r1_1.4.2\opt\lib\vlc\plugins\access\libsatip_plugin.so,禁止的固件、压缩包、模型、共享库或抓包类型
libsdp_plugin.so,历史固件研究材料,10168,0.010,66298ea81997c8aae82a40ee1986c7fbf5f68e50f9856fc4b9eb9b6764aef8ce,C:\zyh\work\宇树固件\real_unitree_r1_1.4.2\opt\lib\vlc\plugins\access\libsdp_plugin.so,禁止的固件、压缩包、模型、共享库或抓包类型
libsftp_plugin.so,历史固件研究材料,18360,0.018,4b910ba95c82e2b0e6051c615ba562f185c57df4271e7ef59529cbfb23e8c9b0,C:\zyh\work\宇树固件\real_unitree_r1_1.4.2\opt\lib\vlc\plugins\access\libsftp_plugin.so,禁止的固件、压缩包、模型、共享库或抓包类型
libshm_plugin.so,历史固件研究材料,14344,0.014,a1cc1a7feb9421bdf5a586938c320b600b394683f0b5abec4ab81c37906cacf0,C:\zyh\work\宇树固件\real_unitree_r1_1.4.2\opt\lib\vlc\plugins\access\libshm_plugin.so,禁止的固件、压缩包、模型、共享库或抓包类型
libsmb_plugin.so,历史固件研究材料,14104,0.013,cae1b6b85c2e3aac8e81c095f3c2e0be3b4544f1a35af4c46545eebe952378c6,C:\zyh\work\宇树固件\real_unitree_r1_1.4.2\opt\lib\vlc\plugins\access\libsmb_plugin.so,禁止的固件、压缩包、模型、共享库或抓包类型
libtcp_plugin.so,历史固件研究材料,10168,0.010,f154027e1873db21999ea98f30b3e62e609437045bcc7e88838557d043573ce7,C:\zyh\work\宇树固件\real_unitree_r1_1.4.2\opt\lib\vlc\plugins\access\libtcp_plugin.so,禁止的固件、压缩包、模型、共享库或抓包类型
libtimecode_plugin.so,历史固件研究材料,10248,0.010,74e62fda406a85f96daa00b82639143ae845754aef0aa665184949ff8c7fe7a2,C:\zyh\work\宇树固件\real_unitree_r1_1.4.2\opt\lib\vlc\plugins\access\libtimecode_plugin.so,禁止的固件、压缩包、模型、共享库或抓包类型
libudp_plugin.so,历史固件研究材料,10200,0.010,a9047953ea3a4aca28257b394d16fad710cba1be2e015e53b12039af02827b99,C:\zyh\work\宇树固件\real_unitree_r1_1.4.2\opt\lib\vlc\plugins\access\libudp_plugin.so,禁止的固件、压缩包、模型、共享库或抓包类型
libv4l2_plugin.so,历史固件研究材料,71760,0.068,521a49e7a967cc78b3ed67b5fe6aabaaae0d77a5d495b909e33518bafd29232f,C:\zyh\work\宇树固件\real_unitree_r1_1.4.2\opt\lib\vlc\plugins\access\libv4l2_plugin.so,禁止的固件、压缩包、模型、共享库或抓包类型
libvcd_plugin.so,历史固件研究材料,22456,0.021,8f8a201cfd427d495e005b175dc31c085b1cb71a9af68f20a28a0f1ab2c9a420,C:\zyh\work\宇树固件\real_unitree_r1_1.4.2\opt\lib\vlc\plugins\access\libvcd_plugin.so,禁止的固件、压缩包、模型、共享库或抓包类型
libvdr_plugin.so,历史固件研究材料,22456,0.021,4cb63769040eccb42d1c9a2a1ad31d08b5d821518a5edbcc9172a73358d7544b,C:\zyh\work\宇树固件\real_unitree_r1_1.4.2\opt\lib\vlc\plugins\access\libvdr_plugin.so,禁止的固件、压缩包、模型、共享库或抓包类型
libaccess_output_dummy_plugin.so,历史固件研究材料,6072,0.006,2517187db4e03b352e44bc7c5883c755777e2323607b6844bde1277f8657a919,C:\zyh\work\宇树固件\real_unitree_r1_1.4.2\opt\lib\vlc\plugins\access_output\libaccess_output_dummy_plugin.so,禁止的固件、压缩包、模型、共享库或抓包类型
libaccess_output_file_plugin.so,历史固件研究材料,14368,0.014,9beefd4be2dbdef72389b2401cff50e0dca41a783f190ff06e47a832d4defae9,C:\zyh\work\宇树固件\real_unitree_r1_1.4.2\opt\lib\vlc\plugins\access_output\libaccess_output_file_plugin.so,禁止的固件、压缩包、模型、共享库或抓包类型
libaccess_output_http_plugin.so,历史固件研究材料,14368,0.014,6dfbb18f9ddea0ed6dfb75a71a4e03d82ab94e47ab31d105cda80ec058a5d210,C:\zyh\work\宇树固件\real_unitree_r1_1.4.2\opt\lib\vlc\plugins\access_output\libaccess_output_http_plugin.so,禁止的固件、压缩包、模型、共享库或抓包类型
libaccess_output_livehttp_plugin.so,历史固件研究材料,26632,0.025,f68f6b0fb68b673441f9698afac67ed7229475d38664bc84b605439c0e0aeae2,C:\zyh\work\宇树固件\real_unitree_r1_1.4.2\opt\lib\vlc\plugins\access_output\libaccess_output_livehttp_plugin.so,禁止的固件、压缩包、模型、共享库或抓包类型
libaccess_output_shout_plugin.so,历史固件研究材料,18440,0.018,9b5c90255d1ada8708f59b3a8f1c0df975818041f357fde237bae9fa96166759,C:\zyh\work\宇树固件\real_unitree_r1_1.4.2\opt\lib\vlc\plugins\access_output\libaccess_output_shout_plugin.so,禁止的固件、压缩包、模型、共享库或抓包类型
libaccess_output_srt_plugin.so,历史固件研究材料,14344,0.014,c2f82b4050755e814aa5a40ba57596087d0ce17ca87f9fa0a9ab4db30a18319f,C:\zyh\work\宇树固件\real_unitree_r1_1.4.2\opt\lib\vlc\plugins\access_output\libaccess_output_srt_plugin.so,禁止的固件、压缩包、模型、共享库或抓包类型
libaccess_output_udp_plugin.so,历史固件研究材料,14344,0.014,b0129b0b12412e5ca676c6faf08acc8dbe435801de220ca39bd886d903af744b,C:\zyh\work\宇树固件\real_unitree_r1_1.4.2\opt\lib\vlc\plugins\access_output\libaccess_output_udp_plugin.so,禁止的固件、压缩包、模型、共享库或抓包类型
libaudio_format_plugin.so,历史固件研究材料,26632,0.025,906ec367497ff9d09cac582d1b8ddc203de6bb690725d1db43ccbd592bb1edbe,C:\zyh\work\宇树固件\real_unitree_r1_1.4.2\opt\lib\vlc\plugins\audio_filter\libaudio_format_plugin.so,禁止的固件、压缩包、模型、共享库或抓包类型
libaudiobargraph_a_plugin.so,历史固件研究材料,14344,0.014,74656cbec3e7a7c1b88d16c651cea25e8bde81467967a034d95e117ccce12951,C:\zyh\work\宇树固件\real_unitree_r1_1.4.2\opt\lib\vlc\plugins\audio_filter\libaudiobargraph_a_plugin.so,禁止的固件、压缩包、模型、共享库或抓包类型
libchorus_flanger_plugin.so,历史固件研究材料,14264,0.014,b66b19dc69dc34c184bcd0cb3d7c1b05979a5e6e26e8e9fa7fbf6976315e457d,C:\zyh\work\宇树固件\real_unitree_r1_1.4.2\opt\lib\vlc\plugins\audio_filter\libchorus_flanger_plugin.so,禁止的固件、压缩包、模型、共享库或抓包类型
libcompressor_plugin.so,历史固件研究材料,18360,0.018,ff54e70f9e144aa8bee823bbac0bade9ce9a8da0e236c11d8b2fefdbea7ce52a,C:\zyh\work\宇树固件\real_unitree_r1_1.4.2\opt\lib\vlc\plugins\audio_filter\libcompressor_plugin.so,禁止的固件、压缩包、模型、共享库或抓包类型
libdolby_surround_decoder_plugin.so,历史固件研究材料,10168,0.010,e5dce8c19312c2e615c09f63b5eb3ffe70df35fbe1ac34367622d0fdc91114da,C:\zyh\work\宇树固件\real_unitree_r1_1.4.2\opt\lib\vlc\plugins\audio_filter\libdolby_surround_decoder_plugin.so,禁止的固件、压缩包、模型、共享库或抓包类型
libequalizer_plugin.so,历史固件研究材料,22536,0.021,2197485c3cbbc36bf27b859f5dee7ee6d03a396b35481d811241149fddf24103,C:\zyh\work\宇树固件\real_unitree_r1_1.4.2\opt\lib\vlc\plugins\audio_filter\libequalizer_plugin.so,禁止的固件、压缩包、模型、共享库或抓包类型
libgain_plugin.so,历史固件研究材料,10168,0.010,0ca82078d2a0a3b9d1f881fc3154888991a2f8078745249fb27e8608dc29b340,C:\zyh\work\宇树固件\real_unitree_r1_1.4.2\opt\lib\vlc\plugins\audio_filter\libgain_plugin.so,禁止的固件、压缩包、模型、共享库或抓包类型
libheadphone_channel_mixer_plugin.so,历史固件研究材料,14264,0.014,5d76fd9de71672c803fa3ed4ea11690fbd41a1148488ec0e49adb266df7affd9,C:\zyh\work\宇树固件\real_unitree_r1_1.4.2\opt\lib\vlc\plugins\audio_filter\libheadphone_channel_mixer_plugin.so,禁止的固件、压缩包、模型、共享库或抓包类型
libkaraoke_plugin.so,历史固件研究材料,10168,0.010,c5040fe9c162df175171fa6de4fb3bd64249ab82d7f8a4f7002c5c3c3da92570,C:\zyh\work\宇树固件\real_unitree_r1_1.4.2\opt\lib\vlc\plugins\audio_filter\libkaraoke_plugin.so,禁止的固件、压缩包、模型、共享库或抓包类型
libmad_plugin.so,历史固件研究材料,10168,0.010,305dd5104130fa6bc97e62b5808da78b6ff20ae9bd33b3c526c4f7f26314d7b3,C:\zyh\work\宇树固件\real_unitree_r1_1.4.2\opt\lib\vlc\plugins\audio_filter\libmad_plugin.so,禁止的固件、压缩包、模型、共享库或抓包类型
libmono_plugin.so,历史固件研究材料,18440,0.018,5067bc692ec5331e7620fca4fc4f230556149a2c0235838b256ba810d0644e73,C:\zyh\work\宇树固件\real_unitree_r1_1.4.2\opt\lib\vlc\plugins\audio_filter\libmono_plugin.so,禁止的固件、压缩包、模型、共享库或抓包类型
libnormvol_plugin.so,历史固件研究材料,10168,0.010,b26154971fe5a1d109eb96fcbffbb91e81225e4617633aa745484d341a5b9374,C:\zyh\work\宇树固件\real_unitree_r1_1.4.2\opt\lib\vlc\plugins\audio_filter\libnormvol_plugin.so,禁止的固件、压缩包、模型、共享库或抓包类型
libparam_eq_plugin.so,历史固件研究材料,14264,0.014,5db48dbf6350195917892dd899e9b5010c1ae8eecc45e4a06bd7757bdaa26ae1,C:\zyh\work\宇树固件\real_unitree_r1_1.4.2\opt\lib\vlc\plugins\audio_filter\libparam_eq_plugin.so,禁止的固件、压缩包、模型、共享库或抓包类型
libremap_plugin.so,历史固件研究材料,18440,0.018,ee65bb81ea51f62ce1421a52265c95bf57574b0896a42e8cd2d46616d02ac79c,C:\zyh\work\宇树固件\real_unitree_r1_1.4.2\opt\lib\vlc\plugins\audio_filter\libremap_plugin.so,禁止的固件、压缩包、模型、共享库或抓包类型
libsamplerate_plugin.so,历史固件研究材料,10248,0.010,05e8683e8cca8854ff731e476bd3cc99f8551b4afc3428ab0c81546aeb392e29,C:\zyh\work\宇树固件\real_unitree_r1_1.4.2\opt\lib\vlc\plugins\audio_filter\libsamplerate_plugin.so,禁止的固件、压缩包、模型、共享库或抓包类型
libscaletempo_pitch_plugin.so,历史固件研究材料,18360,0.018,ebb46cb8fc4d75510407f8d632068dacaf3305e0aca075c2f2264b7a7c458088,C:\zyh\work\宇树固件\real_unitree_r1_1.4.2\opt\lib\vlc\plugins\audio_filter\libscaletempo_pitch_plugin.so,禁止的固件、压缩包、模型、共享库或抓包类型
libscaletempo_plugin.so,历史固件研究材料,14264,0.014,e9e870d9096d9e21dafb2b7136795d5c237a2bd885fa4daf411f50f9a03c0e88,C:\zyh\work\宇树固件\real_unitree_r1_1.4.2\opt\lib\vlc\plugins\audio_filter\libscaletempo_plugin.so,禁止的固件、压缩包、模型、共享库或抓包类型
libsimple_channel_mixer_plugin.so,历史固件研究材料,14264,0.014,1e1db08f3a15ef76b79698a8826fe6d49f121bbc2f6280c6d316f3a1fa9c9398,C:\zyh\work\宇树固件\real_unitree_r1_1.4.2\opt\lib\vlc\plugins\audio_filter\libsimple_channel_mixer_plugin.so,禁止的固件、压缩包、模型、共享库或抓包类型
libsoxr_plugin.so,历史固件研究材料,14344,0.014,ee8fafae09cd87dd0d662559110c3c796b772bed72ce569ccac75aa191dff9da,C:\zyh\work\宇树固件\real_unitree_r1_1.4.2\opt\lib\vlc\plugins\audio_filter\libsoxr_plugin.so,禁止的固件、压缩包、模型、共享库或抓包类型
libspatialaudio_plugin.so,历史固件研究材料,34912,0.033,72f4620baf828602b539915a83191bfeb91e084e89bfa7db76173833a604ab4a,C:\zyh\work\宇树固件\real_unitree_r1_1.4.2\opt\lib\vlc\plugins\audio_filter\libspatialaudio_plugin.so,禁止的固件、压缩包、模型、共享库或抓包类型
libspatializer_plugin.so,历史固件研究材料,18528,0.018,86bfbe1456810125942a57236d8f3952c87475e4269412c3db35f30cbc37e447,C:\zyh\work\宇树固件\real_unitree_r1_1.4.2\opt\lib\vlc\plugins\audio_filter\libspatializer_plugin.so,禁止的固件、压缩包、模型、共享库或抓包类型
libspeex_resampler_plugin.so,历史固件研究材料,10168,0.010,3681377b2151b0fed221d6511a946cdc1f2522bcc08cc8edd87f58e54f2e1a23,C:\zyh\work\宇树固件\real_unitree_r1_1.4.2\opt\lib\vlc\plugins\audio_filter\libspeex_resampler_plugin.so,禁止的固件、压缩包、模型、共享库或抓包类型
libstereo_widen_plugin.so,历史固件研究材料,10168,0.010,394b8a5ad362cdf76554d6213185ce4ecdc3ff6342172b6a6d4769c4341f50e4,C:\zyh\work\宇树固件\real_unitree_r1_1.4.2\opt\lib\vlc\plugins\audio_filter\libstereo_widen_plugin.so,禁止的固件、压缩包、模型、共享库或抓包类型
libtospdif_plugin.so,历史固件研究材料,22456,0.021,851a1040168cb116345fd68532445c303b3ec310aa70284413595a00e51d4f51,C:\zyh\work\宇树固件\real_unitree_r1_1.4.2\opt\lib\vlc\plugins\audio_filter\libtospdif_plugin.so,禁止的固件、压缩包、模型、共享库或抓包类型
libtrivial_channel_mixer_plugin.so,历史固件研究材料,10168,0.010,a43399329afb08ff91d34cd326d7397f6dbb1782438429743c98e08d7665023f,C:\zyh\work\宇树固件\real_unitree_r1_1.4.2\opt\lib\vlc\plugins\audio_filter\libtrivial_channel_mixer_plugin.so,禁止的固件、压缩包、模型、共享库或抓包类型
libugly_resampler_plugin.so,历史固件研究材料,10168,0.010,d5a6c1215c8f141cecd0e991649065bf21442aba198fc1da83cd18cb7338f571,C:\zyh\work\宇树固件\real_unitree_r1_1.4.2\opt\lib\vlc\plugins\audio_filter\libugly_resampler_plugin.so,禁止的固件、压缩包、模型、共享库或抓包类型
libfloat_mixer_plugin.so,历史固件研究材料,10168,0.010,bf673614c1bdff2c516e7bc0c65fd4e21af4153f63d8bca5b276472e443ad53b,C:\zyh\work\宇树固件\real_unitree_r1_1.4.2\opt\lib\vlc\plugins\audio_mixer\libfloat_mixer_plugin.so,禁止的固件、压缩包、模型、共享库或抓包类型
libinteger_mixer_plugin.so,历史固件研究材料,10168,0.010,eb76165b757291b7e44e86175cb0377b3aeaed1f02eaf520e3ed6b7a81fa3e3e,C:\zyh\work\宇树固件\real_unitree_r1_1.4.2\opt\lib\vlc\plugins\audio_mixer\libinteger_mixer_plugin.so,禁止的固件、压缩包、模型、共享库或抓包类型
libadummy_plugin.so,历史固件研究材料,6072,0.006,c02262dcffe0968903c0ce9c15eb166774fd35e327dcb394151f0cb838432498,C:\zyh\work\宇树固件\real_unitree_r1_1.4.2\opt\lib\vlc\plugins\audio_output\libadummy_plugin.so,禁止的固件、压缩包、模型、共享库或抓包类型
libafile_plugin.so,历史固件研究材料,10248,0.010,1f49b47160e96783f4ebb697aae9485cf082c15af5b2bd6482ae4e611ac358da,C:\zyh\work\宇树固件\real_unitree_r1_1.4.2\opt\lib\vlc\plugins\audio_output\libafile_plugin.so,禁止的固件、压缩包、模型、共享库或抓包类型
libalsa_plugin.so,历史固件研究材料,26632,0.025,bd6de6d46c12c08c5a034671d594bbd58c4aee42a21f66452acc0f24c379c401,C:\zyh\work\宇树固件\real_unitree_r1_1.4.2\opt\lib\vlc\plugins\audio_output\libalsa_plugin.so,禁止的固件、压缩包、模型、共享库或抓包类型
libamem_plugin.so,历史固件研究材料,10168,0.010,3bd851f280b19093f046899273a7362df23cde82fb3994c7ac61fd0ff379101d,C:\zyh\work\宇树固件\real_unitree_r1_1.4.2\opt\lib\vlc\plugins\audio_output\libamem_plugin.so,禁止的固件、压缩包、模型、共享库或抓包类型
libpulse_plugin.so,历史固件研究材料,26632,0.025,463a5db20f310846d4e223fe5dc2f1acff0160ae4820924cfba8c0135e3c64e4,C:\zyh\work\宇树固件\real_unitree_r1_1.4.2\opt\lib\vlc\plugins\audio_output\libpulse_plugin.so,禁止的固件、压缩包、模型、共享库或抓包类型
libsndio_plugin.so,历史固件研究材料,10168,0.010,912080b41fc2e475b1b6fc87558b5ce3344f08a15f558424e6ceac27a75eab95,C:\zyh\work\宇树固件\real_unitree_r1_1.4.2\opt\lib\vlc\plugins\audio_output\libsndio_plugin.so,禁止的固件、压缩包、模型、共享库或抓包类型
liba52_plugin.so,历史固件研究材料,10168,0.010,61995293a8053811d37975c308b50fbe8170d3f7059d189bde278980a73c11b3,C:\zyh\work\宇树固件\real_unitree_r1_1.4.2\opt\lib\vlc\plugins\codec\liba52_plugin.so,禁止的固件、压缩包、模型、共享库或抓包类型
libadpcm_plugin.so,历史固件研究材料,14264,0.014,40985674689b75f8cf4dfa5f1aad8bf9ed293279e3807bb9e4cbfae221d714a1,C:\zyh\work\宇树固件\real_unitree_r1_1.4.2\opt\lib\vlc\plugins\codec\libadpcm_plugin.so,禁止的固件、压缩包、模型、共享库或抓包类型
libaes3_plugin.so,历史固件研究材料,10168,0.010,f6702f6aaf971def445ec3a4454991be184850e12f567f838fd1188ffc6d9f86,C:\zyh\work\宇树固件\real_unitree_r1_1.4.2\opt\lib\vlc\plugins\codec\libaes3_plugin.so,禁止的固件、压缩包、模型、共享库或抓包类型
libaom_plugin.so,历史固件研究材料,14264,0.014,3cde41768022bf559527b36f567cd3a8ebab4a08b976e366fb7da841ec97deae,C:\zyh\work\宇树固件\real_unitree_r1_1.4.2\opt\lib\vlc\plugins\codec\libaom_plugin.so,禁止的固件、压缩包、模型、共享库或抓包类型
libaraw_plugin.so,历史固件研究材料,38840,0.037,b5af221d87eef1f53482cc07d3d76c32a7c5e61cfee80c83624da67c67db13e9,C:\zyh\work\宇树固件\real_unitree_r1_1.4.2\opt\lib\vlc\plugins\codec\libaraw_plugin.so,禁止的固件、压缩包、模型、共享库或抓包类型
libaribsub_plugin.so,历史固件研究材料,14264,0.014,fb326d02f708bc499dd205d95d2f67d8704459c170a215c0dc50f2442d95d63a,C:\zyh\work\宇树固件\real_unitree_r1_1.4.2\opt\lib\vlc\plugins\codec\libaribsub_plugin.so,禁止的固件、压缩包、模型、共享库或抓包类型
libavcodec_plugin.so,历史固件研究材料,83976,0.080,0e35b13d16a25915483633246163dfbffda2fc61b4816895d22851662eaececd,C:\zyh\work\宇树固件\real_unitree_r1_1.4.2\opt\lib\vlc\plugins\codec\libavcodec_plugin.so,禁止的固件、压缩包、模型、共享库或抓包类型
libcc_plugin.so,历史固件研究材料,42936,0.041,e485ce66d7fda8a8014db803423cd8abfdfc824832589e7e765162616e5fe519,C:\zyh\work\宇树固件\real_unitree_r1_1.4.2\opt\lib\vlc\plugins\codec\libcc_plugin.so,禁止的固件、压缩包、模型、共享库或抓包类型
libcdg_plugin.so,历史固件研究材料,14264,0.014,d84bf12392a19888d31c32628f612fb0ed906f60afeba5c9df14cbde7f964004,C:\zyh\work\宇树固件\real_unitree_r1_1.4.2\opt\lib\vlc\plugins\codec\libcdg_plugin.so,禁止的固件、压缩包、模型、共享库或抓包类型
libcvdsub_plugin.so,历史固件研究材料,14264,0.014,523f664603f9a5ee20591d0bd4e3c6dcc30128529863ec986e6449f3cecd831b,C:\zyh\work\宇树固件\real_unitree_r1_1.4.2\opt\lib\vlc\plugins\codec\libcvdsub_plugin.so,禁止的固件、压缩包、模型、共享库或抓包类型
libdca_plugin.so,历史固件研究材料,10168,0.010,7ccc4bb3465b1d54edc80586603d1fb14b5851dec7ac244acb9dbb8c452c1e17,C:\zyh\work\宇树固件\real_unitree_r1_1.4.2\opt\lib\vlc\plugins\codec\libdca_plugin.so,禁止的固件、压缩包、模型、共享库或抓包类型
libddummy_plugin.so,历史固件研究材料,10168,0.010,da9b9cd976455b0f274c5f086691ac3d2e8785684b5958ac4ba1d6e1c4be2912,C:\zyh\work\宇树固件\real_unitree_r1_1.4.2\opt\lib\vlc\plugins\codec\libddummy_plugin.so,禁止的固件、压缩包、模型、共享库或抓包类型
libdvbsub_plugin.so,历史固件研究材料,79880,0.076,853d8a7242a2497234f77c6e1dc5dc353591bbe12e0caa286f0fb1481bc1b48e,C:\zyh\work\宇树固件\real_unitree_r1_1.4.2\opt\lib\vlc\plugins\codec\libdvbsub_plugin.so,禁止的固件、压缩包、模型、共享库或抓包类型
libedummy_plugin.so,历史固件研究材料,6072,0.006,c6aa17f1930c353bc15cbe709c6ccb07c324cbc6e0e7a2d9ec5dfeda17d87a9a,C:\zyh\work\宇树固件\real_unitree_r1_1.4.2\opt\lib\vlc\plugins\codec\libedummy_plugin.so,禁止的固件、压缩包、模型、共享库或抓包类型
libfaad_plugin.so,历史固件研究材料,18360,0.018,701b561698086879153a998bf1128dcc6d81b927b433bdb8127ea5cf6b91d8eb,C:\zyh\work\宇树固件\real_unitree_r1_1.4.2\opt\lib\vlc\plugins\codec\libfaad_plugin.so,禁止的固件、压缩包、模型、共享库或抓包类型
libflac_plugin.so,历史固件研究材料,18360,0.018,6fadf38b59cf044be03ffcd7ba6b0124ee3ff9af9e9fa9bc154f203c81e6c896,C:\zyh\work\宇树固件\real_unitree_r1_1.4.2\opt\lib\vlc\plugins\codec\libflac_plugin.so,禁止的固件、压缩包、模型、共享库或抓包类型
libg711_plugin.so,历史固件研究材料,22456,0.021,45912ff7316a19b5873418b9287bae848d2d711612cdf115cd8d61d5065e0224,C:\zyh\work\宇树固件\real_unitree_r1_1.4.2\opt\lib\vlc\plugins\codec\libg711_plugin.so,禁止的固件、压缩包、模型、共享库或抓包类型
libjpeg_plugin.so,历史固件研究材料,18440,0.018,76b51a18784cb0bd529f06a036cc87b675b2b6d691d2621a2d22c7998608e090,C:\zyh\work\宇树固件\real_unitree_r1_1.4.2\opt\lib\vlc\plugins\codec\libjpeg_plugin.so,禁止的固件、压缩包、模型、共享库或抓包类型
libkate_plugin.so,历史固件研究材料,18360,0.018,ef5a0cb4a63e6ba577932f743449c7a286060d038eaa49f3940fc3cfb9f02d9b,C:\zyh\work\宇树固件\real_unitree_r1_1.4.2\opt\lib\vlc\plugins\codec\libkate_plugin.so,禁止的固件、压缩包、模型、共享库或抓包类型
liblibass_plugin.so,历史固件研究材料,14264,0.014,878fb5ecfa52f16cae21fc8fc1114d44572e12d5db78df865b6e23adaaf5765b,C:\zyh\work\宇树固件\real_unitree_r1_1.4.2\opt\lib\vlc\plugins\codec\liblibass_plugin.so,禁止的固件、压缩包、模型、共享库或抓包类型
liblibmpeg2_plugin.so,历史固件研究材料,22456,0.021,d71f306789f3b061e389d1219b7f471b75042e41ab757f10116a600f49cf74b9,C:\zyh\work\宇树固件\real_unitree_r1_1.4.2\opt\lib\vlc\plugins\codec\liblibmpeg2_plugin.so,禁止的固件、压缩包、模型、共享库或抓包类型
liblpcm_plugin.so,历史固件研究材料,18360,0.018,5425e7a249323277a824004c7acc547e9ec8404ac6bdc5416f6aeeae0f699523,C:\zyh\work\宇树固件\real_unitree_r1_1.4.2\opt\lib\vlc\plugins\codec\liblpcm_plugin.so,禁止的固件、压缩包、模型、共享库或抓包类型
libmpg123_plugin.so,历史固件研究材料,14264,0.014,ce3fd35e0bef93eb134b543e04b41c38ceb68f63add1be0389cfd5f3167529f4,C:\zyh\work\宇树固件\real_unitree_r1_1.4.2\opt\lib\vlc\plugins\codec\libmpg123_plugin.so,禁止的固件、压缩包、模型、共享库或抓包类型
liboggspots_plugin.so,历史固件研究材料,10168,0.010,ca3b74cbd9d0c3cbdd67faf6649185601bd7ee8341fe14ae0b11960a7a4c0d6f,C:\zyh\work\宇树固件\real_unitree_r1_1.4.2\opt\lib\vlc\plugins\codec\liboggspots_plugin.so,禁止的固件、压缩包、模型、共享库或抓包类型
libomxil_plugin.so,历史固件研究材料,215168,0.205,06b88a02bf63e8ee74589697cbe7c496d3d0293c8dc29a5ff54fe6bac6087e1a,C:\zyh\work\宇树固件\real_unitree_r1_1.4.2\opt\lib\vlc\plugins\codec\libomxil_plugin.so,禁止的固件、压缩包、模型、共享库或抓包类型
libopus_plugin.so,历史固件研究材料,22536,0.021,07515af84ce9511f87321d44b4a03646f89360cc957ccdfc12bdf4e8900d57d9,C:\zyh\work\宇树固件\real_unitree_r1_1.4.2\opt\lib\vlc\plugins\codec\libopus_plugin.so,禁止的固件、压缩包、模型、共享库或抓包类型
libpng_plugin.so,历史固件研究材料,14264,0.014,cd8696f0b74868aac1ff8995f620fbd68d90d20dc15a732e99bf18c60eef1b45,C:\zyh\work\宇树固件\real_unitree_r1_1.4.2\opt\lib\vlc\plugins\codec\libpng_plugin.so,禁止的固件、压缩包、模型、共享库或抓包类型
librawvideo_plugin.so,历史固件研究材料,10168,0.010,316f86ce73cc49dc2de7904e5e9d7f5136265c82f565225878a7e3568682e142,C:\zyh\work\宇树固件\real_unitree_r1_1.4.2\opt\lib\vlc\plugins\codec\librawvideo_plugin.so,禁止的固件、压缩包、模型、共享库或抓包类型
librtpvideo_plugin.so,历史固件研究材料,6072,0.006,b27218ac6563cddaa18bd6f7be6637a7ba186f1c929f12d6cce95b7468e9aa84,C:\zyh\work\宇树固件\real_unitree_r1_1.4.2\opt\lib\vlc\plugins\codec\librtpvideo_plugin.so,禁止的固件、压缩包、模型、共享库或抓包类型
libscte18_plugin.so,历史固件研究材料,14264,0.014,f42627bc1aea7727918f832e88b30c7f865302275a44c7a2b8784fe083cdcab1,C:\zyh\work\宇树固件\real_unitree_r1_1.4.2\opt\lib\vlc\plugins\codec\libscte18_plugin.so,禁止的固件、压缩包、模型、共享库或抓包类型
libscte27_plugin.so,历史固件研究材料,22456,0.021,5348ba4ebef21b0802df0d039f2100bb0cb436666a6658c7bf0e4519a7a66701,C:\zyh\work\宇树固件\real_unitree_r1_1.4.2\opt\lib\vlc\plugins\codec\libscte27_plugin.so,禁止的固件、压缩包、模型、共享库或抓包类型
libsdl_image_plugin.so,历史固件研究材料,10248,0.010,5a1245d9118af95dba652ca0a8d6245e24aeac7f10c7a03dd061de07bb439f7b,C:\zyh\work\宇树固件\real_unitree_r1_1.4.2\opt\lib\vlc\plugins\codec\libsdl_image_plugin.so,禁止的固件、压缩包、模型、共享库或抓包类型
libshine_plugin.so,历史固件研究材料,10168,0.010,f04087dad1b57915f1fc1f7c36ae9bfb40cc4f88427f4b0a17bf9869209711dd,C:\zyh\work\宇树固件\real_unitree_r1_1.4.2\opt\lib\vlc\plugins\codec\libshine_plugin.so,禁止的固件、压缩包、模型、共享库或抓包类型
libspdif_plugin.so,历史固件研究材料,6072,0.006,0c9219a6a04d42314461c810b16b99ba957355b9b4e23f8f36fc6eee439dfb7d,C:\zyh\work\宇树固件\real_unitree_r1_1.4.2\opt\lib\vlc\plugins\codec\libspdif_plugin.so,禁止的固件、压缩包、模型、共享库或抓包类型
libspeex_plugin.so,历史固件研究材料,22536,0.021,fba76081c77a3e368fac64e0b7621dcd855dcf1d7c7000dce6163c85981aee05,C:\zyh\work\宇树固件\real_unitree_r1_1.4.2\opt\lib\vlc\plugins\codec\libspeex_plugin.so,禁止的固件、压缩包、模型、共享库或抓包类型
libspudec_plugin.so,历史固件研究材料,18360,0.018,fbb417c96f796fadd281c3bfdd7cebb4d9c74bb563188876e9d03c29589d6a55,C:\zyh\work\宇树固件\real_unitree_r1_1.4.2\opt\lib\vlc\plugins\codec\libspudec_plugin.so,禁止的固件、压缩包、模型、共享库或抓包类型
libstl_plugin.so,历史固件研究材料,14344,0.014,14c0a2fa662ee65f748fa3d64f4e7aa2386375b5d1e4b4139db53b6789a89cf5,C:\zyh\work\宇树固件\real_unitree_r1_1.4.2\opt\lib\vlc\plugins\codec\libstl_plugin.so,禁止的固件、压缩包、模型、共享库或抓包类型
libsubsdec_plugin.so,历史固件研究材料,26632,0.025,d931e2370998321a61f0e8b65fc5eeb325a9f8d3e3004720448c4315859b0f9b,C:\zyh\work\宇树固件\real_unitree_r1_1.4.2\opt\lib\vlc\plugins\codec\libsubsdec_plugin.so,禁止的固件、压缩包、模型、共享库或抓包类型
libsubstx3g_plugin.so,历史固件研究材料,14264,0.014,47fcde73b5ebc5ecdec8294f3c606ed01ec8f7365ba44a9aeb30fe770b3b6cfe,C:\zyh\work\宇树固件\real_unitree_r1_1.4.2\opt\lib\vlc\plugins\codec\libsubstx3g_plugin.so,禁止的固件、压缩包、模型、共享库或抓包类型
libsubsusf_plugin.so,历史固件研究材料,22456,0.021,46acaf8e91b99c00b007b9a19f242722fa83c5ea9f72be143544a531291683f1,C:\zyh\work\宇树固件\real_unitree_r1_1.4.2\opt\lib\vlc\plugins\codec\libsubsusf_plugin.so,禁止的固件、压缩包、模型、共享库或抓包类型
libsvcdsub_plugin.so,历史固件研究材料,14264,0.014,3a2ebb17e75b6ced304be214b181f18f2c31b45aed8284d783c71cc9bffb9cab,C:\zyh\work\宇树固件\real_unitree_r1_1.4.2\opt\lib\vlc\plugins\codec\libsvcdsub_plugin.so,禁止的固件、压缩包、模型、共享库或抓包类型
libsvgdec_plugin.so,历史固件研究材料,10168,0.010,55ed1bf15d9f2570391d579bc44656f49599f3aa75faf82d90c38fe3a386beb2,C:\zyh\work\宇树固件\real_unitree_r1_1.4.2\opt\lib\vlc\plugins\codec\libsvgdec_plugin.so,禁止的固件、压缩包、模型、共享库或抓包类型
libt140_plugin.so,历史固件研究材料,10168,0.010,4b4908259961e1ce89a07aa1bda4b7053d0792d00c8a40dfa5ebf2f037ef826d,C:\zyh\work\宇树固件\real_unitree_r1_1.4.2\opt\lib\vlc\plugins\codec\libt140_plugin.so,禁止的固件、压缩包、模型、共享库或抓包类型
libtextst_plugin.so,历史固件研究材料,14264,0.014,08d4714c3b9e971a379cab95f13c54ce2ad26eae54ccaeb3a63657f7400f5222,C:\zyh\work\宇树固件\real_unitree_r1_1.4.2\opt\lib\vlc\plugins\codec\libtextst_plugin.so,禁止的固件、压缩包、模型、共享库或抓包类型
libtheora_plugin.so,历史固件研究材料,22536,0.021,7b2590ddf433c3cb6a9a81c541b4889a160cd6c195c8fba10fa542a065f08c45,C:\zyh\work\宇树固件\real_unitree_r1_1.4.2\opt\lib\vlc\plugins\codec\libtheora_plugin.so,禁止的固件、压缩包、模型、共享库或抓包类型
libttml_plugin.so,历史固件研究材料,38952,0.037,f5fe649b293f76022b6067e676b3856d48963a85de10069463f4d6aacc3dabcd,C:\zyh\work\宇树固件\real_unitree_r1_1.4.2\opt\lib\vlc\plugins\codec\libttml_plugin.so,禁止的固件、压缩包、模型、共享库或抓包类型
libtwolame_plugin.so,历史固件研究材料,14344,0.014,cfa5a69881147ab0c7d59c57ca6c353c65aaa2dd6f41a47d55140ae678742fc3,C:\zyh\work\宇树固件\real_unitree_r1_1.4.2\opt\lib\vlc\plugins\codec\libtwolame_plugin.so,禁止的固件、压缩包、模型、共享库或抓包类型
libuleaddvaudio_plugin.so,历史固件研究材料,10168,0.010,7bd3b27cc8b40b3c78abaf757077b6e8c5bc3f2e1078c4e72d89e5bca26dd65f,C:\zyh\work\宇树固件\real_unitree_r1_1.4.2\opt\lib\vlc\plugins\codec\libuleaddvaudio_plugin.so,禁止的固件、压缩包、模型、共享库或抓包类型
libvaapi_drm_plugin.so,历史固件研究材料,22496,0.021,e5057dff2682e36964a0cd1869eaef3f99cf680167b606ee38ed2f2c2c13b417,C:\zyh\work\宇树固件\real_unitree_r1_1.4.2\opt\lib\vlc\plugins\codec\libvaapi_drm_plugin.so,禁止的固件、压缩包、模型、共享库或抓包类型
libvaapi_plugin.so,历史固件研究材料,22496,0.021,b63db3852508dbc8b2fd26e3e7211ee03f7b48450741a56f1c3975412d6ff257,C:\zyh\work\宇树固件\real_unitree_r1_1.4.2\opt\lib\vlc\plugins\codec\libvaapi_plugin.so,禁止的固件、压缩包、模型、共享库或抓包类型
libvorbis_plugin.so,历史固件研究材料,26632,0.025,016df38eb01637657884aff9c3fcdd32a03b081584604325571aad3c8467114a,C:\zyh\work\宇树固件\real_unitree_r1_1.4.2\opt\lib\vlc\plugins\codec\libvorbis_plugin.so,禁止的固件、压缩包、模型、共享库或抓包类型
libwebvtt_plugin.so,历史固件研究材料,92176,0.088,54c24a91fd0175233c2cb4334add9aaa1f91c37f556ccb41adaf85198967438b,C:\zyh\work\宇树固件\real_unitree_r1_1.4.2\opt\lib\vlc\plugins\codec\libwebvtt_plugin.so,禁止的固件、压缩包、模型、共享库或抓包类型
libx26410b_plugin.so,历史固件研究材料,47112,0.045,3b3916d28cede97e9ec38e2003f0ccd4e07ec322098f2cb1d5422c5e21a8ecb5,C:\zyh\work\宇树固件\real_unitree_r1_1.4.2\opt\lib\vlc\plugins\codec\libx26410b_plugin.so,禁止的固件、压缩包、模型、共享库或抓包类型
libx264_plugin.so,历史固件研究材料,47112,0.045,cf1547cb8b7001139df4c0557cffaa5a4c44a2c80056313cacea03dd0a89908e,C:\zyh\work\宇树固件\real_unitree_r1_1.4.2\opt\lib\vlc\plugins\codec\libx264_plugin.so,禁止的固件、压缩包、模型、共享库或抓包类型
libx265_plugin.so,历史固件研究材料,10168,0.010,3ed932448487d12641aecd3a7e41113e3fd2226ef5b449be2c79add82959feca,C:\zyh\work\宇树固件\real_unitree_r1_1.4.2\opt\lib\vlc\plugins\codec\libx265_plugin.so,禁止的固件、压缩包、模型、共享库或抓包类型
libxwd_plugin.so,历史固件研究材料,10168,0.010,021c6c38759dca9eb8086df2650137e4458f30a96f06bd5746522d5b4089cd81,C:\zyh\work\宇树固件\real_unitree_r1_1.4.2\opt\lib\vlc\plugins\codec\libxwd_plugin.so,禁止的固件、压缩包、模型、共享库或抓包类型
libzvbi_plugin.so,历史固件研究材料,22536,0.021,eb0a8c9dca73aca4e545d07c6ce263d4f8074f6146ba59c60a5d107975ac3fa7,C:\zyh\work\宇树固件\real_unitree_r1_1.4.2\opt\lib\vlc\plugins\codec\libzvbi_plugin.so,禁止的固件、压缩包、模型、共享库或抓包类型
libdbus_plugin.so,历史固件研究材料,71920,0.069,1c4384704a5f67330463e4e6642e6ffa0529c7214aaa0edfee28a7d38ec6cb9c,C:\zyh\work\宇树固件\real_unitree_r1_1.4.2\opt\lib\vlc\plugins\control\libdbus_plugin.so,禁止的固件、压缩包、模型、共享库或抓包类型
libdummy_plugin.so,历史固件研究材料,6072,0.006,21e132495a5ce3a7144c5281d4c00520f5c0b0f3c5356174f63ef329fad60bbe,C:\zyh\work\宇树固件\real_unitree_r1_1.4.2\opt\lib\vlc\plugins\control\libdummy_plugin.so,禁止的固件、压缩包、模型、共享库或抓包类型
libgestures_plugin.so,历史固件研究材料,14344,0.014,238c287b52872893401ec41d68b3efc6569e44c82e232314bd163833c27cb1d6,C:\zyh\work\宇树固件\real_unitree_r1_1.4.2\opt\lib\vlc\plugins\control\libgestures_plugin.so,禁止的固件、压缩包、模型、共享库或抓包类型
libhotkeys_plugin.so,历史固件研究材料,30648,0.029,019ca0d53343079a54fd2e53e3ce99e96e0dce315dba42f8892d5103f2893df1,C:\zyh\work\宇树固件\real_unitree_r1_1.4.2\opt\lib\vlc\plugins\control\libhotkeys_plugin.so,禁止的固件、压缩包、模型、共享库或抓包类型
liblirc_plugin.so,历史固件研究材料,10168,0.010,1e0e52b07a09e70cd88afb1014975ed044441ad10eb2df7d256f2f362432068f,C:\zyh\work\宇树固件\real_unitree_r1_1.4.2\opt\lib\vlc\plugins\control\liblirc_plugin.so,禁止的固件、压缩包、模型、共享库或抓包类型
libmotion_plugin.so,历史固件研究材料,10168,0.010,e883bf99247e51ddf70d7dbc5d08a8d4734f0438c6cbe27e35ad24d685c89fb6,C:\zyh\work\宇树固件\real_unitree_r1_1.4.2\opt\lib\vlc\plugins\control\libmotion_plugin.so,禁止的固件、压缩包、模型、共享库或抓包类型
libnetsync_plugin.so,历史固件研究材料,10168,0.010,30641c4db68b3b8f283641b33bf82d4ad30531455f05fd559a183aed520bca77,C:\zyh\work\宇树固件\real_unitree_r1_1.4.2\opt\lib\vlc\plugins\control\libnetsync_plugin.so,禁止的固件、压缩包、模型、共享库或抓包类型
liboldrc_plugin.so,历史固件研究材料,43016,0.041,a14589f212c6c145fd8fea66197549f109c5362aa7a17d7cc44e9455bd4133c7,C:\zyh\work\宇树固件\real_unitree_r1_1.4.2\opt\lib\vlc\plugins\control\liboldrc_plugin.so,禁止的固件、压缩包、模型、共享库或抓包类型
libxcb_hotkeys_plugin.so,历史固件研究材料,14264,0.014,8b70412cf1168ac3d9490adb47aeb2d9e26bb0c33b132b86519e2094310f2ca9,C:\zyh\work\宇树固件\real_unitree_r1_1.4.2\opt\lib\vlc\plugins\control\libxcb_hotkeys_plugin.so,禁止的固件、压缩包、模型、共享库或抓包类型
libadaptive_plugin.so,历史固件研究材料,788872,0.752,a31fc637adca7a1cfd66826042abbdb2d1ffac2fac43fbcc6d35f79878c507a5,C:\zyh\work\宇树固件\real_unitree_r1_1.4.2\opt\lib\vlc\plugins\demux\libadaptive_plugin.so,禁止的固件、压缩包、模型、共享库或抓包类型
libaiff_plugin.so,历史固件研究材料,10168,0.010,b0300560964648a1d677c495215858085f1b5bfd38aeb0d5b4b6a0336968c952,C:\zyh\work\宇树固件\real_unitree_r1_1.4.2\opt\lib\vlc\plugins\demux\libaiff_plugin.so,禁止的固件、压缩包、模型、共享库或抓包类型
libasf_plugin.so,历史固件研究材料,63496,0.061,c22fba26e5fab2a374441c7be363bc6d875011c3fce87e11d0af12d2f28d1e6e,C:\zyh\work\宇树固件\real_unitree_r1_1.4.2\opt\lib\vlc\plugins\demux\libasf_plugin.so,禁止的固件、压缩包、模型、共享库或抓包类型
libau_plugin.so,历史固件研究材料,10168,0.010,2468c5f2cb481d7664e3858032cc6ee90cccac3e732b7758c99f21ed0ad31767,C:\zyh\work\宇树固件\real_unitree_r1_1.4.2\opt\lib\vlc\plugins\demux\libau_plugin.so,禁止的固件、压缩包、模型、共享库或抓包类型
libavformat_plugin.so,历史固件研究材料,51208,0.049,c183ddf450c1db664f46a3eceaf78546aefcfff116ed882994c6ee3bc22e4eab,C:\zyh\work\宇树固件\real_unitree_r1_1.4.2\opt\lib\vlc\plugins\demux\libavformat_plugin.so,禁止的固件、压缩包、模型、共享库或抓包类型
libavi_plugin.so,历史固件研究材料,83976,0.080,c696394273ed614acb8c799e62a210bb50299842b601a8cc694e5bf6843a9025,C:\zyh\work\宇树固件\real_unitree_r1_1.4.2\opt\lib\vlc\plugins\demux\libavi_plugin.so,禁止的固件、压缩包、模型、共享库或抓包类型
libcaf_plugin.so,历史固件研究材料,18360,0.018,280c4281c2770d0c265649bc740230195db51ef6b690ad70ad3c55f3c147c03d,C:\zyh\work\宇树固件\real_unitree_r1_1.4.2\opt\lib\vlc\plugins\demux\libcaf_plugin.so,禁止的固件、压缩包、模型、共享库或抓包类型
libdemux_cdg_plugin.so,历史固件研究材料,10168,0.010,5c6e4fa5826df3a0fa1e7f630e12f9fa6e36af0fa18ab0900241114053c770a3,C:\zyh\work\宇树固件\real_unitree_r1_1.4.2\opt\lib\vlc\plugins\demux\libdemux_cdg_plugin.so,禁止的固件、压缩包、模型、共享库或抓包类型
libdemux_chromecast_plugin.so,历史固件研究材料,14360,0.014,a6a9d0837235f492b06a5fca98ed25c3e10de5277fe25b8448dc73a1a3b53e0f,C:\zyh\work\宇树固件\real_unitree_r1_1.4.2\opt\lib\vlc\plugins\demux\libdemux_chromecast_plugin.so,禁止的固件、压缩包、模型、共享库或抓包类型
libdemux_stl_plugin.so,历史固件研究材料,14264,0.014,801dccf9f6368b257d53dcec9a1b8969ade0a6b6a71e9fbee778ccf57af2890f,C:\zyh\work\宇树固件\real_unitree_r1_1.4.2\opt\lib\vlc\plugins\demux\libdemux_stl_plugin.so,禁止的固件、压缩包、模型、共享库或抓包类型
libdemuxdump_plugin.so,历史固件研究材料,10168,0.010,80048e0dbe29f449d3ed0846efe84f3bcfe39ed21ae02678d95d31d6d8567e23,C:\zyh\work\宇树固件\real_unitree_r1_1.4.2\opt\lib\vlc\plugins\demux\libdemuxdump_plugin.so,禁止的固件、压缩包、模型、共享库或抓包类型
libdiracsys_plugin.so,历史固件研究材料,10168,0.010,739c757477a38eecaebc6681bf07bc91bc219a2cc834d386949f3b56eb2bb814,C:\zyh\work\宇树固件\real_unitree_r1_1.4.2\opt\lib\vlc\plugins\demux\libdiracsys_plugin.so,禁止的固件、压缩包、模型、共享库或抓包类型
libdirectory_demux_plugin.so,历史固件研究材料,10168,0.010,ddfa5b5593fbda0d8d9439fed31c1dacd63799c810f9ecc0913e16ac7655cbe9,C:\zyh\work\宇树固件\real_unitree_r1_1.4.2\opt\lib\vlc\plugins\demux\libdirectory_demux_plugin.so,禁止的固件、压缩包、模型、共享库或抓包类型
libes_plugin.so,历史固件研究材料,34936,0.033,b93a25b9bdbf6e561975469bfe71568af3860fa2e9bbd26ba2d7e399ee72808b,C:\zyh\work\宇树固件\real_unitree_r1_1.4.2\opt\lib\vlc\plugins\demux\libes_plugin.so,禁止的固件、压缩包、模型、共享库或抓包类型
libflacsys_plugin.so,历史固件研究材料,30728,0.029,f87eb7268f5d29e37d1d5a0595eb697b1112575729a2a51b3f0160d3810615cc,C:\zyh\work\宇树固件\real_unitree_r1_1.4.2\opt\lib\vlc\plugins\demux\libflacsys_plugin.so,禁止的固件、压缩包、模型、共享库或抓包类型
libh26x_plugin.so,历史固件研究材料,79968,0.076,9a5cc223facc386b80f587822d58f1b6985a3c15ed0d07d02b74e130234858ab,C:\zyh\work\宇树固件\real_unitree_r1_1.4.2\opt\lib\vlc\plugins\demux\libh26x_plugin.so,禁止的固件、压缩包、模型、共享库或抓包类型
libimage_plugin.so,历史固件研究材料,22536,0.021,ae5775d9d2fdab694a2e234a3d8f7a138888245bd48c5f2abadf89edd6ef85bb,C:\zyh\work\宇树固件\real_unitree_r1_1.4.2\opt\lib\vlc\plugins\demux\libimage_plugin.so,禁止的固件、压缩包、模型、共享库或抓包类型
libmjpeg_plugin.so,历史固件研究材料,18360,0.018,72ef6d41e3e313b0b3c44e9d5fab473240ec7af10ee7f429e1858593d22a4183,C:\zyh\work\宇树固件\real_unitree_r1_1.4.2\opt\lib\vlc\plugins\demux\libmjpeg_plugin.so,禁止的固件、压缩包、模型、共享库或抓包类型
libmkv_plugin.so,历史固件研究材料,452720,0.432,aab25f5a0fb4f8a98d271c1cb650d44bcf620fb7a1b2017cbc43d921eb4681fb,C:\zyh\work\宇树固件\real_unitree_r1_1.4.2\opt\lib\vlc\plugins\demux\libmkv_plugin.so,禁止的固件、压缩包、模型、共享库或抓包类型
libmod_plugin.so,历史固件研究材料,22536,0.021,646df29b4e3abda970a59d899f5a89d869d2e1f31e4d3411aede6cd70dc74d53,C:\zyh\work\宇树固件\real_unitree_r1_1.4.2\opt\lib\vlc\plugins\demux\libmod_plugin.so,禁止的固件、压缩包、模型、共享库或抓包类型
libmp4_plugin.so,历史固件研究材料,239688,0.229,1380c845fadc56b142aad755726ad5f6db6beb9df62b7ebdb4c0bd767cc07b47,C:\zyh\work\宇树固件\real_unitree_r1_1.4.2\opt\lib\vlc\plugins\demux\libmp4_plugin.so,禁止的固件、压缩包、模型、共享库或抓包类型
libmpc_plugin.so,历史固件研究材料,10168,0.010,f6bc726dc8c5bb6272b47199df4c9f15eab672cdfa7e94f88e272f8c6bcd8172,C:\zyh\work\宇树固件\real_unitree_r1_1.4.2\opt\lib\vlc\plugins\demux\libmpc_plugin.so,禁止的固件、压缩包、模型、共享库或抓包类型
libmpgv_plugin.so,历史固件研究材料,10168,0.010,58ab32abc0c21c0e57831d4182f0d1cefd498efb592f5175226782886decdc70,C:\zyh\work\宇树固件\real_unitree_r1_1.4.2\opt\lib\vlc\plugins\demux\libmpgv_plugin.so,禁止的固件、压缩包、模型、共享库或抓包类型
libnoseek_plugin.so,历史固件研究材料,10168,0.010,673472777b3d389714da244e832dcb1fde130724d114e80781400bf1081d5638,C:\zyh\work\宇树固件\real_unitree_r1_1.4.2\opt\lib\vlc\plugins\demux\libnoseek_plugin.so,禁止的固件、压缩包、模型、共享库或抓包类型
libnsc_plugin.so,历史固件研究材料,10168,0.010,93bfa4c60cc7db3af1da93461b7fd039c20f28733d901bcca056c31a7a64ee9a,C:\zyh\work\宇树固件\real_unitree_r1_1.4.2\opt\lib\vlc\plugins\demux\libnsc_plugin.so,禁止的固件、压缩包、模型、共享库或抓包类型
libnsv_plugin.so,历史固件研究材料,14264,0.014,21554c6088ce4be36de530ff0c0a27ddee9b1d98173cb52340a99c81ef7c2561,C:\zyh\work\宇树固件\real_unitree_r1_1.4.2\opt\lib\vlc\plugins\demux\libnsv_plugin.so,禁止的固件、压缩包、模型、共享库或抓包类型
libnuv_plugin.so,历史固件研究材料,18360,0.018,d7c8967d7046e810a17f8ee655c272297cde633370c379a43af2a987729bb1b9,C:\zyh\work\宇树固件\real_unitree_r1_1.4.2\opt\lib\vlc\plugins\demux\libnuv_plugin.so,禁止的固件、压缩包、模型、共享库或抓包类型
libogg_plugin.so,历史固件研究材料,88072,0.084,09f9d9917171a6ae35d83f0f45cbaa1ab30aa0692c43295b172df8dca017f5cf,C:\zyh\work\宇树固件\real_unitree_r1_1.4.2\opt\lib\vlc\plugins\demux\libogg_plugin.so,禁止的固件、压缩包、模型、共享库或抓包类型
libplaylist_plugin.so,历史固件研究材料,88680,0.085,b4df1d1dfa391089b7f2cffaf222cd5efca73a494651b0f392f02788e9696653,C:\zyh\work\宇树固件\real_unitree_r1_1.4.2\opt\lib\vlc\plugins\demux\libplaylist_plugin.so,禁止的固件、压缩包、模型、共享库或抓包类型
libps_plugin.so,历史固件研究材料,34744,0.033,c3e19d7df528483471ef673cb9961bf449b8725892e092fb122f2f0bbe37dd3e,C:\zyh\work\宇树固件\real_unitree_r1_1.4.2\opt\lib\vlc\plugins\demux\libps_plugin.so,禁止的固件、压缩包、模型、共享库或抓包类型
libpva_plugin.so,历史固件研究材料,14264,0.014,4c1453c74bf43b9bf5ef29f3a79415f85498ba843a4e2227c93148c1331d4e96,C:\zyh\work\宇树固件\real_unitree_r1_1.4.2\opt\lib\vlc\plugins\demux\libpva_plugin.so,禁止的固件、压缩包、模型、共享库或抓包类型
librawaud_plugin.so,历史固件研究材料,10168,0.010,fd6428bf5f5b92386e8466c5b0bf5a7dc91c28ca6a9a45e4c2f096ec5d27b2a3,C:\zyh\work\宇树固件\real_unitree_r1_1.4.2\opt\lib\vlc\plugins\demux\librawaud_plugin.so,禁止的固件、压缩包、模型、共享库或抓包类型
librawdv_plugin.so,历史固件研究材料,14264,0.014,a60b038dc6800463e6223a936095abf4e6b5bcb27dd059e72e13f5c852912c5d,C:\zyh\work\宇树固件\real_unitree_r1_1.4.2\opt\lib\vlc\plugins\demux\librawdv_plugin.so,禁止的固件、压缩包、模型、共享库或抓包类型
librawvid_plugin.so,历史固件研究材料,14344,0.014,89879e19d3c79c2540f619177aec082bcc2889bac940e7a8d9c5f06cb829a27f,C:\zyh\work\宇树固件\real_unitree_r1_1.4.2\opt\lib\vlc\plugins\demux\librawvid_plugin.so,禁止的固件、压缩包、模型、共享库或抓包类型
libreal_plugin.so,历史固件研究材料,26552,0.025,1a082f6bd8f480829641d38391e4b2623a9233f7690a69431909b1aded89b018,C:\zyh\work\宇树固件\real_unitree_r1_1.4.2\opt\lib\vlc\plugins\demux\libreal_plugin.so,禁止的固件、压缩包、模型、共享库或抓包类型
libsid_plugin.so,历史固件研究材料,14360,0.014,3942f63f5a4094ea88fee3611202ff25b7b0443040608d666c4da7ed68f284e0,C:\zyh\work\宇树固件\real_unitree_r1_1.4.2\opt\lib\vlc\plugins\demux\libsid_plugin.so,禁止的固件、压缩包、模型、共享库或抓包类型
libsmf_plugin.so,历史固件研究材料,18360,0.018,05880305e0156b54b734cad10bb65b770ef41a4998a6d80a8181b06368832cae,C:\zyh\work\宇树固件\real_unitree_r1_1.4.2\opt\lib\vlc\plugins\demux\libsmf_plugin.so,禁止的固件、压缩包、模型、共享库或抓包类型
libsubtitle_plugin.so,历史固件研究材料,38920,0.037,7798db649b92c0bf8eb7176cadb83e2d3854a8f9c55712b6cc922370578973d1,C:\zyh\work\宇树固件\real_unitree_r1_1.4.2\opt\lib\vlc\plugins\demux\libsubtitle_plugin.so,禁止的固件、压缩包、模型、共享库或抓包类型
libts_plugin.so,历史固件研究材料,215048,0.205,a8beb5032183267f7a3f086dfea43a5b6b9737fd77a2e5b4588728a9085bcfe2,C:\zyh\work\宇树固件\real_unitree_r1_1.4.2\opt\lib\vlc\plugins\demux\libts_plugin.so,禁止的固件、压缩包、模型、共享库或抓包类型
libtta_plugin.so,历史固件研究材料,10168,0.010,0a704be2032adbfe0aadba6945cffb422cf71a30a9baad0569fb2337bfb4da3a,C:\zyh\work\宇树固件\real_unitree_r1_1.4.2\opt\lib\vlc\plugins\demux\libtta_plugin.so,禁止的固件、压缩包、模型、共享库或抓包类型
libty_plugin.so,历史固件研究材料,30728,0.029,0b203e7164c7e3e78e1efa6f7d07bcaac5b6bd2556983570fe5287a8a613b596,C:\zyh\work\宇树固件\real_unitree_r1_1.4.2\opt\lib\vlc\plugins\demux\libty_plugin.so,禁止的固件、压缩包、模型、共享库或抓包类型
libvc1_plugin.so,历史固件研究材料,10168,0.010,0859550740cd2b08c67b586b6281242930e149b98f1c6f93df1abbc6983b4edd,C:\zyh\work\宇树固件\real_unitree_r1_1.4.2\opt\lib\vlc\plugins\demux\libvc1_plugin.so,禁止的固件、压缩包、模型、共享库或抓包类型
libvobsub_plugin.so,历史固件研究材料,18360,0.018,5a00fd8a1267b78bb820aa9325e9777e345b2935e312947f398d1088a1209b7e,C:\zyh\work\宇树固件\real_unitree_r1_1.4.2\opt\lib\vlc\plugins\demux\libvobsub_plugin.so,禁止的固件、压缩包、模型、共享库或抓包类型
libvoc_plugin.so,历史固件研究材料,14264,0.014,f22d20aed397456300be828dfe23ba2ae1e7c700b072fc10cf186a8c1054109d,C:\zyh\work\宇树固件\real_unitree_r1_1.4.2\opt\lib\vlc\plugins\demux\libvoc_plugin.so,禁止的固件、压缩包、模型、共享库或抓包类型
libwav_plugin.so,历史固件研究材料,18440,0.018,9605b06fa5b6ede304f9527a57c79bcfa33235e97fff80b6661c4e5771bd1458,C:\zyh\work\宇树固件\real_unitree_r1_1.4.2\opt\lib\vlc\plugins\demux\libwav_plugin.so,禁止的固件、压缩包、模型、共享库或抓包类型
libxa_plugin.so,历史固件研究材料,10168,0.010,df2c9ad75613819b74c896b2bdc323ad795704a49ead8e8d1869589a8d583b8d,C:\zyh\work\宇树固件\real_unitree_r1_1.4.2\opt\lib\vlc\plugins\demux\libxa_plugin.so,禁止的固件、压缩包、模型、共享库或抓包类型
libncurses_plugin.so,历史固件研究材料,47112,0.045,089c3807b9b9d267fcc3adf178d85e2e97ad0f4362ec983c9ad940bbce20c903,C:\zyh\work\宇树固件\real_unitree_r1_1.4.2\opt\lib\vlc\plugins\gui\libncurses_plugin.so,禁止的固件、压缩包、模型、共享库或抓包类型
libqt_plugin.so,历史固件研究材料,3352648,3.197,51b55192429ad05cea622e92e2a9db3462890dfc3b93a806d6c0b404b2f41fbe,C:\zyh\work\宇树固件\real_unitree_r1_1.4.2\opt\lib\vlc\plugins\gui\libqt_plugin.so,禁止的固件、压缩包、模型、共享库或抓包类型
libskins2_plugin.so,历史固件研究材料,784360,0.748,6b8975ed2be2b8074511ca1f761dbd9eda0238ce60f3977581c8a4f62a01e245,C:\zyh\work\宇树固件\real_unitree_r1_1.4.2\opt\lib\vlc\plugins\gui\libskins2_plugin.so,禁止的固件、压缩包、模型、共享库或抓包类型
libfile_keystore_plugin.so,历史固件研究材料,14344,0.014,ac2a2b9e386b4b21c64476359abbe23b6993296bed60859dccb4a6aadc0980ce,C:\zyh\work\宇树固件\real_unitree_r1_1.4.2\opt\lib\vlc\plugins\keystore\libfile_keystore_plugin.so,禁止的固件、压缩包、模型、共享库或抓包类型
libkwallet_plugin.so,历史固件研究材料,26664,0.025,9359a0f38827e2460314ca3121131061b435b13dcf68adfc881d087cee0093c4,C:\zyh\work\宇树固件\real_unitree_r1_1.4.2\opt\lib\vlc\plugins\keystore\libkwallet_plugin.so,禁止的固件、压缩包、模型、共享库或抓包类型
libmemory_keystore_plugin.so,历史固件研究材料,10168,0.010,fb51606df6d40ea16b83ba092d688ff2e1c8fe149856b459d9ed0292462fc499,C:\zyh\work\宇树固件\real_unitree_r1_1.4.2\opt\lib\vlc\plugins\keystore\libmemory_keystore_plugin.so,禁止的固件、压缩包、模型、共享库或抓包类型
libsecret_plugin.so,历史固件研究材料,14344,0.014,5af26f42d1258f8040707244b347f7ae760220eaaa5fad4193c2638daa557dc5,C:\zyh\work\宇树固件\real_unitree_r1_1.4.2\opt\lib\vlc\plugins\keystore\libsecret_plugin.so,禁止的固件、压缩包、模型、共享库或抓包类型
libconsole_logger_plugin.so,历史固件研究材料,10168,0.010,8f4fc568c92ae2dd44db5ee5c6d055752c9827111f2d127b9bb554f8202c3d29,C:\zyh\work\宇树固件\real_unitree_r1_1.4.2\opt\lib\vlc\plugins\logger\libconsole_logger_plugin.so,禁止的固件、压缩包、模型、共享库或抓包类型
libfile_logger_plugin.so,历史固件研究材料,14344,0.014,d0caafbab46446f8052042e994cfa4269ec4707692c375881224b1ba2e00fc5f,C:\zyh\work\宇树固件\real_unitree_r1_1.4.2\opt\lib\vlc\plugins\logger\libfile_logger_plugin.so,禁止的固件、压缩包、模型、共享库或抓包类型
libsd_journal_plugin.so,历史固件研究材料,10168,0.010,a6eaeada3ed7b80463c3c2189fb040425c15268234f590b41cd4428c27a5d781,C:\zyh\work\宇树固件\real_unitree_r1_1.4.2\opt\lib\vlc\plugins\logger\libsd_journal_plugin.so,禁止的固件、压缩包、模型、共享库或抓包类型
libsyslog_plugin.so,历史固件研究材料,10248,0.010,1469d3342c7f00181ee2712c71769996f8798d4c8b2d787fda37aa3bd05d1ad3,C:\zyh\work\宇树固件\real_unitree_r1_1.4.2\opt\lib\vlc\plugins\logger\libsyslog_plugin.so,禁止的固件、压缩包、模型、共享库或抓包类型
liblua_plugin.so,历史固件研究材料,186448,0.178,319439442e12636ba96f7b84d97923db21c80d4567b65995ce0278f4d6d63eb9,C:\zyh\work\宇树固件\real_unitree_r1_1.4.2\opt\lib\vlc\plugins\lua\liblua_plugin.so,禁止的固件、压缩包、模型、共享库或抓包类型
libfolder_plugin.so,历史固件研究材料,10248,0.010,2df1d30ddf40ef36ded33d3a2aaecf5be42b980d30f11a9f924edd8a66d27a9d,C:\zyh\work\宇树固件\real_unitree_r1_1.4.2\opt\lib\vlc\plugins\meta_engine\libfolder_plugin.so,禁止的固件、压缩包、模型、共享库或抓包类型
libtaglib_plugin.so,历史固件研究材料,88160,0.084,64ee58685fdce30566ac08c53ed644ab507fc4dc407997e688a29e45d96d04bd,C:\zyh\work\宇树固件\real_unitree_r1_1.4.2\opt\lib\vlc\plugins\meta_engine\libtaglib_plugin.so,禁止的固件、压缩包、模型、共享库或抓包类型
libaddonsfsstorage_plugin.so,历史固件研究材料,26552,0.025,8d330f80fc67bd43a9754561acb9fa8f2fed3850a93da41606120db481e00966,C:\zyh\work\宇树固件\real_unitree_r1_1.4.2\opt\lib\vlc\plugins\misc\libaddonsfsstorage_plugin.so,禁止的固件、压缩包、模型、共享库或抓包类型
libaddonsvorepository_plugin.so,历史固件研究材料,18360,0.018,12521caff62c67c0a5400620fc7fa5ca6f97e365aac12ffe35f75648c24a14e3,C:\zyh\work\宇树固件\real_unitree_r1_1.4.2\opt\lib\vlc\plugins\misc\libaddonsvorepository_plugin.so,禁止的固件、压缩包、模型、共享库或抓包类型
libaudioscrobbler_plugin.so,历史固件研究材料,22456,0.021,c9b5717e66c1343ec4f5a42eba14fbc3a7f0bba960e7efb10c7ac3a74c5cda7d,C:\zyh\work\宇树固件\real_unitree_r1_1.4.2\opt\lib\vlc\plugins\misc\libaudioscrobbler_plugin.so,禁止的固件、压缩包、模型、共享库或抓包类型
libdbus_screensaver_plugin.so,历史固件研究材料,10168,0.010,bdb9ac5ef87c0c4b80e12a619713e207e75216b9cf7bce711ade680c20744db4,C:\zyh\work\宇树固件\real_unitree_r1_1.4.2\opt\lib\vlc\plugins\misc\libdbus_screensaver_plugin.so,禁止的固件、压缩包、模型、共享库或抓包类型
libexport_plugin.so,历史固件研究材料,18360,0.018,c5f7aefc0aff08c960c2352265f88ab05a5604cd3592049c4de6bb840c406293,C:\zyh\work\宇树固件\real_unitree_r1_1.4.2\opt\lib\vlc\plugins\misc\libexport_plugin.so,禁止的固件、压缩包、模型、共享库或抓包类型
libfingerprinter_plugin.so,历史固件研究材料,30648,0.029,110ec3748c9965e27aa89415f86f4c54859fe7d24bd40676c262d4d98083fc57,C:\zyh\work\宇树固件\real_unitree_r1_1.4.2\opt\lib\vlc\plugins\misc\libfingerprinter_plugin.so,禁止的固件、压缩包、模型、共享库或抓包类型
libgnutls_plugin.so,历史固件研究材料,26632,0.025,1a9c4c6f07673f39ea9722e845e4cc342685acfd7b6aff09e0c93d00ab7b2ef6,C:\zyh\work\宇树固件\real_unitree_r1_1.4.2\opt\lib\vlc\plugins\misc\libgnutls_plugin.so,禁止的固件、压缩包、模型、共享库或抓包类型
liblogger_plugin.so,历史固件研究材料,6072,0.006,2caeb4cd1899550704885182ab0db21e955d8083d132552609d95a7cbfebbc21,C:\zyh\work\宇树固件\real_unitree_r1_1.4.2\opt\lib\vlc\plugins\misc\liblogger_plugin.so,禁止的固件、压缩包、模型、共享库或抓包类型
libstats_plugin.so,历史固件研究材料,10168,0.010,c8c8034afcf679daac897c9167992e14a2dee8f9e87b235a133a50c802c6eb0a,C:\zyh\work\宇树固件\real_unitree_r1_1.4.2\opt\lib\vlc\plugins\misc\libstats_plugin.so,禁止的固件、压缩包、模型、共享库或抓包类型
libvod_rtsp_plugin.so,历史固件研究材料,38840,0.037,96e71da608dc22982705cfd0e27ab6fd321e9bd3bc6de0c8f70b373561940cb6,C:\zyh\work\宇树固件\real_unitree_r1_1.4.2\opt\lib\vlc\plugins\misc\libvod_rtsp_plugin.so,禁止的固件、压缩包、模型、共享库或抓包类型
libxdg_screensaver_plugin.so,历史固件研究材料,10192,0.010,cb66f11ee0f4faab3873be13670291537d2434f3745ee3ed7dcbb83902c4487f,C:\zyh\work\宇树固件\real_unitree_r1_1.4.2\opt\lib\vlc\plugins\misc\libxdg_screensaver_plugin.so,禁止的固件、压缩包、模型、共享库或抓包类型
libxml_plugin.so,历史固件研究材料,10168,0.010,47bf65a6ec23c3460f64a91c3d651cb61d7e74efb6e14d0cdbe163479641f2f6,C:\zyh\work\宇树固件\real_unitree_r1_1.4.2\opt\lib\vlc\plugins\misc\libxml_plugin.so,禁止的固件、压缩包、模型、共享库或抓包类型
libmux_asf_plugin.so,历史固件研究材料,34824,0.033,dadf52519ddc1888eb77bb9f51f25c43c58476f0ad9bacc2d0aeba49689cc301,C:\zyh\work\宇树固件\real_unitree_r1_1.4.2\opt\lib\vlc\plugins\mux\libmux_asf_plugin.so,禁止的固件、压缩包、模型、共享库或抓包类型
libmux_avi_plugin.so,历史固件研究材料,30648,0.029,b3b569d7caacabbe3cf4d17da3b7320849cb9ddf22c57c77526af93cd0be1581,C:\zyh\work\宇树固件\real_unitree_r1_1.4.2\opt\lib\vlc\plugins\mux\libmux_avi_plugin.so,禁止的固件、压缩包、模型、共享库或抓包类型
libmux_dummy_plugin.so,历史固件研究材料,10192,0.010,4bb6b267df78d87d70939cb19d03965c380be25cb3599e143ea5c95a96d72b40,C:\zyh\work\宇树固件\real_unitree_r1_1.4.2\opt\lib\vlc\plugins\mux\libmux_dummy_plugin.so,禁止的固件、压缩包、模型、共享库或抓包类型
libmux_mp4_plugin.so,历史固件研究材料,223264,0.213,427eaccd0629f7f5c6872ee3abaa0dee85318a04c2e6fc0eb775e3aa81b4bd58,C:\zyh\work\宇树固件\real_unitree_r1_1.4.2\opt\lib\vlc\plugins\mux\libmux_mp4_plugin.so,禁止的固件、压缩包、模型、共享库或抓包类型
libmux_mpjpeg_plugin.so,历史固件研究材料,10168,0.010,01cdacc4658d9df5ae2a95daa029c502edbf16e38d5d78e9b29279febe62e322,C:\zyh\work\宇树固件\real_unitree_r1_1.4.2\opt\lib\vlc\plugins\mux\libmux_mpjpeg_plugin.so,禁止的固件、压缩包、模型、共享库或抓包类型
libmux_ogg_plugin.so,历史固件研究材料,34824,0.033,7c761b3aed79a5d2620ae5f4ce7863340b8394b4329a71fd78b2b4a5e246942b,C:\zyh\work\宇树固件\real_unitree_r1_1.4.2\opt\lib\vlc\plugins\mux\libmux_ogg_plugin.so,禁止的固件、压缩包、模型、共享库或抓包类型
libmux_ps_plugin.so,历史固件研究材料,55328,0.053,474a6128da3ad1672a95ab63e471ae9365d80996ba68bddd08f540eed1e02aea,C:\zyh\work\宇树固件\real_unitree_r1_1.4.2\opt\lib\vlc\plugins\mux\libmux_ps_plugin.so,禁止的固件、压缩包、模型、共享库或抓包类型
libmux_ts_plugin.so,历史固件研究材料,108552,0.104,9358a1fffbd2f26119e509392ba94353a1a76c5d52e9230a705e1ed025f7d026,C:\zyh\work\宇树固件\real_unitree_r1_1.4.2\opt\lib\vlc\plugins\mux\libmux_ts_plugin.so,禁止的固件、压缩包、模型、共享库或抓包类型
libmux_wav_plugin.so,历史固件研究材料,14344,0.014,a14021a3cc88822974a4a97969534fc2dd8a3c8961894932d8410a0b28883867,C:\zyh\work\宇树固件\real_unitree_r1_1.4.2\opt\lib\vlc\plugins\mux\libmux_wav_plugin.so,禁止的固件、压缩包、模型、共享库或抓包类型
libnotify_plugin.so,历史固件研究材料,14104,0.013,9bb4a4038f8ac62fc8b4285cd7fa7aa49873e1564469dba8bd114294a24d20db,C:\zyh\work\宇树固件\real_unitree_r1_1.4.2\opt\lib\vlc\plugins\notify\libnotify_plugin.so,禁止的固件、压缩包、模型、共享库或抓包类型
libpacketizer_a52_plugin.so,历史固件研究材料,18360,0.018,821265f4e7299517831b84a2b2deb1f16e6aa369622df7987baad8d692c5764b,C:\zyh\work\宇树固件\real_unitree_r1_1.4.2\opt\lib\vlc\plugins\packetizer\libpacketizer_a52_plugin.so,禁止的固件、压缩包、模型、共享库或抓包类型
libpacketizer_av1_plugin.so,历史固件研究材料,30648,0.029,d0f7679b0186f9cc8a3c2ef8f57737544c66278a498f5eed5ef7830f611384e2,C:\zyh\work\宇树固件\real_unitree_r1_1.4.2\opt\lib\vlc\plugins\packetizer\libpacketizer_av1_plugin.so,禁止的固件、压缩包、模型、共享库或抓包类型
libpacketizer_avparser_plugin.so,历史固件研究材料,18360,0.018,b59391883c8c180bfbc4bc601f2f19976a6bad111378c149c027236087ea28b1,C:\zyh\work\宇树固件\real_unitree_r1_1.4.2\opt\lib\vlc\plugins\packetizer\libpacketizer_avparser_plugin.so,禁止的固件、压缩包、模型、共享库或抓包类型
libpacketizer_copy_plugin.so,历史固件研究材料,10168,0.010,ede2a1f8f9d3098d090d6c9a7d537890d22e43bd17a220de4424456623770f3f,C:\zyh\work\宇树固件\real_unitree_r1_1.4.2\opt\lib\vlc\plugins\packetizer\libpacketizer_copy_plugin.so,禁止的固件、压缩包、模型、共享库或抓包类型
libpacketizer_dirac_plugin.so,历史固件研究材料,22456,0.021,f3f3378dcf7642cd2b0da5711bd267a6564e3270576ce53cc2de6861652926e5,C:\zyh\work\宇树固件\real_unitree_r1_1.4.2\opt\lib\vlc\plugins\packetizer\libpacketizer_dirac_plugin.so,禁止的固件、压缩包、模型、共享库或抓包类型
libpacketizer_dts_plugin.so,历史固件研究材料,18360,0.018,1d4d2e8bf0633737b3badae709f0fefe878805c81c5a6d2fea4b7b5135815ea4,C:\zyh\work\宇树固件\real_unitree_r1_1.4.2\opt\lib\vlc\plugins\packetizer\libpacketizer_dts_plugin.so,禁止的固件、压缩包、模型、共享库或抓包类型
libpacketizer_flac_plugin.so,历史固件研究材料,18360,0.018,e6e1197f116057327dee07f17978c53fd625b8e542024ce46c555f452dbe5249,C:\zyh\work\宇树固件\real_unitree_r1_1.4.2\opt\lib\vlc\plugins\packetizer\libpacketizer_flac_plugin.so,禁止的固件、压缩包、模型、共享库或抓包类型
libpacketizer_h264_plugin.so,历史固件研究材料,120760,0.115,c545f12571121e013c7132f0fa153c818561a9e98f44a47f9c95e7b3b1910f33,C:\zyh\work\宇树固件\real_unitree_r1_1.4.2\opt\lib\vlc\plugins\packetizer\libpacketizer_h264_plugin.so,禁止的固件、压缩包、模型、共享库或抓包类型
libpacketizer_hevc_plugin.so,历史固件研究材料,112568,0.107,5724a94146d300eadfa23ca306ec2759f17599406610f2135fcbf6b8977e89ed,C:\zyh\work\宇树固件\real_unitree_r1_1.4.2\opt\lib\vlc\plugins\packetizer\libpacketizer_hevc_plugin.so,禁止的固件、压缩包、模型、共享库或抓包类型
libpacketizer_mlp_plugin.so,历史固件研究材料,18360,0.018,6dabfee1182b8dcfc6037efcd4189a8918c7144507027b82238b164c6abacfff,C:\zyh\work\宇树固件\real_unitree_r1_1.4.2\opt\lib\vlc\plugins\packetizer\libpacketizer_mlp_plugin.so,禁止的固件、压缩包、模型、共享库或抓包类型
libpacketizer_mpeg4audio_plugin.so,历史固件研究材料,34744,0.033,a43b3fef5f0cf852ac1cbc55526aed84127cfb0da59e9fab2ada7568f623f77a,C:\zyh\work\宇树固件\real_unitree_r1_1.4.2\opt\lib\vlc\plugins\packetizer\libpacketizer_mpeg4audio_plugin.so,禁止的固件、压缩包、模型、共享库或抓包类型
libpacketizer_mpeg4video_plugin.so,历史固件研究材料,26552,0.025,d24e42d59ed5f4549a790efc578f6f96a25f87ff8efa3e79a9c8ac5d7ba1b9db,C:\zyh\work\宇树固件\real_unitree_r1_1.4.2\opt\lib\vlc\plugins\packetizer\libpacketizer_mpeg4video_plugin.so,禁止的固件、压缩包、模型、共享库或抓包类型
libpacketizer_mpegaudio_plugin.so,历史固件研究材料,14264,0.014,8f1c335d69ef2f8d723e463d0dafcd2dc26e425a569d3e475e9caa01b6fb4cdc,C:\zyh\work\宇树固件\real_unitree_r1_1.4.2\opt\lib\vlc\plugins\packetizer\libpacketizer_mpegaudio_plugin.so,禁止的固件、压缩包、模型、共享库或抓包类型
libpacketizer_mpegvideo_plugin.so,历史固件研究材料,22456,0.021,43438e750d194a37443cf7e3aba2d5e02b495f0793a9553fa70f76bf9783eedb,C:\zyh\work\宇树固件\real_unitree_r1_1.4.2\opt\lib\vlc\plugins\packetizer\libpacketizer_mpegvideo_plugin.so,禁止的固件、压缩包、模型、共享库或抓包类型
libpacketizer_vc1_plugin.so,历史固件研究材料,30648,0.029,57d9e9e7a2f4384c71c75208181be402aa65af2f855e393f0bd7cd1e7dbaa1d4,C:\zyh\work\宇树固件\real_unitree_r1_1.4.2\opt\lib\vlc\plugins\packetizer\libpacketizer_vc1_plugin.so,禁止的固件、压缩包、模型、共享库或抓包类型
libavahi_plugin.so,历史固件研究材料,18440,0.018,f020eebec5c90e99441cee5ed889cf53a56e11feebd5be3b0c2952f64dd438e4,C:\zyh\work\宇树固件\real_unitree_r1_1.4.2\opt\lib\vlc\plugins\services_discovery\libavahi_plugin.so,禁止的固件、压缩包、模型、共享库或抓包类型
libmediadirs_plugin.so,历史固件研究材料,14264,0.014,cc8eea2d70ef8dc168f25d5facf800ca81a9c78537bfc1b5bdb4e6b52b973ff2,C:\zyh\work\宇树固件\real_unitree_r1_1.4.2\opt\lib\vlc\plugins\services_discovery\libmediadirs_plugin.so,禁止的固件、压缩包、模型、共享库或抓包类型
libmtp_plugin.so,历史固件研究材料,14264,0.014,ebec1df7aad460047b1ab02c41d112f6a0ce14bf643b3410a9568685fb380889,C:\zyh\work\宇树固件\real_unitree_r1_1.4.2\opt\lib\vlc\plugins\services_discovery\libmtp_plugin.so,禁止的固件、压缩包、模型、共享库或抓包类型
libpodcast_plugin.so,历史固件研究材料,18360,0.018,1be5eb87bff6e4b112df28f82813cdcac085b54d9f02bdf7bcea6dcc53af21bf,C:\zyh\work\宇树固件\real_unitree_r1_1.4.2\opt\lib\vlc\plugins\services_discovery\libpodcast_plugin.so,禁止的固件、压缩包、模型、共享库或抓包类型
libpulselist_plugin.so,历史固件研究材料,10200,0.010,c52d9b8aeeaac816a041c2e45b14b50a1cabe743271df9561288ff2500f7b9a2,C:\zyh\work\宇树固件\real_unitree_r1_1.4.2\opt\lib\vlc\plugins\services_discovery\libpulselist_plugin.so,禁止的固件、压缩包、模型、共享库或抓包类型
libsap_plugin.so,历史固件研究材料,38840,0.037,e4ba36a898ca2b3fa486d3e60f980e2d1207bfba8cb15e2d3f6a319ca746dacd,C:\zyh\work\宇树固件\real_unitree_r1_1.4.2\opt\lib\vlc\plugins\services_discovery\libsap_plugin.so,禁止的固件、压缩包、模型、共享库或抓包类型
libudev_plugin.so,历史固件研究材料,18440,0.018,af0e3560b46ed57780ec514cd9c2c23458672de0cec8dd624520992ee661a035,C:\zyh\work\宇树固件\real_unitree_r1_1.4.2\opt\lib\vlc\plugins\services_discovery\libudev_plugin.so,禁止的固件、压缩包、模型、共享库或抓包类型
libupnp_plugin.so,历史固件研究材料,51320,0.049,d40b7039d97853af6d6ffad68b2ea3d778acc95c0ef26b1f6dae28ece2eeff6b,C:\zyh\work\宇树固件\real_unitree_r1_1.4.2\opt\lib\vlc\plugins\services_discovery\libupnp_plugin.so,禁止的固件、压缩包、模型、共享库或抓包类型
libxcb_apps_plugin.so,历史固件研究材料,14264,0.014,edef914e86faa715f1761a8719b45c4c867a9e95a57d787e495ccc677e072790,C:\zyh\work\宇树固件\real_unitree_r1_1.4.2\opt\lib\vlc\plugins\services_discovery\libxcb_apps_plugin.so,禁止的固件、压缩包、模型、共享库或抓包类型
libaudiobargraph_v_plugin.so,历史固件研究材料,18440,0.018,2177fccb0c4487e29639d2e60d54bfc685e249b449a4ee69cb095d4dd1d0ca02,C:\zyh\work\宇树固件\real_unitree_r1_1.4.2\opt\lib\vlc\plugins\spu\libaudiobargraph_v_plugin.so,禁止的固件、压缩包、模型、共享库或抓包类型
libdynamicoverlay_plugin.so,历史固件研究材料,30728,0.029,8fb8af97c7b8e9190b31b3ace41c84a2b550358c565689fb209af6bcac06cf44,C:\zyh\work\宇树固件\real_unitree_r1_1.4.2\opt\lib\vlc\plugins\spu\libdynamicoverlay_plugin.so,禁止的固件、压缩包、模型、共享库或抓包类型
liblogo_plugin.so,历史固件研究材料,18440,0.018,273676845a87a5e79384cf71dd33c13e4b21ab1176bb3b5325ddd60ddf8911b5,C:\zyh\work\宇树固件\real_unitree_r1_1.4.2\opt\lib\vlc\plugins\spu\liblogo_plugin.so,禁止的固件、压缩包、模型、共享库或抓包类型
libmarq_plugin.so,历史固件研究材料,18440,0.018,2a2cea6a0eab2ae64f02d75ee73924af6582eadb7a5efa0ea7d2e5105d6acd2a,C:\zyh\work\宇树固件\real_unitree_r1_1.4.2\opt\lib\vlc\plugins\spu\libmarq_plugin.so,禁止的固件、压缩包、模型、共享库或抓包类型
libmosaic_plugin.so,历史固件研究材料,26632,0.025,25e3fce0ef7577b40850ce5c7c21f7f7c6c644a137b35eeef42495af1e1be34c,C:\zyh\work\宇树固件\real_unitree_r1_1.4.2\opt\lib\vlc\plugins\spu\libmosaic_plugin.so,禁止的固件、压缩包、模型、共享库或抓包类型
libremoteosd_plugin.so,历史固件研究材料,26552,0.025,7d22897f7da0105e9e6b2df2da1bb8f7501683a1efa678e40f2984c2f127242b,C:\zyh\work\宇树固件\real_unitree_r1_1.4.2\opt\lib\vlc\plugins\spu\libremoteosd_plugin.so,禁止的固件、压缩包、模型、共享库或抓包类型
librss_plugin.so,历史固件研究材料,22536,0.021,40fc08d924361596d359481b304b89a34d91584e004b65876b2598a9f6a59ab4,C:\zyh\work\宇树固件\real_unitree_r1_1.4.2\opt\lib\vlc\plugins\spu\librss_plugin.so,禁止的固件、压缩包、模型、共享库或抓包类型
libsubsdelay_plugin.so,历史固件研究材料,22536,0.021,316ca66e06d443bfba4dbe8d9557040a0bd2152e89ea3f68b8c8af5c752b2290,C:\zyh\work\宇树固件\real_unitree_r1_1.4.2\opt\lib\vlc\plugins\spu\libsubsdelay_plugin.so,禁止的固件、压缩包、模型、共享库或抓包类型
libarchive_plugin.so,历史固件研究材料,18584,0.018,8966a6f6f0c702e23bebad3ad00c1df246892dc6d8120709d15a9017a17f0ec9,C:\zyh\work\宇树固件\real_unitree_r1_1.4.2\opt\lib\vlc\plugins\stream_extractor\libarchive_plugin.so,禁止的固件、压缩包、模型、共享库或抓包类型
libadf_plugin.so,历史固件研究材料,10168,0.010,d9c5321738e36b8ec2b4f5d1de99c03fd3bf70da21ab7e43ccfb501d555ac1e1,C:\zyh\work\宇树固件\real_unitree_r1_1.4.2\opt\lib\vlc\plugins\stream_filter\libadf_plugin.so,禁止的固件、压缩包、模型、共享库或抓包类型
libcache_block_plugin.so,历史固件研究材料,10168,0.010,d91efb59f33bdf01cc0d44097b924809811eaea2032cc1478abea365acd36826,C:\zyh\work\宇树固件\real_unitree_r1_1.4.2\opt\lib\vlc\plugins\stream_filter\libcache_block_plugin.so,禁止的固件、压缩包、模型、共享库或抓包类型
libcache_read_plugin.so,历史固件研究材料,14264,0.014,e7c56aebc9368bce9175ce4d44321d688db016b5c2140b15a5e9a7048e149351,C:\zyh\work\宇树固件\real_unitree_r1_1.4.2\opt\lib\vlc\plugins\stream_filter\libcache_read_plugin.so,禁止的固件、压缩包、模型、共享库或抓包类型
libdecomp_plugin.so,历史固件研究材料,14264,0.014,11946cf5f8343952de5c0460d61be2dabaf681e985d2eca032ad7a66a9e341ba,C:\zyh\work\宇树固件\real_unitree_r1_1.4.2\opt\lib\vlc\plugins\stream_filter\libdecomp_plugin.so,禁止的固件、压缩包、模型、共享库或抓包类型
libhds_plugin.so,历史固件研究材料,26576,0.025,39a779458b196f8f5b7960c7ef993c8d2d9f8e42c41357d731e6f3a28e768f81,C:\zyh\work\宇树固件\real_unitree_r1_1.4.2\opt\lib\vlc\plugins\stream_filter\libhds_plugin.so,禁止的固件、压缩包、模型、共享库或抓包类型
libinflate_plugin.so,历史固件研究材料,10168,0.010,ca5cbfb9b1e38176e99a10ea5b20757fc42a2bfbf2702358fb542025570926db,C:\zyh\work\宇树固件\real_unitree_r1_1.4.2\opt\lib\vlc\plugins\stream_filter\libinflate_plugin.so,禁止的固件、压缩包、模型、共享库或抓包类型
libprefetch_plugin.so,历史固件研究材料,14264,0.014,f55d3c4a752e9d42269b894620b819b4a0e3ab158ebf3f1d638950b41f8cbc0c,C:\zyh\work\宇树固件\real_unitree_r1_1.4.2\opt\lib\vlc\plugins\stream_filter\libprefetch_plugin.so,禁止的固件、压缩包、模型、共享库或抓包类型
librecord_plugin.so,历史固件研究材料,10168,0.010,c672f7ab4ef0e823f60deedabba094b774356603ab86055ee541747f4cda2ed0,C:\zyh\work\宇树固件\real_unitree_r1_1.4.2\opt\lib\vlc\plugins\stream_filter\librecord_plugin.so,禁止的固件、压缩包、模型、共享库或抓包类型
libskiptags_plugin.so,历史固件研究材料,10168,0.010,1dd520b44a68a295a3b5d1c77d38919ff8509ab7889ae4b0c181b93a2a13fd45,C:\zyh\work\宇树固件\real_unitree_r1_1.4.2\opt\lib\vlc\plugins\stream_filter\libskiptags_plugin.so,禁止的固件、压缩包、模型、共享库或抓包类型
libstream_out_autodel_plugin.so,历史固件研究材料,10168,0.010,320ad945841b7c63930974421fc356f9584686f24f7e580088c19853b4e541b8,C:\zyh\work\宇树固件\real_unitree_r1_1.4.2\opt\lib\vlc\plugins\stream_out\libstream_out_autodel_plugin.so,禁止的固件、压缩包、模型、共享库或抓包类型
libstream_out_bridge_plugin.so,历史固件研究材料,18440,0.018,46e9cc542dc28284ec84061427ac34444b2984c9f0dc9b9f9cd16cf72f611295,C:\zyh\work\宇树固件\real_unitree_r1_1.4.2\opt\lib\vlc\plugins\stream_out\libstream_out_bridge_plugin.so,禁止的固件、压缩包、模型、共享库或抓包类型
libstream_out_chromaprint_plugin.so,历史固件研究材料,10168,0.010,f64c9368262856e6d38c11758daff15cd5d0eb7699add60de31e1f78d2a96361,C:\zyh\work\宇树固件\real_unitree_r1_1.4.2\opt\lib\vlc\plugins\stream_out\libstream_out_chromaprint_plugin.so,禁止的固件、压缩包、模型、共享库或抓包类型
libstream_out_chromecast_plugin.so,历史固件研究材料,170248,0.162,77d7ae62fd1433277c285d5d80d0d366a7ac55681e3e5fa1b7aa58473193978c,C:\zyh\work\宇树固件\real_unitree_r1_1.4.2\opt\lib\vlc\plugins\stream_out\libstream_out_chromecast_plugin.so,禁止的固件、压缩包、模型、共享库或抓包类型
libstream_out_cycle_plugin.so,历史固件研究材料,10168,0.010,586198ce9874cbcc387b8b13c8aebac34e94b012559253d38d4b058934a404af,C:\zyh\work\宇树固件\real_unitree_r1_1.4.2\opt\lib\vlc\plugins\stream_out\libstream_out_cycle_plugin.so,禁止的固件、压缩包、模型、共享库或抓包类型
libstream_out_delay_plugin.so,历史固件研究材料,10200,0.010,2d952bcf3f57d5dfb1d0fa1a648183249bff15c5f8a7804c07ca0a9ea00d6c2c,C:\zyh\work\宇树固件\real_unitree_r1_1.4.2\opt\lib\vlc\plugins\stream_out\libstream_out_delay_plugin.so,禁止的固件、压缩包、模型、共享库或抓包类型
libstream_out_description_plugin.so,历史固件研究材料,10168,0.010,0bd3aa3c5b9ebaa806d0918791dcd6d81453f3fadb43653283bc3323a3a8f7b3,C:\zyh\work\宇树固件\real_unitree_r1_1.4.2\opt\lib\vlc\plugins\stream_out\libstream_out_description_plugin.so,禁止的固件、压缩包、模型、共享库或抓包类型
libstream_out_display_plugin.so,历史固件研究材料,10248,0.010,6df59448ec19b0d9cd19805ac5f6ff98b52ac3926d8acd0dee87029f34c5a5e7,C:\zyh\work\宇树固件\real_unitree_r1_1.4.2\opt\lib\vlc\plugins\stream_out\libstream_out_display_plugin.so,禁止的固件、压缩包、模型、共享库或抓包类型
libstream_out_dummy_plugin.so,历史固件研究材料,6072,0.006,1e94718f7e974781f99c6c628b6edc7aefd089b66639ada97dccd4882f0573f5,C:\zyh\work\宇树固件\real_unitree_r1_1.4.2\opt\lib\vlc\plugins\stream_out\libstream_out_dummy_plugin.so,禁止的固件、压缩包、模型、共享库或抓包类型
libstream_out_duplicate_plugin.so,历史固件研究材料,14264,0.014,9a30710d5ef7f0b6b2729d89239a6b1295777da2dc6063120900c40000aca16d,C:\zyh\work\宇树固件\real_unitree_r1_1.4.2\opt\lib\vlc\plugins\stream_out\libstream_out_duplicate_plugin.so,禁止的固件、压缩包、模型、共享库或抓包类型
libstream_out_es_plugin.so,历史固件研究材料,14344,0.014,97ae33eb25e4751264c6fec0958b1e4d3a44115f6aacf1c91acb6ac8a34a4d9c,C:\zyh\work\宇树固件\real_unitree_r1_1.4.2\opt\lib\vlc\plugins\stream_out\libstream_out_es_plugin.so,禁止的固件、压缩包、模型、共享库或抓包类型
libstream_out_gather_plugin.so,历史固件研究材料,10168,0.010,a0a7a6a1d1d29871494aec6d20b362bc5d955c790935249aa853f12fb57f42d4,C:\zyh\work\宇树固件\real_unitree_r1_1.4.2\opt\lib\vlc\plugins\stream_out\libstream_out_gather_plugin.so,禁止的固件、压缩包、模型、共享库或抓包类型
libstream_out_mosaic_bridge_plugin.so,历史固件研究材料,18440,0.018,d883900bcdfe6547fa312266a2c95f094f8591310385b60efdae7daba964835a,C:\zyh\work\宇树固件\real_unitree_r1_1.4.2\opt\lib\vlc\plugins\stream_out\libstream_out_mosaic_bridge_plugin.so,禁止的固件、压缩包、模型、共享库或抓包类型
libstream_out_record_plugin.so,历史固件研究材料,22536,0.021,ed730a3b785254459f7ac84ab18975350bdfb7be04380694f2ce91bf0d0f6177,C:\zyh\work\宇树固件\real_unitree_r1_1.4.2\opt\lib\vlc\plugins\stream_out\libstream_out_record_plugin.so,禁止的固件、压缩包、模型、共享库或抓包类型
libstream_out_rtp_plugin.so,历史固件研究材料,116840,0.111,013420e2ce5e4fdb87f7af8e1b1bb5ed79a8fad279c2890d94ee41a86faf0980,C:\zyh\work\宇树固件\real_unitree_r1_1.4.2\opt\lib\vlc\plugins\stream_out\libstream_out_rtp_plugin.so,禁止的固件、压缩包、模型、共享库或抓包类型
libstream_out_setid_plugin.so,历史固件研究材料,10232,0.010,1a931fd3a5c507f9ffbaaa4c1573885eb78ac185032df54c6c7cae0ba97e99e7,C:\zyh\work\宇树固件\real_unitree_r1_1.4.2\opt\lib\vlc\plugins\stream_out\libstream_out_setid_plugin.so,禁止的固件、压缩包、模型、共享库或抓包类型
libstream_out_smem_plugin.so,历史固件研究材料,14344,0.014,6aa7e9003b36bf95935e6b89891c6330eae9d0c50a9ef721482d6a8143de31a8,C:\zyh\work\宇树固件\real_unitree_r1_1.4.2\opt\lib\vlc\plugins\stream_out\libstream_out_smem_plugin.so,禁止的固件、压缩包、模型、共享库或抓包类型
libstream_out_standard_plugin.so,历史固件研究材料,19328,0.018,ab0788aeec8d8a23202f537f87ca4754ec7ebd448398f20aaa93d931ab005f29,C:\zyh\work\宇树固件\real_unitree_r1_1.4.2\opt\lib\vlc\plugins\stream_out\libstream_out_standard_plugin.so,禁止的固件、压缩包、模型、共享库或抓包类型
libstream_out_stats_plugin.so,历史固件研究材料,14296,0.014,3ee0f6f03d98199db2e4ecfbee660977caadc283c06541a800701d7034f756d8,C:\zyh\work\宇树固件\real_unitree_r1_1.4.2\opt\lib\vlc\plugins\stream_out\libstream_out_stats_plugin.so,禁止的固件、压缩包、模型、共享库或抓包类型
libstream_out_transcode_plugin.so,历史固件研究材料,43016,0.041,a48e51771befeee788b8e0afe4a259048718c5b70a5b852e8736cbdc64487856,C:\zyh\work\宇树固件\real_unitree_r1_1.4.2\opt\lib\vlc\plugins\stream_out\libstream_out_transcode_plugin.so,禁止的固件、压缩包、模型、共享库或抓包类型
libfreetype_plugin.so,历史固件研究材料,71688,0.068,49c72d394150ceda1c9f06142d752550aae96e120cc2eefb94a13199be137c68,C:\zyh\work\宇树固件\real_unitree_r1_1.4.2\opt\lib\vlc\plugins\text_renderer\libfreetype_plugin.so,禁止的固件、压缩包、模型、共享库或抓包类型
libtdummy_plugin.so,历史固件研究材料,6072,0.006,a5d355340274ae7976625a23f89b752e63ee08326663170bb4dc94742f141b3b,C:\zyh\work\宇树固件\real_unitree_r1_1.4.2\opt\lib\vlc\plugins\text_renderer\libtdummy_plugin.so,禁止的固件、压缩包、模型、共享库或抓包类型
libvaapi_filters_plugin.so,历史固件研究材料,59368,0.057,a12463a6dddffc1e6e2d6fcdee60c9d5b92e1e4e4480f0b52ed428e5fcc6b66c,C:\zyh\work\宇树固件\real_unitree_r1_1.4.2\opt\lib\vlc\plugins\vaapi\libvaapi_filters_plugin.so,禁止的固件、压缩包、模型、共享库或抓包类型
libvdpau_adjust_plugin.so,历史固件研究材料,10256,0.010,617996282dc031f3bf9a1d0b9f0dbc2cae89a4c5a644e1dda16ad6bdf12f5bcb,C:\zyh\work\宇树固件\real_unitree_r1_1.4.2\opt\lib\vlc\plugins\vdpau\libvdpau_adjust_plugin.so,禁止的固件、压缩包、模型、共享库或抓包类型
libvdpau_avcodec_plugin.so,历史固件研究材料,14272,0.014,bd8996a42ea24c5ae383ddd3a4e6a98186e9e46fb978d0fc92451531f93fa439,C:\zyh\work\宇树固件\real_unitree_r1_1.4.2\opt\lib\vlc\plugins\vdpau\libvdpau_avcodec_plugin.so,禁止的固件、压缩包、模型、共享库或抓包类型
libvdpau_chroma_plugin.so,历史固件研究材料,22544,0.021,0da9e41ef462d91fe45cc0b1316eca0bdb5a1393ddd1faa3334b7f14bce1da4f,C:\zyh\work\宇树固件\real_unitree_r1_1.4.2\opt\lib\vlc\plugins\vdpau\libvdpau_chroma_plugin.so,禁止的固件、压缩包、模型、共享库或抓包类型
libvdpau_deinterlace_plugin.so,历史固件研究材料,10176,0.010,6aad5549f41a5bb4543ef437585c130f223085446ae805d39fb34a009563cbd3,C:\zyh\work\宇树固件\real_unitree_r1_1.4.2\opt\lib\vlc\plugins\vdpau\libvdpau_deinterlace_plugin.so,禁止的固件、压缩包、模型、共享库或抓包类型
libvdpau_display_plugin.so,历史固件研究材料,22464,0.021,e3b30cb91cef0a745c5baa132f62b2e9f18970022ad1e35028e42fe3efd0f559,C:\zyh\work\宇树固件\real_unitree_r1_1.4.2\opt\lib\vlc\plugins\vdpau\libvdpau_display_plugin.so,禁止的固件、压缩包、模型、共享库或抓包类型
libvdpau_sharpen_plugin.so,历史固件研究材料,10256,0.010,bda8b3c2879f3f2d5bf451434d1c64da02010fe74e331493678883bd3d4c4749,C:\zyh\work\宇树固件\real_unitree_r1_1.4.2\opt\lib\vlc\plugins\vdpau\libvdpau_sharpen_plugin.so,禁止的固件、压缩包、模型、共享库或抓包类型
libchain_plugin.so,历史固件研究材料,14264,0.014,c43886e529cef630fa0b7a6a55f0bc54938d59662a74dd89af54344a8e80f0f3,C:\zyh\work\宇树固件\real_unitree_r1_1.4.2\opt\lib\vlc\plugins\video_chroma\libchain_plugin.so,禁止的固件、压缩包、模型、共享库或抓包类型
libgrey_yuv_plugin.so,历史固件研究材料,10168,0.010,3a2d0bacfc40dde111552c124045fa5231b2f691358bc514e7dbe98dae72831f,C:\zyh\work\宇树固件\real_unitree_r1_1.4.2\opt\lib\vlc\plugins\video_chroma\libgrey_yuv_plugin.so,禁止的固件、压缩包、模型、共享库或抓包类型
libi420_10_p010_plugin.so,历史固件研究材料,26552,0.025,d75dd48411a459e97f2caded79cbef7b7fa709e19f4f039b3294e869fd418e6f,C:\zyh\work\宇树固件\real_unitree_r1_1.4.2\opt\lib\vlc\plugins\video_chroma\libi420_10_p010_plugin.so,禁止的固件、压缩包、模型、共享库或抓包类型
libi420_nv12_plugin.so,历史固件研究材料,26552,0.025,ab6aae47db99642ede0abbbf4ec0beac8a6de18200e8b3420170c59a532299f6,C:\zyh\work\宇树固件\real_unitree_r1_1.4.2\opt\lib\vlc\plugins\video_chroma\libi420_nv12_plugin.so,禁止的固件、压缩包、模型、共享库或抓包类型
libi420_rgb_plugin.so,历史固件研究材料,26552,0.025,36926024492a71ba7e879788d2646008657312fd90887aaa5061f488c61165fd,C:\zyh\work\宇树固件\real_unitree_r1_1.4.2\opt\lib\vlc\plugins\video_chroma\libi420_rgb_plugin.so,禁止的固件、压缩包、模型、共享库或抓包类型
libi420_yuy2_plugin.so,历史固件研究材料,18360,0.018,2d4baff12a55ee551b46d11ebc49f191c6528502fe1ca58634f787dbaf59f8da,C:\zyh\work\宇树固件\real_unitree_r1_1.4.2\opt\lib\vlc\plugins\video_chroma\libi420_yuy2_plugin.so,禁止的固件、压缩包、模型、共享库或抓包类型
libi422_i420_plugin.so,历史固件研究材料,10168,0.010,e3ff9392cc9ed7b82f4a4ab43685c2d88e48c21ca22fb7b51aa8f7d3fa1b0eb4,C:\zyh\work\宇树固件\real_unitree_r1_1.4.2\opt\lib\vlc\plugins\video_chroma\libi422_i420_plugin.so,禁止的固件、压缩包、模型、共享库或抓包类型
libi422_yuy2_plugin.so,历史固件研究材料,14264,0.014,bb1c7bbd042f0717cd1cbf167bff53b05b9d82e5b4a2cbf11e9dad4fe36f66eb,C:\zyh\work\宇树固件\real_unitree_r1_1.4.2\opt\lib\vlc\plugins\video_chroma\libi422_yuy2_plugin.so,禁止的固件、压缩包、模型、共享库或抓包类型
librv32_plugin.so,历史固件研究材料,10168,0.010,575f62a55999481ff1dbb095b5023020239a9491abd86469a0f02c1af4ab96c5,C:\zyh\work\宇树固件\real_unitree_r1_1.4.2\opt\lib\vlc\plugins\video_chroma\librv32_plugin.so,禁止的固件、压缩包、模型、共享库或抓包类型
libswscale_plugin.so,历史固件研究材料,18440,0.018,fcc322527fad19b18c05776a77603a313ae07d3572f771a76eecb86856e24068,C:\zyh\work\宇树固件\real_unitree_r1_1.4.2\opt\lib\vlc\plugins\video_chroma\libswscale_plugin.so,禁止的固件、压缩包、模型、共享库或抓包类型
libyuvp_plugin.so,历史固件研究材料,10168,0.010,925b685e65f21ab8ddd9ca5644546c87b82886731b842ffb3473d4d76e205773,C:\zyh\work\宇树固件\real_unitree_r1_1.4.2\opt\lib\vlc\plugins\video_chroma\libyuvp_plugin.so,禁止的固件、压缩包、模型、共享库或抓包类型
libyuy2_i420_plugin.so,历史固件研究材料,18360,0.018,cbeb06098f74ec0e56c84b5fcb4354aad05e22b861a6e51cfae09c89274ba292,C:\zyh\work\宇树固件\real_unitree_r1_1.4.2\opt\lib\vlc\plugins\video_chroma\libyuy2_i420_plugin.so,禁止的固件、压缩包、模型、共享库或抓包类型
libyuy2_i422_plugin.so,历史固件研究材料,14264,0.014,3247f3017484dcd406d4ae8accc34e906311abe0e04bc53efee5b093e607bdbb,C:\zyh\work\宇树固件\real_unitree_r1_1.4.2\opt\lib\vlc\plugins\video_chroma\libyuy2_i422_plugin.so,禁止的固件、压缩包、模型、共享库或抓包类型
libadjust_plugin.so,历史固件研究材料,38920,0.037,08b68dbaf8af1ffb7e8ec5425f5add723f659e90bbb5f972bf7ddd67a265935b,C:\zyh\work\宇树固件\real_unitree_r1_1.4.2\opt\lib\vlc\plugins\video_filter\libadjust_plugin.so,禁止的固件、压缩包、模型、共享库或抓包类型
libalphamask_plugin.so,历史固件研究材料,10248,0.010,2c21a721e481214a6bcad1c4f9ba8406869b6799901667724eb649e63bd7c9a6,C:\zyh\work\宇树固件\real_unitree_r1_1.4.2\opt\lib\vlc\plugins\video_filter\libalphamask_plugin.so,禁止的固件、压缩包、模型、共享库或抓包类型
libanaglyph_plugin.so,历史固件研究材料,14344,0.014,25c1bc1b30f1f5d3db857c1bf2aef6d832ae6110477ce403a87b91db13338fd7,C:\zyh\work\宇树固件\real_unitree_r1_1.4.2\opt\lib\vlc\plugins\video_filter\libanaglyph_plugin.so,禁止的固件、压缩包、模型、共享库或抓包类型
libantiflicker_plugin.so,历史固件研究材料,14264,0.014,0a9cd61218f54d554deea86b69d18939fe3ae1024e639b15f3b9c8df0641b641,C:\zyh\work\宇树固件\real_unitree_r1_1.4.2\opt\lib\vlc\plugins\video_filter\libantiflicker_plugin.so,禁止的固件、压缩包、模型、共享库或抓包类型
libball_plugin.so,历史固件研究材料,22536,0.021,b22fe361193e309ccc07180ac1c0cf1ba953dfc86c00ca3c3a59956c2c09e8f1,C:\zyh\work\宇树固件\real_unitree_r1_1.4.2\opt\lib\vlc\plugins\video_filter\libball_plugin.so,禁止的固件、压缩包、模型、共享库或抓包类型
libblend_plugin.so,历史固件研究材料,75784,0.072,f005da4b77450de14642b5505bf30d29f5ee22be2f6873f06db57d5c905fd653,C:\zyh\work\宇树固件\real_unitree_r1_1.4.2\opt\lib\vlc\plugins\video_filter\libblend_plugin.so,禁止的固件、压缩包、模型、共享库或抓包类型
libblendbench_plugin.so,历史固件研究材料,14344,0.014,242468c55175e7b1753c998a16eaa29adf9c1515320217b3b0b6fcb299e045d4,C:\zyh\work\宇树固件\real_unitree_r1_1.4.2\opt\lib\vlc\plugins\video_filter\libblendbench_plugin.so,禁止的固件、压缩包、模型、共享库或抓包类型
libbluescreen_plugin.so,历史固件研究材料,14344,0.014,c3b455985c46464c1635d1d6174fd2fabfaceb08a722afab6d436687845fc954,C:\zyh\work\宇树固件\real_unitree_r1_1.4.2\opt\lib\vlc\plugins\video_filter\libbluescreen_plugin.so,禁止的固件、压缩包、模型、共享库或抓包类型
libcanvas_plugin.so,历史固件研究材料,14344,0.014,01af9e922c919e89f73fc579245af0fc9f441b84bb0b56e101a60a9a1a6c38e6,C:\zyh\work\宇树固件\real_unitree_r1_1.4.2\opt\lib\vlc\plugins\video_filter\libcanvas_plugin.so,禁止的固件、压缩包、模型、共享库或抓包类型
libcolorthres_plugin.so,历史固件研究材料,14344,0.014,ff9bcfa80f5235359251a27bfbc60cec1e91bd507f08fb0f05ec8d2378d790c5,C:\zyh\work\宇树固件\real_unitree_r1_1.4.2\opt\lib\vlc\plugins\video_filter\libcolorthres_plugin.so,禁止的固件、压缩包、模型、共享库或抓包类型
libcroppadd_plugin.so,历史固件研究材料,14344,0.014,a8c685077cd55db331835023d65418d103ed9b38d7317ddd3a5c326f4017d12d,C:\zyh\work\宇树固件\real_unitree_r1_1.4.2\opt\lib\vlc\plugins\video_filter\libcroppadd_plugin.so,禁止的固件、压缩包、模型、共享库或抓包类型
libdeinterlace_plugin.so,历史固件研究材料,51208,0.049,2c8e8872778b57279727a8ea0412a0db0cd85292a6d2436670495c6f0eeca958,C:\zyh\work\宇树固件\real_unitree_r1_1.4.2\opt\lib\vlc\plugins\video_filter\libdeinterlace_plugin.so,禁止的固件、压缩包、模型、共享库或抓包类型
libedgedetection_plugin.so,历史固件研究材料,10168,0.010,0c349b9d1588508ea945be4c97708b21e143cf6c3fecd6e444f7d23b49aa9380,C:\zyh\work\宇树固件\real_unitree_r1_1.4.2\opt\lib\vlc\plugins\video_filter\libedgedetection_plugin.so,禁止的固件、压缩包、模型、共享库或抓包类型
liberase_plugin.so,历史固件研究材料,14344,0.014,797ece64f817a91b1ca441d77e1a2c807469ddf1c1c21641ab2d4647fb323a5b,C:\zyh\work\宇树固件\real_unitree_r1_1.4.2\opt\lib\vlc\plugins\video_filter\liberase_plugin.so,禁止的固件、压缩包、模型、共享库或抓包类型
libextract_plugin.so,历史固件研究材料,14344,0.014,60b87dbcac4db44c600e3105ca1875c02fd96f1c183e99602a575561eb6d87d9,C:\zyh\work\宇树固件\real_unitree_r1_1.4.2\opt\lib\vlc\plugins\video_filter\libextract_plugin.so,禁止的固件、压缩包、模型、共享库或抓包类型
libfps_plugin.so,历史固件研究材料,10248,0.010,ef1e3dd5ca07f54b3944f87995a0fa1414bb36d536db4cffb793a4de42d41751,C:\zyh\work\宇树固件\real_unitree_r1_1.4.2\opt\lib\vlc\plugins\video_filter\libfps_plugin.so,禁止的固件、压缩包、模型、共享库或抓包类型
libfreeze_plugin.so,历史固件研究材料,14264,0.014,7f5fb2a42f94df4738be74f79c1ecac2fec16c9a87007461c42bea25dfbca281,C:\zyh\work\宇树固件\real_unitree_r1_1.4.2\opt\lib\vlc\plugins\video_filter\libfreeze_plugin.so,禁止的固件、压缩包、模型、共享库或抓包类型
libgaussianblur_plugin.so,历史固件研究材料,14344,0.014,39613b6fb69d8addb2e988c3a6a97aa15e98a66dc78bdf8f1a3f4bff092e8504,C:\zyh\work\宇树固件\real_unitree_r1_1.4.2\opt\lib\vlc\plugins\video_filter\libgaussianblur_plugin.so,禁止的固件、压缩包、模型、共享库或抓包类型
libgradfun_plugin.so,历史固件研究材料,18360,0.018,a6b9847bf7c475ece650ad7f4c592bbe484adc999a8f3bf83ed56d56ce169222,C:\zyh\work\宇树固件\real_unitree_r1_1.4.2\opt\lib\vlc\plugins\video_filter\libgradfun_plugin.so,禁止的固件、压缩包、模型、共享库或抓包类型
libgradient_plugin.so,历史固件研究材料,22536,0.021,8bf09d6ca58f45b6bbcd370b9694f5f46137c1e086007a93e61312248bb408cf,C:\zyh\work\宇树固件\real_unitree_r1_1.4.2\opt\lib\vlc\plugins\video_filter\libgradient_plugin.so,禁止的固件、压缩包、模型、共享库或抓包类型
libgrain_plugin.so,历史固件研究材料,18360,0.018,6b5b29673f506cd0c38fcd6fe4386d9ac45fed7bb87e239bf1c5bd5111f55a08,C:\zyh\work\宇树固件\real_unitree_r1_1.4.2\opt\lib\vlc\plugins\video_filter\libgrain_plugin.so,禁止的固件、压缩包、模型、共享库或抓包类型
libhqdn3d_plugin.so,历史固件研究材料,18440,0.018,a963c116e0c3d08cd9b3a67f208d072c82a434e406c8667f85ff42161fd6e2cf,C:\zyh\work\宇树固件\real_unitree_r1_1.4.2\opt\lib\vlc\plugins\video_filter\libhqdn3d_plugin.so,禁止的固件、压缩包、模型、共享库或抓包类型
libinvert_plugin.so,历史固件研究材料,10168,0.010,e5febe5e8fa761d25c1de97c6037c1bcfb74cdf27702f4d5b555e77b9e03d7ed,C:\zyh\work\宇树固件\real_unitree_r1_1.4.2\opt\lib\vlc\plugins\video_filter\libinvert_plugin.so,禁止的固件、压缩包、模型、共享库或抓包类型
libmagnify_plugin.so,历史固件研究材料,14264,0.014,8ad7f774f6c7d7d0836960e570f3dee194dba71a872eb024cb7e70e2ecfbc55e,C:\zyh\work\宇树固件\real_unitree_r1_1.4.2\opt\lib\vlc\plugins\video_filter\libmagnify_plugin.so,禁止的固件、压缩包、模型、共享库或抓包类型
libmirror_plugin.so,历史固件研究材料,22536,0.021,113f95c3ea36e765eec8437f4f34953af4cdbac43f9c2c9087c9976f5e28ee1e,C:\zyh\work\宇树固件\real_unitree_r1_1.4.2\opt\lib\vlc\plugins\video_filter\libmirror_plugin.so,禁止的固件、压缩包、模型、共享库或抓包类型
libmotionblur_plugin.so,历史固件研究材料,10248,0.010,44e48af0d96839a152e1b8747bdaca8b923e0723aca33c4ea380e41ac2bed53c,C:\zyh\work\宇树固件\real_unitree_r1_1.4.2\opt\lib\vlc\plugins\video_filter\libmotionblur_plugin.so,禁止的固件、压缩包、模型、共享库或抓包类型
libmotiondetect_plugin.so,历史固件研究材料,14264,0.014,68beaea67b1bdd86a8fc079ab3525261573557470ffb8ea97d71764d2eaf2e5f,C:\zyh\work\宇树固件\real_unitree_r1_1.4.2\opt\lib\vlc\plugins\video_filter\libmotiondetect_plugin.so,禁止的固件、压缩包、模型、共享库或抓包类型
liboldmovie_plugin.so,历史固件研究材料,18360,0.018,32a307587c5d1c636473c2fa0829276b25bbc680924497a2d5cd26652cba2440,C:\zyh\work\宇树固件\real_unitree_r1_1.4.2\opt\lib\vlc\plugins\video_filter\liboldmovie_plugin.so,禁止的固件、压缩包、模型、共享库或抓包类型
libposterize_plugin.so,历史固件研究材料,14344,0.014,81db84f2f0abf0a4444d01978e56a965bb2f57af638f1cd31ff93c487f6f9a8a,C:\zyh\work\宇树固件\real_unitree_r1_1.4.2\opt\lib\vlc\plugins\video_filter\libposterize_plugin.so,禁止的固件、压缩包、模型、共享库或抓包类型
libpostproc_plugin.so,历史固件研究材料,14344,0.014,b16bcb824a1f3063978985dc62965d07b81392a51f2235ed62ebfd950751a50a,C:\zyh\work\宇树固件\real_unitree_r1_1.4.2\opt\lib\vlc\plugins\video_filter\libpostproc_plugin.so,禁止的固件、压缩包、模型、共享库或抓包类型
libpsychedelic_plugin.so,历史固件研究材料,10168,0.010,1cf60c83e681e20c39b40427e3a55f35edf5ba7365a18a6214bd75ad72634db6,C:\zyh\work\宇树固件\real_unitree_r1_1.4.2\opt\lib\vlc\plugins\video_filter\libpsychedelic_plugin.so,禁止的固件、压缩包、模型、共享库或抓包类型
libpuzzle_plugin.so,历史固件研究材料,80216,0.076,68383c15be07d17f597451dc21a9ae6310c32f8f86e0f2f1cf3bb5085b002213,C:\zyh\work\宇树固件\real_unitree_r1_1.4.2\opt\lib\vlc\plugins\video_filter\libpuzzle_plugin.so,禁止的固件、压缩包、模型、共享库或抓包类型
libripple_plugin.so,历史固件研究材料,10168,0.010,0ca3a509665fd08e971885c7438eda348b7d5df4f4a4ed60ccfcebfc1b839525,C:\zyh\work\宇树固件\real_unitree_r1_1.4.2\opt\lib\vlc\plugins\video_filter\libripple_plugin.so,禁止的固件、压缩包、模型、共享库或抓包类型
librotate_plugin.so,历史固件研究材料,14344,0.014,8a3fd27fc8a080456065cd626194c9a3dc52e6f390132ded05fbacf01980a98f,C:\zyh\work\宇树固件\real_unitree_r1_1.4.2\opt\lib\vlc\plugins\video_filter\librotate_plugin.so,禁止的固件、压缩包、模型、共享库或抓包类型
libscale_plugin.so,历史固件研究材料,10168,0.010,ec2359f05dc7ff60c29d0c8751af6c1d896dd55aedc81db47325fd7f64f03cce,C:\zyh\work\宇树固件\real_unitree_r1_1.4.2\opt\lib\vlc\plugins\video_filter\libscale_plugin.so,禁止的固件、压缩包、模型、共享库或抓包类型
libscene_plugin.so,历史固件研究材料,14344,0.014,7d37e150051c001b6199006e457aa42be719a8ddb51d7ad2cbd84e13efa74829,C:\zyh\work\宇树固件\real_unitree_r1_1.4.2\opt\lib\vlc\plugins\video_filter\libscene_plugin.so,禁止的固件、压缩包、模型、共享库或抓包类型
libsepia_plugin.so,历史固件研究材料,10248,0.010,6fd077c6f3307689f731c15e5d8c702495019db1f345ca8413621385ca248c26,C:\zyh\work\宇树固件\real_unitree_r1_1.4.2\opt\lib\vlc\plugins\video_filter\libsepia_plugin.so,禁止的固件、压缩包、模型、共享库或抓包类型
libsharpen_plugin.so,历史固件研究材料,10248,0.010,b8976758e2ddd9ff4c3b0b505973c2ee79716a1c4edb442225527d906ba8dc25,C:\zyh\work\宇树固件\real_unitree_r1_1.4.2\opt\lib\vlc\plugins\video_filter\libsharpen_plugin.so,禁止的固件、压缩包、模型、共享库或抓包类型
libtransform_plugin.so,历史固件研究材料,30728,0.029,2c81f2a9150a959e0ab294c74b3567701a96e5ed4184e7a8d38e67d7646d2842,C:\zyh\work\宇树固件\real_unitree_r1_1.4.2\opt\lib\vlc\plugins\video_filter\libtransform_plugin.so,禁止的固件、压缩包、模型、共享库或抓包类型
libvhs_plugin.so,历史固件研究材料,14264,0.014,b790ca0c29c2d5b000bbf1af303735b35b2b3c4f6a82a37bc6b929a6020e4566,C:\zyh\work\宇树固件\real_unitree_r1_1.4.2\opt\lib\vlc\plugins\video_filter\libvhs_plugin.so,禁止的固件、压缩包、模型、共享库或抓包类型
libwave_plugin.so,历史固件研究材料,10168,0.010,b2fe9ef88c9459d0beadc9ef589439489510b536ec8affa7a234e8e2010bd17b,C:\zyh\work\宇树固件\real_unitree_r1_1.4.2\opt\lib\vlc\plugins\video_filter\libwave_plugin.so,禁止的固件、压缩包、模型、共享库或抓包类型
libaa_plugin.so,历史固件研究材料,14272,0.014,c89c8f3c1c887260935dc4ec1a36c851e9ab4bd388dad8ce58ba21e640d53f39,C:\zyh\work\宇树固件\real_unitree_r1_1.4.2\opt\lib\vlc\plugins\video_output\libaa_plugin.so,禁止的固件、压缩包、模型、共享库或抓包类型
libcaca_plugin.so,历史固件研究材料,18368,0.018,d146010c85ba06df31cbdf18c9581f436bd09acc316fe7f3ede2e2fddb3b6e7c,C:\zyh\work\宇树固件\real_unitree_r1_1.4.2\opt\lib\vlc\plugins\video_output\libcaca_plugin.so,禁止的固件、压缩包、模型、共享库或抓包类型
libegl_wl_plugin.so,历史固件研究材料,14272,0.014,045b252b1aa0db783f39d5bf036c28a15c7c3de13434e3bb38f8c84187c0fcc9,C:\zyh\work\宇树固件\real_unitree_r1_1.4.2\opt\lib\vlc\plugins\video_output\libegl_wl_plugin.so,禁止的固件、压缩包、模型、共享库或抓包类型
libegl_x11_plugin.so,历史固件研究材料,14272,0.014,eb6322d469d2ab60ea6055d90c17dcb654933ae55f8140fd2cd6468852550932,C:\zyh\work\宇树固件\real_unitree_r1_1.4.2\opt\lib\vlc\plugins\video_output\libegl_x11_plugin.so,禁止的固件、压缩包、模型、共享库或抓包类型
libfb_plugin.so,历史固件研究材料,18360,0.018,8e89bc78baa27a995200c9cd5a326d31b996fe0545f57c2b3df5fa3652902582,C:\zyh\work\宇树固件\real_unitree_r1_1.4.2\opt\lib\vlc\plugins\video_output\libfb_plugin.so,禁止的固件、压缩包、模型、共享库或抓包类型
libflaschen_plugin.so,历史固件研究材料,10176,0.010,7ba243a4ad2f96ac4b2bc79485e9a4a843342d075e61a3ac105029066592848a,C:\zyh\work\宇树固件\real_unitree_r1_1.4.2\opt\lib\vlc\plugins\video_output\libflaschen_plugin.so,禁止的固件、压缩包、模型、共享库或抓包类型
libgl_plugin.so,历史固件研究材料,67600,0.064,3108c3f6e82b61bcfd4df5db29929b78ee0fee4d165b49d63d68db0da5caeb13,C:\zyh\work\宇树固件\real_unitree_r1_1.4.2\opt\lib\vlc\plugins\video_output\libgl_plugin.so,禁止的固件、压缩包、模型、共享库或抓包类型
libglconv_vaapi_drm_plugin.so,历史固件研究材料,26600,0.025,ecf23ede38bf5817cc5d651d1b53cfaf88785151a14bc6c9eaafa4d0a7ca9cb7,C:\zyh\work\宇树固件\real_unitree_r1_1.4.2\opt\lib\vlc\plugins\video_output\libglconv_vaapi_drm_plugin.so,禁止的固件、压缩包、模型、共享库或抓包类型
libglconv_vaapi_wl_plugin.so,历史固件研究材料,26600,0.025,52210a7b705d4ef63d305330d203d7232155b8c3be8dfab9e25f6d40577f27af,C:\zyh\work\宇树固件\real_unitree_r1_1.4.2\opt\lib\vlc\plugins\video_output\libglconv_vaapi_wl_plugin.so,禁止的固件、压缩包、模型、共享库或抓包类型
libglconv_vaapi_x11_plugin.so,历史固件研究材料,26600,0.025,361aa4f30ab564178afffb3786214182cedb2aff49273c9a6791b8d770a82d6c,C:\zyh\work\宇树固件\real_unitree_r1_1.4.2\opt\lib\vlc\plugins\video_output\libglconv_vaapi_x11_plugin.so,禁止的固件、压缩包、模型、共享库或抓包类型
libglconv_vdpau_plugin.so,历史固件研究材料,14272,0.014,c7fadcf2f60f25b7718f5b737a3fd120800db0f291ffdee441af645ae49301e0,C:\zyh\work\宇树固件\real_unitree_r1_1.4.2\opt\lib\vlc\plugins\video_output\libglconv_vdpau_plugin.so,禁止的固件、压缩包、模型、共享库或抓包类型
libgles2_plugin.so,历史固件研究材料,63504,0.061,7d7b996cb06f73a2177435ab0a698914e07cb3adf64ecabbd9438dac57b9e530,C:\zyh\work\宇树固件\real_unitree_r1_1.4.2\opt\lib\vlc\plugins\video_output\libgles2_plugin.so,禁止的固件、压缩包、模型、共享库或抓包类型
libglx_plugin.so,历史固件研究材料,14272,0.014,34822623377dba77680fe3f228a0a953d84a221b223cc2786f6f0b936d6252af,C:\zyh\work\宇树固件\real_unitree_r1_1.4.2\opt\lib\vlc\plugins\video_output\libglx_plugin.so,禁止的固件、压缩包、模型、共享库或抓包类型
libvdummy_plugin.so,历史固件研究材料,10168,0.010,b5684a35c19d3b6d63bd4be7205b27279ae4462236d0e4a61c686e7fa9a03523,C:\zyh\work\宇树固件\real_unitree_r1_1.4.2\opt\lib\vlc\plugins\video_output\libvdummy_plugin.so,禁止的固件、压缩包、模型、共享库或抓包类型
libvmem_plugin.so,历史固件研究材料,10168,0.010,7581f0da310724c00d57aa99c5c5d722fe5b65b035235e837bd9d2a7e5b72d32,C:\zyh\work\宇树固件\real_unitree_r1_1.4.2\opt\lib\vlc\plugins\video_output\libvmem_plugin.so,禁止的固件、压缩包、模型、共享库或抓包类型
libwl_shell_plugin.so,历史固件研究材料,14352,0.014,d16e6600dc55ddaa1d786858829c4cd2fbe869eaebb26bd9ba669db5d0390daf,C:\zyh\work\宇树固件\real_unitree_r1_1.4.2\opt\lib\vlc\plugins\video_output\libwl_shell_plugin.so,禁止的固件、压缩包、模型、共享库或抓包类型
libwl_shm_plugin.so,历史固件研究材料,18504,0.018,6f0abf53c62eb11547e5608afbfaadb082d47dcba0c7d355f5275dbeae5d47fe,C:\zyh\work\宇树固件\real_unitree_r1_1.4.2\opt\lib\vlc\plugins\video_output\libwl_shm_plugin.so,禁止的固件、压缩包、模型、共享库或抓包类型
libxcb_window_plugin.so,历史固件研究材料,26560,0.025,966e5b86b1db329c1121d634f6e304b706ec4513d706f891c11efd97dc42fe6e,C:\zyh\work\宇树固件\real_unitree_r1_1.4.2\opt\lib\vlc\plugins\video_output\libxcb_window_plugin.so,禁止的固件、压缩包、模型、共享库或抓包类型
libxcb_x11_plugin.so,历史固件研究材料,18368,0.018,17e5e4fa715f80f120ffa3ecef787cc713b2312b63b8f8241d88608247628c26,C:\zyh\work\宇树固件\real_unitree_r1_1.4.2\opt\lib\vlc\plugins\video_output\libxcb_x11_plugin.so,禁止的固件、压缩包、模型、共享库或抓包类型
libxcb_xv_plugin.so,历史固件研究材料,26584,0.025,6856add5d47474ed5c62f142504123419746fdece2b5b4215feb6a99981f0cb8,C:\zyh\work\宇树固件\real_unitree_r1_1.4.2\opt\lib\vlc\plugins\video_output\libxcb_xv_plugin.so,禁止的固件、压缩包、模型、共享库或抓包类型
libxdg_shell_plugin.so,历史固件研究材料,18672,0.018,b7636cc54441a8f2484075b2163b9cfb60bf0137550df8684e6ca267263d3c74,C:\zyh\work\宇树固件\real_unitree_r1_1.4.2\opt\lib\vlc\plugins\video_output\libxdg_shell_plugin.so,禁止的固件、压缩包、模型、共享库或抓包类型
libyuv_plugin.so,历史固件研究材料,10168,0.010,0c3f74ebe4300d9f9adf01c8c74c4ef787e83dca7469212fea1f7ca83f7b6fc9,C:\zyh\work\宇树固件\real_unitree_r1_1.4.2\opt\lib\vlc\plugins\video_output\libyuv_plugin.so,禁止的固件、压缩包、模型、共享库或抓包类型
libclone_plugin.so,历史固件研究材料,10264,0.010,b56ec4881ea0f3d124b05f52574885b02280c883362f2ae34ad6579da4a11e9a,C:\zyh\work\宇树固件\real_unitree_r1_1.4.2\opt\lib\vlc\plugins\video_splitter\libclone_plugin.so,禁止的固件、压缩包、模型、共享库或抓包类型
libpanoramix_plugin.so,历史固件研究材料,34840,0.033,752d01f0f6c53cf40164b96cd9a086dadf78074017979b185f3bd72f02629de5,C:\zyh\work\宇树固件\real_unitree_r1_1.4.2\opt\lib\vlc\plugins\video_splitter\libpanoramix_plugin.so,禁止的固件、压缩包、模型、共享库或抓包类型
libwall_plugin.so,历史固件研究材料,14360,0.014,6743eececbf187fc547fdf3b9b85dbc34b4f2bcec9c297116ccc324f86bd97b2,C:\zyh\work\宇树固件\real_unitree_r1_1.4.2\opt\lib\vlc\plugins\video_splitter\libwall_plugin.so,禁止的固件、压缩包、模型、共享库或抓包类型
libglspectrum_plugin.so,历史固件研究材料,22472,0.021,d121ea7168917d3e4ef1fe32ee8ed8abe5aafab18bfa1bd2d0f8bc8dab05ce62,C:\zyh\work\宇树固件\real_unitree_r1_1.4.2\opt\lib\vlc\plugins\visualization\libglspectrum_plugin.so,禁止的固件、压缩包、模型、共享库或抓包类型
libvisual_plugin.so,历史固件研究材料,38936,0.037,175c258dbb6cfe9ded15042f97273359b526b05f285389500fb62cc248672c38,C:\zyh\work\宇树固件\real_unitree_r1_1.4.2\opt\lib\vlc\plugins\visualization\libvisual_plugin.so,禁止的固件、压缩包、模型、共享库或抓包类型
libconsole_bridge.so,历史固件研究材料,18672,0.018,0332014ed469b0504c2a2dd5cec26e56498f2d6f08e25ea3260ac8609eb1632d,C:\zyh\work\宇树固件\real_unitree_r1_1.4.2\opt\ros\foxy\lib\aarch64-linux-gnu\libconsole_bridge.so,禁止的固件、压缩包、模型、共享库或抓包类型
liburdfdom_model.so,历史固件研究材料,134008,0.128,73c5fe1cdaae3ee8a87d91186631586df8d0646c6ff2831aff87b026ff08bb34,C:\zyh\work\宇树固件\real_unitree_r1_1.4.2\opt\ros\foxy\lib\aarch64-linux-gnu\liburdfdom_model.so,禁止的固件、压缩包、模型、共享库或抓包类型
liburdfdom_model_state.so,历史固件研究材料,31240,0.030,6ab0a5e387474f5ba55b8196f667ec5704cc4480da16c29540f3fd3379025ac0,C:\zyh\work\宇树固件\real_unitree_r1_1.4.2\opt\ros\foxy\lib\aarch64-linux-gnu\liburdfdom_model_state.so,禁止的固件、压缩包、模型、共享库或抓包类型
liburdfdom_sensor.so,历史固件研究材料,26872,0.026,22832e5328fa8f48e8f5eb2d132e8c990617578258fe6550335f4f026af6bc5f,C:\zyh\work\宇树固件\real_unitree_r1_1.4.2\opt\ros\foxy\lib\aarch64-linux-gnu\liburdfdom_sensor.so,禁止的固件、压缩包、模型、共享库或抓包类型
liburdfdom_world.so,历史固件研究材料,134008,0.128,d096562fd114370f28c967108e8dff6f629eed4a7d25f26e8eeee4a4e66fcab8,C:\zyh\work\宇树固件\real_unitree_r1_1.4.2\opt\ros\foxy\lib\aarch64-linux-gnu\liburdfdom_world.so,禁止的固件、压缩包、模型、共享库或抓包类型
libaction_msgs__python.so,历史固件研究材料,22600,0.022,21fb542954b5114ef1c7525199cb9c598296f5e7069569ce8e9038112ead3df8,C:\zyh\work\宇树固件\real_unitree_r1_1.4.2\opt\ros\foxy\lib\libaction_msgs__python.so,禁止的固件、压缩包、模型、共享库或抓包类型
libaction_msgs__rosidl_generator_c.so,历史固件研究材料,26856,0.026,94691a42ea995925d98395c7b4c3b955eaf462af879e5235489b4375ca37351e,C:\zyh\work\宇树固件\real_unitree_r1_1.4.2\opt\ros\foxy\lib\libaction_msgs__rosidl_generator_c.so,禁止的固件、压缩包、模型、共享库或抓包类型
libaction_msgs__rosidl_typesupport_c.so,历史固件研究材料,10176,0.010,a993f96ce5c0a944487acb36751252b39e91b852a6315549c914608f5ba4fc3b,C:\zyh\work\宇树固件\real_unitree_r1_1.4.2\opt\ros\foxy\lib\libaction_msgs__rosidl_typesupport_c.so,禁止的固件、压缩包、模型、共享库或抓包类型
libaction_msgs__rosidl_typesupport_cpp.so,历史固件研究材料,14320,0.014,cdb1aa7332dcd3a2697362c9d1c7e0f64033884926f1617359e4c918d5a109a5,C:\zyh\work\宇树固件\real_unitree_r1_1.4.2\opt\ros\foxy\lib\libaction_msgs__rosidl_typesupport_cpp.so,禁止的固件、压缩包、模型、共享库或抓包类型
libaction_msgs__rosidl_typesupport_fastrtps_c.so,历史固件研究材料,18976,0.018,51c9b4d7486d8ba1d18a2d349105db710ecc47f2554c0e765a5a7390f3590854,C:\zyh\work\宇树固件\real_unitree_r1_1.4.2\opt\ros\foxy\lib\libaction_msgs__rosidl_typesupport_fastrtps_c.so,禁止的固件、压缩包、模型、共享库或抓包类型
libaction_msgs__rosidl_typesupport_fastrtps_cpp.so,历史固件研究材料,23160,0.022,d0b889f85bf3ba30a5116ba5c34c80ad13b980c4783865415f4a1087fb5b2cb1,C:\zyh\work\宇树固件\real_unitree_r1_1.4.2\opt\ros\foxy\lib\libaction_msgs__rosidl_typesupport_fastrtps_cpp.so,禁止的固件、压缩包、模型、共享库或抓包类型
libaction_msgs__rosidl_typesupport_introspection_c.so,历史固件研究材料,15232,0.015,0ce4a6e36a3770373f5e7fdc60885736dbc3657ce78f44aa48da0a80dccc4184,C:\zyh\work\宇树固件\real_unitree_r1_1.4.2\opt\ros\foxy\lib\libaction_msgs__rosidl_typesupport_introspection_c.so,禁止的固件、压缩包、模型、共享库或抓包类型
libaction_msgs__rosidl_typesupport_introspection_cpp.so,历史固件研究材料,19432,0.019,541d869aac3368988125dc7c7a4407bfea0881e1a91b09c66036ba04145dc9c6,C:\zyh\work\宇树固件\real_unitree_r1_1.4.2\opt\ros\foxy\lib\libaction_msgs__rosidl_typesupport_introspection_cpp.so,禁止的固件、压缩包、模型、共享库或抓包类型
libactionlib_msgs__python.so,历史固件研究材料,18528,0.018,629816d4f0cdb9693e384a152be5642fc4a5c4730663111f6e669f9539fdd35f,C:\zyh\work\宇树固件\real_unitree_r1_1.4.2\opt\ros\foxy\lib\libactionlib_msgs__python.so,禁止的固件、压缩包、模型、共享库或抓包类型
libactionlib_msgs__rosidl_generator_c.so,历史固件研究材料,22680,0.022,38448a8f1130479b856f027b22e2e6e76aca866753fdd277e639572c9faae9c7,C:\zyh\work\宇树固件\real_unitree_r1_1.4.2\opt\ros\foxy\lib\libactionlib_msgs__rosidl_generator_c.so,禁止的固件、压缩包、模型、共享库或抓包类型
libactionlib_msgs__rosidl_typesupport_c.so,历史固件研究材料,10096,0.010,69e0f0a09ce48f8547f9ed35e6c94649516ae44cb59f507f717c1f3348b5b922,C:\zyh\work\宇树固件\real_unitree_r1_1.4.2\opt\ros\foxy\lib\libactionlib_msgs__rosidl_typesupport_c.so,禁止的固件、压缩包、模型、共享库或抓包类型
libactionlib_msgs__rosidl_typesupport_cpp.so,历史固件研究材料,10120,0.010,db59f9710c9dc7cb8545568c2285a2104385a8739490841a44f1f96245b4eda0,C:\zyh\work\宇树固件\real_unitree_r1_1.4.2\opt\ros\foxy\lib\libactionlib_msgs__rosidl_typesupport_cpp.so,禁止的固件、压缩包、模型、共享库或抓包类型
libactionlib_msgs__rosidl_typesupport_fastrtps_c.so,历史固件研究材料,18880,0.018,33031c865d34728ee02870f282a8b8ede798bd5183d8b3fe6675ec8a3e371843,C:\zyh\work\宇树固件\real_unitree_r1_1.4.2\opt\ros\foxy\lib\libactionlib_msgs__rosidl_typesupport_fastrtps_c.so,禁止的固件、压缩包、模型、共享库或抓包类型
libactionlib_msgs__rosidl_typesupport_fastrtps_cpp.so,历史固件研究材料,18952,0.018,c842b8d0a9a31968b7418538f87e2c0cbda297a477f79467c2d3d25ab38ee30d,C:\zyh\work\宇树固件\real_unitree_r1_1.4.2\opt\ros\foxy\lib\libactionlib_msgs__rosidl_typesupport_fastrtps_cpp.so,禁止的固件、压缩包、模型、共享库或抓包类型
libactionlib_msgs__rosidl_typesupport_introspection_c.so,历史固件研究材料,10864,0.010,d61f8ea2928876ad9f5250aa66ca5948758e58c39d75bba93e309accaed175bc,C:\zyh\work\宇树固件\real_unitree_r1_1.4.2\opt\ros\foxy\lib\libactionlib_msgs__rosidl_typesupport_introspection_c.so,禁止的固件、压缩包、模型、共享库或抓包类型
libactionlib_msgs__rosidl_typesupport_introspection_cpp.so,历史固件研究材料,15232,0.015,8bdcc32531be6c8584b0c79fc84e41dd388584ebc455bfd453ae6da32a9a3e33,C:\zyh\work\宇树固件\real_unitree_r1_1.4.2\opt\ros\foxy\lib\libactionlib_msgs__rosidl_typesupport_introspection_cpp.so,禁止的固件、压缩包、模型、共享库或抓包类型
libament_index_cpp.so,历史固件研究材料,31264,0.030,675eeb5054414710397c23eaeae41bc1932c66d8652b2f2254970bf13b2fa93c,C:\zyh\work\宇树固件\real_unitree_r1_1.4.2\opt\ros\foxy\lib\libament_index_cpp.so,禁止的固件、压缩包、模型、共享库或抓包类型
libbuiltin_interfaces__python.so,历史固件研究材料,10192,0.010,d4dac449fb7031856c14d612f3944b1099990fa6db21c4a211b4cdab5b30c7e1,C:\zyh\work\宇树固件\real_unitree_r1_1.4.2\opt\ros\foxy\lib\libbuiltin_interfaces__python.so,禁止的固件、压缩包、模型、共享库或抓包类型
libbuiltin_interfaces__rosidl_generator_c.so,历史固件研究材料,14328,0.014,8fba8a746488e6a09b304c7b36c68e8b77b33f7fed1dfeb1c073f787286413aa,C:\zyh\work\宇树固件\real_unitree_r1_1.4.2\opt\ros\foxy\lib\libbuiltin_interfaces__rosidl_generator_c.so,禁止的固件、压缩包、模型、共享库或抓包类型
libbuiltin_interfaces__rosidl_typesupport_c.so,历史固件研究材料,5976,0.006,03c3af9d7b49ece8edb68ea3d47df0832ab33db6e038beff47335593472074c1,C:\zyh\work\宇树固件\real_unitree_r1_1.4.2\opt\ros\foxy\lib\libbuiltin_interfaces__rosidl_typesupport_c.so,禁止的固件、压缩包、模型、共享库或抓包类型
libbuiltin_interfaces__rosidl_typesupport_cpp.so,历史固件研究材料,10088,0.010,62d4018e62dbda0af3caf069132ec74dcebefd44983017725afa316b3257afe3,C:\zyh\work\宇树固件\real_unitree_r1_1.4.2\opt\ros\foxy\lib\libbuiltin_interfaces__rosidl_typesupport_cpp.so,禁止的固件、压缩包、模型、共享库或抓包类型
libbuiltin_interfaces__rosidl_typesupport_fastrtps_c.so,历史固件研究材料,10320,0.010,9298abaa4f83ede2d99aa8ae5910f73447ca7ada3481d47c6e005e9937f41025,C:\zyh\work\宇树固件\real_unitree_r1_1.4.2\opt\ros\foxy\lib\libbuiltin_interfaces__rosidl_typesupport_fastrtps_c.so,禁止的固件、压缩包、模型、共享库或抓包类型
libbuiltin_interfaces__rosidl_typesupport_fastrtps_cpp.so,历史固件研究材料,10344,0.010,d2922a7e54663a7d8221b71ad69dfbb5a820b421e1867ca41409cc78adf80729,C:\zyh\work\宇树固件\real_unitree_r1_1.4.2\opt\ros\foxy\lib\libbuiltin_interfaces__rosidl_typesupport_fastrtps_cpp.so,禁止的固件、压缩包、模型、共享库或抓包类型
libbuiltin_interfaces__rosidl_typesupport_introspection_c.so,历史固件研究材料,10488,0.010,5fdc7e6a11a576d69d76ba072f17052ac777d0ffc5622e9522be038d7dd8d7a0,C:\zyh\work\宇树固件\real_unitree_r1_1.4.2\opt\ros\foxy\lib\libbuiltin_interfaces__rosidl_typesupport_introspection_c.so,禁止的固件、压缩包、模型、共享库或抓包类型
libbuiltin_interfaces__rosidl_typesupport_introspection_cpp.so,历史固件研究材料,10072,0.010,9aa8288135d06fdc5966c50aaa2535b079aeb9c2ac131b03e9e2f95e4dad4450,C:\zyh\work\宇树固件\real_unitree_r1_1.4.2\opt\ros\foxy\lib\libbuiltin_interfaces__rosidl_typesupport_introspection_cpp.so,禁止的固件、压缩包、模型、共享库或抓包类型
libclass_loader.so,历史固件研究材料,76968,0.073,fd03b111bd274affba3f0a0fd68e0a27b0acc7c92e14c80c53eb4344db19f394,C:\zyh\work\宇树固件\real_unitree_r1_1.4.2\opt\ros\foxy\lib\libclass_loader.so,禁止的固件、压缩包、模型、共享库或抓包类型
libcomponent_manager.so,历史固件研究材料,188088,0.179,a3f1dfc21c83cf8207cd2f80dc855e7660d2c1e12c49606d10115bf11af2e1b9,C:\zyh\work\宇树固件\real_unitree_r1_1.4.2\opt\ros\foxy\lib\libcomponent_manager.so,禁止的固件、压缩包、模型、共享库或抓包类型
libcomposition_interfaces__python.so,历史固件研究材料,30872,0.029,7736f0a571cb12bcd7a53defe1f160dcc2c6149a3c5a994fbcd61c1ae06ee3fa,C:\zyh\work\宇树固件\real_unitree_r1_1.4.2\opt\ros\foxy\lib\libcomposition_interfaces__python.so,禁止的固件、压缩包、模型、共享库或抓包类型
libcomposition_interfaces__rosidl_generator_c.so,历史固件研究材料,35128,0.034,164514367c507558395168dfc6729c77ad199f46fd63c570033058f7776bc25e,C:\zyh\work\宇树固件\real_unitree_r1_1.4.2\opt\ros\foxy\lib\libcomposition_interfaces__rosidl_generator_c.so,禁止的固件、压缩包、模型、共享库或抓包类型
libcomposition_interfaces__rosidl_typesupport_c.so,历史固件研究材料,14344,0.014,72b4d6679397cd555d74e9f259d1dc83cc6c3b1530e7000ae7e69aaf9ec0440b,C:\zyh\work\宇树固件\real_unitree_r1_1.4.2\opt\ros\foxy\lib\libcomposition_interfaces__rosidl_typesupport_c.so,禁止的固件、压缩包、模型、共享库或抓包类型
libcomposition_interfaces__rosidl_typesupport_cpp.so,历史固件研究材料,14416,0.014,4859ebfe1482fbea45071bdd8db9df35aec34c064e80c4f1f5a619a8a0ee8b74,C:\zyh\work\宇树固件\real_unitree_r1_1.4.2\opt\ros\foxy\lib\libcomposition_interfaces__rosidl_typesupport_cpp.so,禁止的固件、压缩包、模型、共享库或抓包类型
libcomposition_interfaces__rosidl_typesupport_fastrtps_c.so,历史固件研究材料,27584,0.026,b887bc8c9bcaa3b4eb3d2e853309c5a0c416d1ef967ba26c54c7a708cff113fb,C:\zyh\work\宇树固件\real_unitree_r1_1.4.2\opt\ros\foxy\lib\libcomposition_interfaces__rosidl_typesupport_fastrtps_c.so,禁止的固件、压缩包、模型、共享库或抓包类型
libcomposition_interfaces__rosidl_typesupport_fastrtps_cpp.so,历史固件研究材料,35944,0.034,568d01eaf0de90766fc03c6515a78703720d4f859a1e506cb9e75a2d1b31b677,C:\zyh\work\宇树固件\real_unitree_r1_1.4.2\opt\ros\foxy\lib\libcomposition_interfaces__rosidl_typesupport_fastrtps_cpp.so,禁止的固件、压缩包、模型、共享库或抓包类型
libcomposition_interfaces__rosidl_typesupport_introspection_c.so,历史固件研究材料,20432,0.019,5383650abd519a1b5ae9cb1e75dee3a031ac0a9842cfcea39fd785f3c7fe542c,C:\zyh\work\宇树固件\real_unitree_r1_1.4.2\opt\ros\foxy\lib\libcomposition_interfaces__rosidl_typesupport_introspection_c.so,禁止的固件、压缩包、模型、共享库或抓包类型
libcomposition_interfaces__rosidl_typesupport_introspection_cpp.so,历史固件研究材料,32064,0.031,9c65f0aec9efa540d5f28a9bb74c1c7730a0e6d910855fec596416ddbce1e7e0,C:\zyh\work\宇树固件\real_unitree_r1_1.4.2\opt\ros\foxy\lib\libcomposition_interfaces__rosidl_typesupport_introspection_cpp.so,禁止的固件、压缩包、模型、共享库或抓包类型
libconverter_test_plugins.so,历史固件研究材料,26920,0.026,8f94939ef0fffe4250a630ec6eb7c96596896f981ec26450891e3024c03436bb,C:\zyh\work\宇树固件\real_unitree_r1_1.4.2\opt\ros\foxy\lib\libconverter_test_plugins.so,禁止的固件、压缩包、模型、共享库或抓包类型
libdiagnostic_msgs__python.so,历史固件研究材料,26712,0.025,684a5b7d0be8d31235f5df86f1aece5aa7f07aa3a06efa7330914533becdcb96,C:\zyh\work\宇树固件\real_unitree_r1_1.4.2\opt\ros\foxy\lib\libdiagnostic_msgs__python.so,禁止的固件、压缩包、模型、共享库或抓包类型
libdiagnostic_msgs__rosidl_generator_c.so,历史固件研究材料,35144,0.034,a15012eb7022beffa01294f5dfee14d889574c91fb2578cd0ba9540dd66bb7c5,C:\zyh\work\宇树固件\real_unitree_r1_1.4.2\opt\ros\foxy\lib\libdiagnostic_msgs__rosidl_generator_c.so,禁止的固件、压缩包、模型、共享库或抓包类型
libdiagnostic_msgs__rosidl_typesupport_c.so,历史固件研究材料,14344,0.014,1ab6fc2f744988ddd4d3a64a463d1500447dba902252e83c06e10facd2747164,C:\zyh\work\宇树固件\real_unitree_r1_1.4.2\opt\ros\foxy\lib\libdiagnostic_msgs__rosidl_typesupport_c.so,禁止的固件、压缩包、模型、共享库或抓包类型
libdiagnostic_msgs__rosidl_typesupport_cpp.so,历史固件研究材料,14416,0.014,ca0d26f879cada7384779067efdd8ab8ded66667c3608088e766990fd0772e3c,C:\zyh\work\宇树固件\real_unitree_r1_1.4.2\opt\ros\foxy\lib\libdiagnostic_msgs__rosidl_typesupport_cpp.so,禁止的固件、压缩包、模型、共享库或抓包类型
libdiagnostic_msgs__rosidl_typesupport_fastrtps_c.so,历史固件研究材料,27576,0.026,dc7abc9fcf9f16fab6cfe1d22b5f331d4c01e6403ccfb9245b12a498d5254329,C:\zyh\work\宇树固件\real_unitree_r1_1.4.2\opt\ros\foxy\lib\libdiagnostic_msgs__rosidl_typesupport_fastrtps_c.so,禁止的固件、压缩包、模型、共享库或抓包类型
libdiagnostic_msgs__rosidl_typesupport_fastrtps_cpp.so,历史固件研究材料,35904,0.034,b6df4879cbf915181db2f98f86d56fcbc09319aaa7e65b760397402df2b9b31c,C:\zyh\work\宇树固件\real_unitree_r1_1.4.2\opt\ros\foxy\lib\libdiagnostic_msgs__rosidl_typesupport_fastrtps_cpp.so,禁止的固件、压缩包、模型、共享库或抓包类型
libdiagnostic_msgs__rosidl_typesupport_introspection_c.so,历史固件研究材料,20240,0.019,165ef1e996d07d2aa454922ad4e3c6db4323ede80f28a2ea12518930d2e47277,C:\zyh\work\宇树固件\real_unitree_r1_1.4.2\opt\ros\foxy\lib\libdiagnostic_msgs__rosidl_typesupport_introspection_c.so,禁止的固件、压缩包、模型、共享库或抓包类型
libdiagnostic_msgs__rosidl_typesupport_introspection_cpp.so,历史固件研究材料,32192,0.031,40ce95fa6a45ce9bb303da6158df4b5301919131db1e3157d3fbe29e6b68cd2e,C:\zyh\work\宇树固件\real_unitree_r1_1.4.2\opt\ros\foxy\lib\libdiagnostic_msgs__rosidl_typesupport_introspection_cpp.so,禁止的固件、压缩包、模型、共享库或抓包类型
libexample_interfaces__python.so,历史固件研究材料,121232,0.116,d932391b04b28dcb1bbf1dc03e5b9667c57293042600278938563913a74d6217,C:\zyh\work\宇树固件\real_unitree_r1_1.4.2\opt\ros\foxy\lib\libexample_interfaces__python.so,禁止的固件、压缩包、模型、共享库或抓包类型
libexample_interfaces__rosidl_generator_c.so,历史固件研究材料,188824,0.180,4cebdb646c2924774acd4aaeb5360dbc2b553cc28df2908292dc15e97e1e5a1a,C:\zyh\work\宇树固件\real_unitree_r1_1.4.2\opt\ros\foxy\lib\libexample_interfaces__rosidl_generator_c.so,禁止的固件、压缩包、模型、共享库或抓包类型
libexample_interfaces__rosidl_typesupport_c.so,历史固件研究材料,43992,0.042,960aa14fa2e93fc0ace04d1bd2841140ed84c13b36c83cbafcb09865099d9804,C:\zyh\work\宇树固件\real_unitree_r1_1.4.2\opt\ros\foxy\lib\libexample_interfaces__rosidl_typesupport_c.so,禁止的固件、压缩包、模型、共享库或抓包类型
libexample_interfaces__rosidl_typesupport_cpp.so,历史固件研究材料,56648,0.054,b06b16fd1cae4cb6e6a157460023c229e96593159f7ea860b98a686016a42705,C:\zyh\work\宇树固件\real_unitree_r1_1.4.2\opt\ros\foxy\lib\libexample_interfaces__rosidl_typesupport_cpp.so,禁止的固件、压缩包、模型、共享库或抓包类型
libexample_interfaces__rosidl_typesupport_fastrtps_c.so,历史固件研究材料,88728,0.085,c2bc3a257ad3e092d838c71471681bdffbd76e1b86e0685e34ab7f60d2e84d6c,C:\zyh\work\宇树固件\real_unitree_r1_1.4.2\opt\ros\foxy\lib\libexample_interfaces__rosidl_typesupport_fastrtps_c.so,禁止的固件、压缩包、模型、共享库或抓包类型
libexample_interfaces__rosidl_typesupport_fastrtps_cpp.so,历史固件研究材料,126208,0.120,8ed7979b40b671f0c82dd9020d945ef34f47dd4a728cfc578e200accf378d8db,C:\zyh\work\宇树固件\real_unitree_r1_1.4.2\opt\ros\foxy\lib\libexample_interfaces__rosidl_typesupport_fastrtps_cpp.so,禁止的固件、压缩包、模型、共享库或抓包类型
libexample_interfaces__rosidl_typesupport_introspection_c.so,历史固件研究材料,63384,0.060,d02072a6750ca04f049d379ae1923e2b7d06e5467989db229008f76e0cb15e53,C:\zyh\work\宇树固件\real_unitree_r1_1.4.2\opt\ros\foxy\lib\libexample_interfaces__rosidl_typesupport_introspection_c.so,禁止的固件、压缩包、模型、共享库或抓包类型
libexample_interfaces__rosidl_typesupport_introspection_cpp.so,历史固件研究材料,97056,0.093,7205b35f45948498e77ca68a215835c3bf85d88b84ff43f393db4d442304a5fb,C:\zyh\work\宇树固件\real_unitree_r1_1.4.2\opt\ros\foxy\lib\libexample_interfaces__rosidl_typesupport_introspection_cpp.so,禁止的固件、压缩包、模型、共享库或抓包类型
libfastcdr.so,历史固件研究材料,72424,0.069,d17646b6a67e0a01662509a13793650643b8671f4f3d87ca3f96018453928190,C:\zyh\work\宇树固件\real_unitree_r1_1.4.2\opt\ros\foxy\lib\libfastcdr.so,禁止的固件、压缩包、模型、共享库或抓包类型
libfastrtps.so,历史固件研究材料,7743824,7.385,dbd97840cf531783b6d480e08aae38924997e44cb004e0244479dedaccd6d47d,C:\zyh\work\宇树固件\real_unitree_r1_1.4.2\opt\ros\foxy\lib\libfastrtps.so,禁止的固件、压缩包、模型、共享库或抓包类型
libgeometry_msgs__python.so,历史固件研究材料,76072,0.073,dea5a68f8af4298e95d6063b5cba407c4c9a1177db3bf9fd2e457f613dd0e09f,C:\zyh\work\宇树固件\real_unitree_r1_1.4.2\opt\ros\foxy\lib\libgeometry_msgs__python.so,禁止的固件、压缩包、模型、共享库或抓包类型
libgeometry_msgs__rosidl_generator_c.so,历史固件研究材料,134512,0.128,bfb7ef51c59abd85d3241dba8f1e635bb3799baaabc89a22a341cf001f94c5d0,C:\zyh\work\宇树固件\real_unitree_r1_1.4.2\opt\ros\foxy\lib\libgeometry_msgs__rosidl_generator_c.so,禁止的固件、压缩包、模型、共享库或抓包类型
libgeometry_msgs__rosidl_typesupport_c.so,历史固件研究材料,31200,0.030,a0fc336efe45a644818d4dd7a4ede37e0ecd41e85031625236d3eed349e49f11,C:\zyh\work\宇树固件\real_unitree_r1_1.4.2\opt\ros\foxy\lib\libgeometry_msgs__rosidl_typesupport_c.so,禁止的固件、压缩包、模型、共享库或抓包类型
libgeometry_msgs__rosidl_typesupport_cpp.so,历史固件研究材料,35528,0.034,d9c728d255e88513dcf9bd6feff0423e920adf83eb5eba5f6e5186df9a7cee9c,C:\zyh\work\宇树固件\real_unitree_r1_1.4.2\opt\ros\foxy\lib\libgeometry_msgs__rosidl_typesupport_cpp.so,禁止的固件、压缩包、模型、共享库或抓包类型
libgeometry_msgs__rosidl_typesupport_fastrtps_c.so,历史固件研究材料,62248,0.059,8b94fac1354e2c489c27def8953193bbdf2d11f73acfc3a526801df4734492c9,C:\zyh\work\宇树固件\real_unitree_r1_1.4.2\opt\ros\foxy\lib\libgeometry_msgs__rosidl_typesupport_fastrtps_c.so,禁止的固件、压缩包、模型、共享库或抓包类型
libgeometry_msgs__rosidl_typesupport_fastrtps_cpp.so,历史固件研究材料,74760,0.071,4c7cd900d8a254fdd005c2c6bd4425c3b1284070c03aa42c9109f1ea64486c7b,C:\zyh\work\宇树固件\real_unitree_r1_1.4.2\opt\ros\foxy\lib\libgeometry_msgs__rosidl_typesupport_fastrtps_cpp.so,禁止的固件、压缩包、模型、共享库或抓包类型
libgeometry_msgs__rosidl_typesupport_introspection_c.so,历史固件研究材料,46728,0.045,cf069c56f83c089822daedcc3cd236b44345b5d0676a6b80b2aec5b62050553c,C:\zyh\work\宇树固件\real_unitree_r1_1.4.2\opt\ros\foxy\lib\libgeometry_msgs__rosidl_typesupport_introspection_c.so,禁止的固件、压缩包、模型、共享库或抓包类型
libgeometry_msgs__rosidl_typesupport_introspection_cpp.so,历史固件研究材料,61392,0.059,06c003c4ebd9f4d75eab5eac57b68d8b74d14bf0c2d7f0d89e115ed7e9d1fcae,C:\zyh\work\宇树固件\real_unitree_r1_1.4.2\opt\ros\foxy\lib\libgeometry_msgs__rosidl_typesupport_introspection_cpp.so,禁止的固件、压缩包、模型、共享库或抓包类型
libkdl_parser.so,历史固件研究材料,31264,0.030,c8380fb8c0a5498b7227c4c0ba107723881382e735e98a7760ebed05bb5c066e,C:\zyh\work\宇树固件\real_unitree_r1_1.4.2\opt\ros\foxy\lib\libkdl_parser.so,禁止的固件、压缩包、模型、共享库或抓包类型
liblibstatistics_collector.so,历史固件研究材料,22792,0.022,3ced2b29b001baf5db61b850f55819bfda2163bcfff0fd2e2880c605fe3d54ad,C:\zyh\work\宇树固件\real_unitree_r1_1.4.2\opt\ros\foxy\lib\liblibstatistics_collector.so,禁止的固件、压缩包、模型、共享库或抓包类型
liblibstatistics_collector_test_msgs__python.so,历史固件研究材料,10184,0.010,fac502e3466bcadd459e5f7c447f0a1f92b5bc98934dc10ab673d67bed15a66f,C:\zyh\work\宇树固件\real_unitree_r1_1.4.2\opt\ros\foxy\lib\liblibstatistics_collector_test_msgs__python.so,禁止的固件、压缩包、模型、共享库或抓包类型
liblibstatistics_collector_test_msgs__rosidl_generator_c.so,历史固件研究材料,10216,0.010,1cd0f06e6296cec376a1b9fd4b00f8037ffb150df156780c468f7ba0319b7ceb,C:\zyh\work\宇树固件\real_unitree_r1_1.4.2\opt\ros\foxy\lib\liblibstatistics_collector_test_msgs__rosidl_generator_c.so,禁止的固件、压缩包、模型、共享库或抓包类型
liblibstatistics_collector_test_msgs__rosidl_typesupport_c.so,历史固件研究材料,5952,0.006,86685ef52eabc495161991a26b6defa2baf62211ea0c28600445c57fd3e2afc4,C:\zyh\work\宇树固件\real_unitree_r1_1.4.2\opt\ros\foxy\lib\liblibstatistics_collector_test_msgs__rosidl_typesupport_c.so,禁止的固件、压缩包、模型、共享库或抓包类型
liblibstatistics_collector_test_msgs__rosidl_typesupport_cpp.so,历史固件研究材料,5960,0.006,00c7fba194475439ac38fe3337ab03317c18b50660eb524e2bbdf4b991d3de86,C:\zyh\work\宇树固件\real_unitree_r1_1.4.2\opt\ros\foxy\lib\liblibstatistics_collector_test_msgs__rosidl_typesupport_cpp.so,禁止的固件、压缩包、模型、共享库或抓包类型
liblibstatistics_collector_test_msgs__rosidl_typesupport_fastrtps_c.so,历史固件研究材料,10240,0.010,ea171905470f66df644fc3c01dffaadc19d5b86f3c889320a69e79684f9b4e03,C:\zyh\work\宇树固件\real_unitree_r1_1.4.2\opt\ros\foxy\lib\liblibstatistics_collector_test_msgs__rosidl_typesupport_fastrtps_c.so,禁止的固件、压缩包、模型、共享库或抓包类型
liblibstatistics_collector_test_msgs__rosidl_typesupport_fastrtps_cpp.so,历史固件研究材料,10256,0.010,5f533156fc20cd706aa05c69109a4ea87de7d2debb2c8530e821f400c2b59a45,C:\zyh\work\宇树固件\real_unitree_r1_1.4.2\opt\ros\foxy\lib\liblibstatistics_collector_test_msgs__rosidl_typesupport_fastrtps_cpp.so,禁止的固件、压缩包、模型、共享库或抓包类型
liblibstatistics_collector_test_msgs__rosidl_typesupport_introspection_c.so,历史固件研究材料,6072,0.006,e9b6cd33e1852120d0ee3716db9ffa7ba31fd5c260219065cbb249310b9b2c8d,C:\zyh\work\宇树固件\real_unitree_r1_1.4.2\opt\ros\foxy\lib\liblibstatistics_collector_test_msgs__rosidl_typesupport_introspection_c.so,禁止的固件、压缩包、模型、共享库或抓包类型
liblibstatistics_collector_test_msgs__rosidl_typesupport_introspection_cpp.so,历史固件研究材料,10432,0.010,8bfae8061092c8e5305053fb9ae5cd0f778257e749602c4d5118c0aaaa9fa25b,C:\zyh\work\宇树固件\real_unitree_r1_1.4.2\opt\ros\foxy\lib\liblibstatistics_collector_test_msgs__rosidl_typesupport_introspection_cpp.so,禁止的固件、压缩包、模型、共享库或抓包类型
liblifecycle_msgs__python.so,历史固件研究材料,34928,0.033,c1760492195e00b83e190fc5149b7a13550364c4dd8c5299fe6d4b63333042aa,C:\zyh\work\宇树固件\real_unitree_r1_1.4.2\opt\ros\foxy\lib\liblifecycle_msgs__python.so,禁止的固件、压缩包、模型、共享库或抓包类型
liblifecycle_msgs__rosidl_generator_c.so,历史固件研究材料,55832,0.053,ebaa85cf2766d017b6535bf0b57b40cb6e543471566c8fbff3bc97a4038a2405,C:\zyh\work\宇树固件\real_unitree_r1_1.4.2\opt\ros\foxy\lib\liblifecycle_msgs__rosidl_generator_c.so,禁止的固件、压缩包、模型、共享库或抓包类型
liblifecycle_msgs__rosidl_typesupport_c.so,历史固件研究材料,18608,0.018,2df3037106e5f447999f7e05afe4249345ef310d5eb2672fc8844a5c49d57518,C:\zyh\work\宇树固件\real_unitree_r1_1.4.2\opt\ros\foxy\lib\liblifecycle_msgs__rosidl_typesupport_c.so,禁止的固件、压缩包、模型、共享库或抓包类型
liblifecycle_msgs__rosidl_typesupport_cpp.so,历史固件研究材料,22832,0.022,9522da9773f2c87e97df6548b5918c8aef6c3e2e6493c3747a8b2a96dfa975e4,C:\zyh\work\宇树固件\real_unitree_r1_1.4.2\opt\ros\foxy\lib\liblifecycle_msgs__rosidl_typesupport_cpp.so,禁止的固件、压缩包、模型、共享库或抓包类型
liblifecycle_msgs__rosidl_typesupport_fastrtps_c.so,历史固件研究材料,32256,0.031,a867a26510dc642138cfbdffc926fa3d9bfaaa374decdbf11659a7abd52245ae,C:\zyh\work\宇树固件\real_unitree_r1_1.4.2\opt\ros\foxy\lib\liblifecycle_msgs__rosidl_typesupport_fastrtps_c.so,禁止的固件、压缩包、模型、共享库或抓包类型
liblifecycle_msgs__rosidl_typesupport_fastrtps_cpp.so,历史固件研究材料,44728,0.043,0cfb45c08f068a25aef573810431774a521cbf5452bfbb50e961f0f5f1db69bd,C:\zyh\work\宇树固件\real_unitree_r1_1.4.2\opt\ros\foxy\lib\liblifecycle_msgs__rosidl_typesupport_fastrtps_cpp.so,禁止的固件、压缩包、模型、共享库或抓包类型
liblifecycle_msgs__rosidl_typesupport_introspection_c.so,历史固件研究材料,24968,0.024,2846dee4a9ac4dae4ca0d0a8e86ceceafa04d02206dadd30fda38105562b06cf,C:\zyh\work\宇树固件\real_unitree_r1_1.4.2\opt\ros\foxy\lib\liblifecycle_msgs__rosidl_typesupport_introspection_c.so,禁止的固件、压缩包、模型、共享库或抓包类型
liblifecycle_msgs__rosidl_typesupport_introspection_cpp.so,历史固件研究材料,36640,0.035,0c6568e812bd4446ea92224075ebe6a9feee6615895987d4f945bc9d553b6a3c,C:\zyh\work\宇树固件\real_unitree_r1_1.4.2\opt\ros\foxy\lib\liblifecycle_msgs__rosidl_typesupport_introspection_cpp.so,禁止的固件、压缩包、模型、共享库或抓包类型
libmessage_filters.so,历史固件研究材料,6040,0.006,2d0ad54281c97e8021e457c7a1298ed4d586e80622c231c8443d523f43190926,C:\zyh\work\宇树固件\real_unitree_r1_1.4.2\opt\ros\foxy\lib\libmessage_filters.so,禁止的固件、压缩包、模型、共享库或抓包类型
libnav_msgs__python.so,历史固件研究材料,39232,0.037,221c8b74538f6cb64d5d212ad3feb40eed7d590bb0d05836bc5646bfb5c0366b,C:\zyh\work\宇树固件\real_unitree_r1_1.4.2\opt\ros\foxy\lib\libnav_msgs__python.so,禁止的固件、压缩包、模型、共享库或抓包类型
libnav_msgs__rosidl_generator_c.so,历史固件研究材料,56080,0.053,cc98aca0152735667af59c3f16d0dbd2c125c6cfefaeb251bed192bb2e3e63ad,C:\zyh\work\宇树固件\real_unitree_r1_1.4.2\opt\ros\foxy\lib\libnav_msgs__rosidl_generator_c.so,禁止的固件、压缩包、模型、共享库或抓包类型
libnav_msgs__rosidl_typesupport_c.so,历史固件研究材料,18560,0.018,87f304ae270fedff2b648234a728cbe0919571910debb78ef7f2ac8e478cb238,C:\zyh\work\宇树固件\real_unitree_r1_1.4.2\opt\ros\foxy\lib\libnav_msgs__rosidl_typesupport_c.so,禁止的固件、压缩包、模型、共享库或抓包类型
libnav_msgs__rosidl_typesupport_cpp.so,历史固件研究材料,18672,0.018,0331c1525b257c98cde6f8d77fd8cc66efd35da091800521ed77f36980cac17f,C:\zyh\work\宇树固件\real_unitree_r1_1.4.2\opt\ros\foxy\lib\libnav_msgs__rosidl_typesupport_cpp.so,禁止的固件、压缩包、模型、共享库或抓包类型
libnav_msgs__rosidl_typesupport_fastrtps_c.so,历史固件研究材料,36408,0.035,825db31ffd503515d8c49eda6f06e6847c223bacd6a3c91cbf31affff7a4ec3f,C:\zyh\work\宇树固件\real_unitree_r1_1.4.2\opt\ros\foxy\lib\libnav_msgs__rosidl_typesupport_fastrtps_c.so,禁止的固件、压缩包、模型、共享库或抓包类型
libnav_msgs__rosidl_typesupport_fastrtps_cpp.so,历史固件研究材料,44856,0.043,8639dae3e713862bb19b0f535a725816e8b8d2577925d88a93a94c3979f3eb13,C:\zyh\work\宇树固件\real_unitree_r1_1.4.2\opt\ros\foxy\lib\libnav_msgs__rosidl_typesupport_fastrtps_cpp.so,禁止的固件、压缩包、模型、共享库或抓包类型
libnav_msgs__rosidl_typesupport_introspection_c.so,历史固件研究材料,25688,0.024,6fa2f7ed249257f381228a68c33c1c4a77cc444db4f573fb864b3595987f58bb,C:\zyh\work\宇树固件\real_unitree_r1_1.4.2\opt\ros\foxy\lib\libnav_msgs__rosidl_typesupport_introspection_c.so,禁止的固件、压缩包、模型、共享库或抓包类型
libnav_msgs__rosidl_typesupport_introspection_cpp.so,历史固件研究材料,37960,0.036,d8b4609ee0661e8dfc4e89ba56206967addb2d6f9466a78e4dc439fb0eb02bef,C:\zyh\work\宇树固件\real_unitree_r1_1.4.2\opt\ros\foxy\lib\libnav_msgs__rosidl_typesupport_introspection_cpp.so,禁止的固件、压缩包、模型、共享库或抓包类型
liborocos-kdl.so,历史固件研究材料,550064,0.525,ee20f421ab86bf00c0f83da5505365d408c000c05607593e62a277929795c157,C:\zyh\work\宇树固件\real_unitree_r1_1.4.2\opt\ros\foxy\lib\liborocos-kdl.so,禁止的固件、压缩包、模型、共享库或抓包类型
librcl.so,历史固件研究材料,223912,0.214,676ca00bd660bc664ea4b37a96ac54efad4d365da5ae0f68d01af0b2560c96d3,C:\zyh\work\宇树固件\real_unitree_r1_1.4.2\opt\ros\foxy\lib\librcl.so,禁止的固件、压缩包、模型、共享库或抓包类型
librcl_action.so,历史固件研究材料,64752,0.062,44eebc6568b9f2c9f835eb9bf52eee88af8e796f8b11f56ac94c3403f73e06a1,C:\zyh\work\宇树固件\real_unitree_r1_1.4.2\opt\ros\foxy\lib\librcl_action.so,禁止的固件、压缩包、模型、共享库或抓包类型
librcl_interfaces__python.so,历史固件研究材料,88432,0.084,83620f2593e130cb073f888832dfb7377d399fb3567102aa95f423d1e997256c,C:\zyh\work\宇树固件\real_unitree_r1_1.4.2\opt\ros\foxy\lib\librcl_interfaces__python.so,禁止的固件、压缩包、模型、共享库或抓包类型
librcl_interfaces__rosidl_generator_c.so,历史固件研究材料,105800,0.101,a860a4c3b87b68cab7bd1e63b02e3b935122e23a30a21976b7fc4df58420bea4,C:\zyh\work\宇树固件\real_unitree_r1_1.4.2\opt\ros\foxy\lib\librcl_interfaces__rosidl_generator_c.so,禁止的固件、压缩包、模型、共享库或抓包类型
librcl_interfaces__rosidl_typesupport_c.so,历史固件研究材料,27112,0.026,46f8d1766396237aee84224d78f52803cfee7f3958356e465f4f9396b3eac4e1,C:\zyh\work\宇树固件\real_unitree_r1_1.4.2\opt\ros\foxy\lib\librcl_interfaces__rosidl_typesupport_c.so,禁止的固件、压缩包、模型、共享库或抓包类型
librcl_interfaces__rosidl_typesupport_cpp.so,历史固件研究材料,35536,0.034,f60a4c294a794d4461bb47f723661ac09234ab1e38894424e8e59480c136f2cf,C:\zyh\work\宇树固件\real_unitree_r1_1.4.2\opt\ros\foxy\lib\librcl_interfaces__rosidl_typesupport_cpp.so,禁止的固件、压缩包、模型、共享库或抓包类型
librcl_interfaces__rosidl_typesupport_fastrtps_c.so,历史固件研究材料,74616,0.071,c5bc3853c29824a73014ce8fd928706b9ccdfbe92f9cfe8efb072a6e3c6598ff,C:\zyh\work\宇树固件\real_unitree_r1_1.4.2\opt\ros\foxy\lib\librcl_interfaces__rosidl_typesupport_fastrtps_c.so,禁止的固件、压缩包、模型、共享库或抓包类型
librcl_interfaces__rosidl_typesupport_fastrtps_cpp.so,历史固件研究材料,99552,0.095,8b587753c57de303ecdd033924c19f6106ee4db84b4dd5acd32eca86e3404afa,C:\zyh\work\宇树固件\real_unitree_r1_1.4.2\opt\ros\foxy\lib\librcl_interfaces__rosidl_typesupport_fastrtps_cpp.so,禁止的固件、压缩包、模型、共享库或抓包类型
librcl_interfaces__rosidl_typesupport_introspection_c.so,历史固件研究材料,53976,0.051,a68908c2804ec8c82ffcf819f7a1cdbbfef17fa09b60ca22aa317602f5376bc3,C:\zyh\work\宇树固件\real_unitree_r1_1.4.2\opt\ros\foxy\lib\librcl_interfaces__rosidl_typesupport_introspection_c.so,禁止的固件、压缩包、模型、共享库或抓包类型
librcl_interfaces__rosidl_typesupport_introspection_cpp.so,历史固件研究材料,92392,0.088,e2883f5ceba5f3e172b9768834f045d193a53bcdb6bfe4996b359586a1e108d2,C:\zyh\work\宇树固件\real_unitree_r1_1.4.2\opt\ros\foxy\lib\librcl_interfaces__rosidl_typesupport_introspection_cpp.so,禁止的固件、压缩包、模型、共享库或抓包类型
librcl_lifecycle.so,历史固件研究材料,31280,0.030,2f9eb5fe45596aa5ad9bfcd6b8328050143f2acd2d055d6f92063df9e3cfbe82,C:\zyh\work\宇树固件\real_unitree_r1_1.4.2\opt\ros\foxy\lib\librcl_lifecycle.so,禁止的固件、压缩包、模型、共享库或抓包类型
librcl_logging_spdlog.so,历史固件研究材料,43664,0.042,f182416ed6305cd1d4c90482007a8d6995d5e10a913fddf8c62970e9f8a34273,C:\zyh\work\宇树固件\real_unitree_r1_1.4.2\opt\ros\foxy\lib\librcl_logging_spdlog.so,禁止的固件、压缩包、模型、共享库或抓包类型
librcl_yaml_param_parser.so,历史固件研究材料,35072,0.033,0fa4f2a88f5bb0704cf2ef3730cf0252012e1470c9a2d56e3337421be831f233,C:\zyh\work\宇树固件\real_unitree_r1_1.4.2\opt\ros\foxy\lib\librcl_yaml_param_parser.so,禁止的固件、压缩包、模型、共享库或抓包类型
librclcpp.so,历史固件研究材料,1799432,1.716,6cb4d8078ce479868f88fd0767f69c4409dd8375de3749a125c684ff2dfe5ff1,C:\zyh\work\宇树固件\real_unitree_r1_1.4.2\opt\ros\foxy\lib\librclcpp.so,禁止的固件、压缩包、模型、共享库或抓包类型
librclcpp_action.so,历史固件研究材料,118296,0.113,585e21c2b437ff2c39de2f14f8e97fdb93782fec5917d9bf8513374dc64219e0,C:\zyh\work\宇树固件\real_unitree_r1_1.4.2\opt\ros\foxy\lib\librclcpp_action.so,禁止的固件、压缩包、模型、共享库或抓包类型
librclcpp_lifecycle.so,历史固件研究材料,220864,0.211,747929b9c661c11740f642f678ec99cfac498fbf778bc08334115f29f8bd083a,C:\zyh\work\宇树固件\real_unitree_r1_1.4.2\opt\ros\foxy\lib\librclcpp_lifecycle.so,禁止的固件、压缩包、模型、共享库或抓包类型
librclpy_common.so,历史固件研究材料,18560,0.018,b7747cdf4793eee2815307b6213a89d216d37aa230307ffe823252668281831a,C:\zyh\work\宇树固件\real_unitree_r1_1.4.2\opt\ros\foxy\lib\librclpy_common.so,禁止的固件、压缩包、模型、共享库或抓包类型
librcpputils.so,历史固件研究材料,27088,0.026,bcba2a21fb40b6b67d06f82c930f2c41bb2e77c41fbba091b4dbadf3636e2c6a,C:\zyh\work\宇树固件\real_unitree_r1_1.4.2\opt\ros\foxy\lib\librcpputils.so,禁止的固件、压缩包、模型、共享库或抓包类型
librcutils.so,历史固件研究材料,85080,0.081,bbe97fc0e333a1a52920212b0a4bb2212dcfd8edc0bf2c5f4d1c23412ee1c312,C:\zyh\work\宇树固件\real_unitree_r1_1.4.2\opt\ros\foxy\lib\librcutils.so,禁止的固件、压缩包、模型、共享库或抓包类型
librmw.so,历史固件研究材料,26776,0.026,fbcd26d8d78fa0986492cd85547b24df06b5ea1a6bb14161c2de8110e1223dc1,C:\zyh\work\宇树固件\real_unitree_r1_1.4.2\opt\ros\foxy\lib\librmw.so,禁止的固件、压缩包、模型、共享库或抓包类型
librmw_cyclonedds_cpp.so,历史固件研究材料,477880,0.456,981a90f29ce774b37d3a2987e0947844f884d8e67f96429b4eea71c2cd606897,C:\zyh\work\宇树固件\real_unitree_r1_1.4.2\opt\ros\foxy\lib\librmw_cyclonedds_cpp.so,禁止的固件、压缩包、模型、共享库或抓包类型
librmw_dds_common.so,历史固件研究材料,72648,0.069,ea6caef2afa93311441e0787ac2548e50d0ddf78d0983f94fc099ffeebf5e8f6,C:\zyh\work\宇树固件\real_unitree_r1_1.4.2\opt\ros\foxy\lib\librmw_dds_common.so,禁止的固件、压缩包、模型、共享库或抓包类型
librmw_dds_common__python.so,历史固件研究材料,18496,0.018,fef87e5dc7865cce3981875a97ebcd7d6baa80d81bf7843830afe2184f51acea,C:\zyh\work\宇树固件\real_unitree_r1_1.4.2\opt\ros\foxy\lib\librmw_dds_common__python.so,禁止的固件、压缩包、模型、共享库或抓包类型
librmw_dds_common__rosidl_generator_c.so,历史固件研究材料,18536,0.018,e32eba85ff278157cc1e284f6ad6841627b46e1e79236db210eb598f81141a9a,C:\zyh\work\宇树固件\real_unitree_r1_1.4.2\opt\ros\foxy\lib\librmw_dds_common__rosidl_generator_c.so,禁止的固件、压缩包、模型、共享库或抓包类型
librmw_dds_common__rosidl_typesupport_c.so,历史固件研究材料,10096,0.010,3ba5b5f6544ca9860b96716716832f6c8361af2430ea714d11d815e89d6b9428,C:\zyh\work\宇树固件\real_unitree_r1_1.4.2\opt\ros\foxy\lib\librmw_dds_common__rosidl_typesupport_c.so,禁止的固件、压缩包、模型、共享库或抓包类型
librmw_dds_common__rosidl_typesupport_cpp.so,历史固件研究材料,10120,0.010,f2c101872bf0b95b5ed2bcd40b429e37d44a13cf77b2433c9a82a96add9e29f1,C:\zyh\work\宇树固件\real_unitree_r1_1.4.2\opt\ros\foxy\lib\librmw_dds_common__rosidl_typesupport_cpp.so,禁止的固件、压缩包、模型、共享库或抓包类型
librmw_dds_common__rosidl_typesupport_fastrtps_c.so,历史固件研究材料,18848,0.018,efbbfcef3134a7e7a04916ca9a5f8b8e1bbe5ab633274ee51032a9a841278102,C:\zyh\work\宇树固件\real_unitree_r1_1.4.2\opt\ros\foxy\lib\librmw_dds_common__rosidl_typesupport_fastrtps_c.so,禁止的固件、压缩包、模型、共享库或抓包类型
librmw_dds_common__rosidl_typesupport_fastrtps_cpp.so,历史固件研究材料,18904,0.018,2158a4d97ac182a4b80e03824082b397876309f81dc74f9781f4e9b212120536,C:\zyh\work\宇树固件\real_unitree_r1_1.4.2\opt\ros\foxy\lib\librmw_dds_common__rosidl_typesupport_fastrtps_cpp.so,禁止的固件、压缩包、模型、共享库或抓包类型
librmw_dds_common__rosidl_typesupport_introspection_c.so,历史固件研究材料,14960,0.014,0d283309ec9e60b38eb0a2e82d292de2d59fb58247c6f2200a15691669ba8d02,C:\zyh\work\宇树固件\real_unitree_r1_1.4.2\opt\ros\foxy\lib\librmw_dds_common__rosidl_typesupport_introspection_c.so,禁止的固件、压缩包、模型、共享库或抓包类型
librmw_dds_common__rosidl_typesupport_introspection_cpp.so,历史固件研究材料,19232,0.018,a3e5affa366c1f44d6655e739c8a9c61d61471e64fcf0c6393a005e53adf2712,C:\zyh\work\宇树固件\real_unitree_r1_1.4.2\opt\ros\foxy\lib\librmw_dds_common__rosidl_typesupport_introspection_cpp.so,禁止的固件、压缩包、模型、共享库或抓包类型
librmw_fastrtps_cpp.so,历史固件研究材料,208568,0.199,ca2256bba0ab987d857a35a9751086b3e95fc3e48a91e7099f050a299d467652,C:\zyh\work\宇树固件\real_unitree_r1_1.4.2\opt\ros\foxy\lib\librmw_fastrtps_cpp.so,禁止的固件、压缩包、模型、共享库或抓包类型
librmw_fastrtps_shared_cpp.so,历史固件研究材料,262192,0.250,a832c317ac419712cfc056e9166aaf352cfde656bd40cfbc9f298b84a4784dbb,C:\zyh\work\宇树固件\real_unitree_r1_1.4.2\opt\ros\foxy\lib\librmw_fastrtps_shared_cpp.so,禁止的固件、压缩包、模型、共享库或抓包类型
librmw_implementation.so,历史固件研究材料,39216,0.037,42765fae4d760724a0b2f6648670a695d6fec374d387765785fbff50e45a9421,C:\zyh\work\宇树固件\real_unitree_r1_1.4.2\opt\ros\foxy\lib\librmw_implementation.so,禁止的固件、压缩包、模型、共享库或抓包类型
librobot_state_publisher_node.so,历史固件研究材料,497184,0.474,74ae64c0024df884001526c7338103b4fd912ce9d7ac7e43b6d535982b020173,C:\zyh\work\宇树固件\real_unitree_r1_1.4.2\opt\ros\foxy\lib\librobot_state_publisher_node.so,禁止的固件、压缩包、模型、共享库或抓包类型
librosbag2_compression.so,历史固件研究材料,97496,0.093,84e6305af582214cbf1499c6b70f31985acf1407d62b63232ece89914fbcec51,C:\zyh\work\宇树固件\real_unitree_r1_1.4.2\opt\ros\foxy\lib\librosbag2_compression.so,禁止的固件、压缩包、模型、共享库或抓包类型
librosbag2_compression_zstd.so,历史固件研究材料,51984,0.050,03b7f41ebc723af56fe6f6b7ca0ff92fa935d913c62ec2356a0ad86f46ca8643,C:\zyh\work\宇树固件\real_unitree_r1_1.4.2\opt\ros\foxy\lib\librosbag2_compression_zstd.so,禁止的固件、压缩包、模型、共享库或抓包类型
librosbag2_converter_default_plugins.so,历史固件研究材料,167760,0.160,8769150267120c0aa0ef26db5523ed98bfbb6c803bb475168614949dffab0d65,C:\zyh\work\宇树固件\real_unitree_r1_1.4.2\opt\ros\foxy\lib\librosbag2_converter_default_plugins.so,禁止的固件、压缩包、模型、共享库或抓包类型
librosbag2_cpp.so,历史固件研究材料,495984,0.473,f3806e119eda2d6dd958ecf41f7837a5e2c456d2600c9e75e4b32225594e43e6,C:\zyh\work\宇树固件\real_unitree_r1_1.4.2\opt\ros\foxy\lib\librosbag2_cpp.so,禁止的固件、压缩包、模型、共享库或抓包类型
librosbag2_storage.so,历史固件研究材料,570240,0.544,726fe232d6607faa99c3b775ab63afec892da477fddf1a003b92de620dbc1f19,C:\zyh\work\宇树固件\real_unitree_r1_1.4.2\opt\ros\foxy\lib\librosbag2_storage.so,禁止的固件、压缩包、模型、共享库或抓包类型
librosbag2_storage_default_plugins.so,历史固件研究材料,130400,0.124,35e31ecb2fbc1547610e18845832b6e9a48914f57b7abd1b53643b211089d3aa,C:\zyh\work\宇树固件\real_unitree_r1_1.4.2\opt\ros\foxy\lib\librosbag2_storage_default_plugins.so,禁止的固件、压缩包、模型、共享库或抓包类型
librosbag2_transport.so,历史固件研究材料,312384,0.298,3ebe322a5dc5778b1222d259bcb5bef19fa0164adf8842e89ea92816ce586e44,C:\zyh\work\宇树固件\real_unitree_r1_1.4.2\opt\ros\foxy\lib\librosbag2_transport.so,禁止的固件、压缩包、模型、共享库或抓包类型
librosgraph_msgs__python.so,历史固件研究材料,10176,0.010,25903f87f794447d1919f6c2b30f642a46ca772a743ee3fb9d7edb0d4baa75e8,C:\zyh\work\宇树固件\real_unitree_r1_1.4.2\opt\ros\foxy\lib\librosgraph_msgs__python.so,禁止的固件、压缩包、模型、共享库或抓包类型
librosgraph_msgs__rosidl_generator_c.so,历史固件研究材料,10216,0.010,b16ce1db3024cd07d1425280d2a50463a7ef08d44a597f529b94714307ee7a91,C:\zyh\work\宇树固件\real_unitree_r1_1.4.2\opt\ros\foxy\lib\librosgraph_msgs__rosidl_generator_c.so,禁止的固件、压缩包、模型、共享库或抓包类型
librosgraph_msgs__rosidl_typesupport_c.so,历史固件研究材料,5952,0.006,2243f29c8d49b91870a411462b5ccb3b224bcf7dee02b5bea7a73fb0dcbbd698,C:\zyh\work\宇树固件\real_unitree_r1_1.4.2\opt\ros\foxy\lib\librosgraph_msgs__rosidl_typesupport_c.so,禁止的固件、压缩包、模型、共享库或抓包类型
librosgraph_msgs__rosidl_typesupport_cpp.so,历史固件研究材料,5960,0.006,b8713a171fc9a4c5bd168c1550add8b62b44d56cefa82155131e78f1aa8eac93,C:\zyh\work\宇树固件\real_unitree_r1_1.4.2\opt\ros\foxy\lib\librosgraph_msgs__rosidl_typesupport_cpp.so,禁止的固件、压缩包、模型、共享库或抓包类型
librosgraph_msgs__rosidl_typesupport_fastrtps_c.so,历史固件研究材料,10240,0.010,0b6df6e8bfc56859eb4e033b55c501f5aa9370b90c848b753049f840afa94f6b,C:\zyh\work\宇树固件\real_unitree_r1_1.4.2\opt\ros\foxy\lib\librosgraph_msgs__rosidl_typesupport_fastrtps_c.so,禁止的固件、压缩包、模型、共享库或抓包类型
librosgraph_msgs__rosidl_typesupport_fastrtps_cpp.so,历史固件研究材料,10256,0.010,d44cdbaeec87b974960dbdb03ea16a2fb6f4bf6896c3d1f110cc97cf36c8d62f,C:\zyh\work\宇树固件\real_unitree_r1_1.4.2\opt\ros\foxy\lib\librosgraph_msgs__rosidl_typesupport_fastrtps_cpp.so,禁止的固件、压缩包、模型、共享库或抓包类型
librosgraph_msgs__rosidl_typesupport_introspection_c.so,历史固件研究材料,6072,0.006,ab62704c15f1fae1fa00e64d32d75a500044895c2145a2b02a510d84778c4834,C:\zyh\work\宇树固件\real_unitree_r1_1.4.2\opt\ros\foxy\lib\librosgraph_msgs__rosidl_typesupport_introspection_c.so,禁止的固件、压缩包、模型、共享库或抓包类型
librosgraph_msgs__rosidl_typesupport_introspection_cpp.so,历史固件研究材料,6056,0.006,a7e8371693225bf6c399a6ab2a214b1512087ba503cb288c1a5c8becadc7f030,C:\zyh\work\宇树固件\real_unitree_r1_1.4.2\opt\ros\foxy\lib\librosgraph_msgs__rosidl_typesupport_introspection_cpp.so,禁止的固件、压缩包、模型、共享库或抓包类型
librosidl_runtime_c.so,历史固件研究材料,39120,0.037,dda294f7cc70491db7bf3fda91ec3f96b341c06bb0c71921d4feabb92e6cbd2b,C:\zyh\work\宇树固件\real_unitree_r1_1.4.2\opt\ros\foxy\lib\librosidl_runtime_c.so,禁止的固件、压缩包、模型、共享库或抓包类型
librosidl_typesupport_c.so,历史固件研究材料,14504,0.014,3924fc0ebd763c61da512aa11241465afd680eb1a3a89ed6678420ffd887da64,C:\zyh\work\宇树固件\real_unitree_r1_1.4.2\opt\ros\foxy\lib\librosidl_typesupport_c.so,禁止的固件、压缩包、模型、共享库或抓包类型
librosidl_typesupport_cpp.so,历史固件研究材料,18656,0.018,71ea67f09f9f4b96e8528f71396e57d469b4513b35d0a2cc586914e7ce5ccb6f,C:\zyh\work\宇树固件\real_unitree_r1_1.4.2\opt\ros\foxy\lib\librosidl_typesupport_cpp.so,禁止的固件、压缩包、模型、共享库或抓包类型
librosidl_typesupport_fastrtps_c.so,历史固件研究材料,6024,0.006,67d7b4680a0fa63347d67cfe7be81f674270126c55b735112ce06bf4ecaf80e8,C:\zyh\work\宇树固件\real_unitree_r1_1.4.2\opt\ros\foxy\lib\librosidl_typesupport_fastrtps_c.so,禁止的固件、压缩包、模型、共享库或抓包类型
librosidl_typesupport_fastrtps_cpp.so,历史固件研究材料,10272,0.010,a41766f8de725e84a8e8751dcc054333af10e12d128feda7440fe41c1fe4e360,C:\zyh\work\宇树固件\real_unitree_r1_1.4.2\opt\ros\foxy\lib\librosidl_typesupport_fastrtps_cpp.so,禁止的固件、压缩包、模型、共享库或抓包类型
librosidl_typesupport_introspection_c.so,历史固件研究材料,5856,0.006,63f40d9fa55a335f22ad566528d320a4e213c12e68a209397875f2b6933402f1,C:\zyh\work\宇树固件\real_unitree_r1_1.4.2\opt\ros\foxy\lib\librosidl_typesupport_introspection_c.so,禁止的固件、压缩包、模型、共享库或抓包类型
librosidl_typesupport_introspection_cpp.so,历史固件研究材料,5856,0.006,2fb5552e5b77656cbce8af28621ee4b9bfc322d0c8a5a254b6dd5dda653a5521,C:\zyh\work\宇树固件\real_unitree_r1_1.4.2\opt\ros\foxy\lib\librosidl_typesupport_introspection_cpp.so,禁止的固件、压缩包、模型、共享库或抓包类型
libsensor_msgs__python.so,历史固件研究材料,129496,0.123,ef1e5633f937af339425a56bcadb01587af778fd1fa4d42ddf2d1c9089f56caf,C:\zyh\work\宇树固件\real_unitree_r1_1.4.2\opt\ros\foxy\lib\libsensor_msgs__python.so,禁止的固件、压缩包、模型、共享库或抓包类型
libsensor_msgs__rosidl_generator_c.so,历史固件研究材料,134928,0.129,1703bce75573ac485c88d8839ab70b38b8bfe4d32478dc871f822a06182977dc,C:\zyh\work\宇树固件\real_unitree_r1_1.4.2\opt\ros\foxy\lib\libsensor_msgs__rosidl_generator_c.so,禁止的固件、压缩包、模型、共享库或抓包类型
libsensor_msgs__rosidl_typesupport_c.so,历史固件研究材料,31232,0.030,f3eca8cdef7f5e0eb614e8562e42901c9775c4587d78b49e595bc6cadbf9a5b2,C:\zyh\work\宇树固件\real_unitree_r1_1.4.2\opt\ros\foxy\lib\libsensor_msgs__rosidl_typesupport_c.so,禁止的固件、压缩包、模型、共享库或抓包类型
libsensor_msgs__rosidl_typesupport_cpp.so,历史固件研究材料,39664,0.038,961cb87308fe11ea9ca6ed846f02315e100e75efda7affdb3b32d7f52c9839b4,C:\zyh\work\宇树固件\real_unitree_r1_1.4.2\opt\ros\foxy\lib\libsensor_msgs__rosidl_typesupport_cpp.so,禁止的固件、压缩包、模型、共享库或抓包类型
libsensor_msgs__rosidl_typesupport_fastrtps_c.so,历史固件研究材料,83152,0.079,cab776bea2298ac8304d5866f1fbc7dd8e5896428d493851d3c71cde8a537d73,C:\zyh\work\宇树固件\real_unitree_r1_1.4.2\opt\ros\foxy\lib\libsensor_msgs__rosidl_typesupport_fastrtps_c.so,禁止的固件、压缩包、模型、共享库或抓包类型
libsensor_msgs__rosidl_typesupport_fastrtps_cpp.so,历史固件研究材料,108168,0.103,c222bb49bb1abcbf10833726667393800b56c39e30fe3e8a5ff32e4945c69c33,C:\zyh\work\宇树固件\real_unitree_r1_1.4.2\opt\ros\foxy\lib\libsensor_msgs__rosidl_typesupport_fastrtps_cpp.so,禁止的固件、压缩包、模型、共享库或抓包类型
libsensor_msgs__rosidl_typesupport_introspection_c.so,历史固件研究材料,66008,0.063,a6301a1cb01350098ccdcdd8a53ded6606b52d6089d0fc375c636fba259856ce,C:\zyh\work\宇树固件\real_unitree_r1_1.4.2\opt\ros\foxy\lib\libsensor_msgs__rosidl_typesupport_introspection_c.so,禁止的固件、压缩包、模型、共享库或抓包类型
libsensor_msgs__rosidl_typesupport_introspection_cpp.so,历史固件研究材料,109120,0.104,9c5f005b10f46f9b0f554df8dffb9e370f53a24faafc42cbb7bf5a472cbb64fb,C:\zyh\work\宇树固件\real_unitree_r1_1.4.2\opt\ros\foxy\lib\libsensor_msgs__rosidl_typesupport_introspection_cpp.so,禁止的固件、压缩包、模型、共享库或抓包类型
libshape_msgs__python.so,历史固件研究材料,22648,0.022,90a0e8d06cb0a1965c2a655ad6f93a7d63b7465c3cca691f4c72cf598a51a276,C:\zyh\work\宇树固件\real_unitree_r1_1.4.2\opt\ros\foxy\lib\libshape_msgs__python.so,禁止的固件、压缩包、模型、共享库或抓包类型
libshape_msgs__rosidl_generator_c.so,历史固件研究材料,22696,0.022,0497c766503ec9a7e1f0f5412a7b64900fe350a9fabb158d58c92017effff739,C:\zyh\work\宇树固件\real_unitree_r1_1.4.2\opt\ros\foxy\lib\libshape_msgs__rosidl_generator_c.so,禁止的固件、压缩包、模型、共享库或抓包类型
libshape_msgs__rosidl_typesupport_c.so,历史固件研究材料,10120,0.010,abc612fd2324e60085755d8ab29c510d3d543d156ce5b340fcc51263f818b5c7,C:\zyh\work\宇树固件\real_unitree_r1_1.4.2\opt\ros\foxy\lib\libshape_msgs__rosidl_typesupport_c.so,禁止的固件、压缩包、模型、共享库或抓包类型
libshape_msgs__rosidl_typesupport_cpp.so,历史固件研究材料,10152,0.010,8f8848d22b6d4b682315aa3093bcb02ab53fefef919421fa274738f024583347,C:\zyh\work\宇树固件\real_unitree_r1_1.4.2\opt\ros\foxy\lib\libshape_msgs__rosidl_typesupport_cpp.so,禁止的固件、压缩包、模型、共享库或抓包类型
libshape_msgs__rosidl_typesupport_fastrtps_c.so,历史固件研究材料,14720,0.014,819b1dcc233074bd8e5c55e6cc8e3283b1ee85afec4d0b8b6f3d3426e674f459,C:\zyh\work\宇树固件\real_unitree_r1_1.4.2\opt\ros\foxy\lib\libshape_msgs__rosidl_typesupport_fastrtps_c.so,禁止的固件、压缩包、模型、共享库或抓包类型
libshape_msgs__rosidl_typesupport_fastrtps_cpp.so,历史固件研究材料,23144,0.022,4da80534efe5aca326cdbd05b4b65a86edee6ba3511803c1b2fe549ed03db5c2,C:\zyh\work\宇树固件\real_unitree_r1_1.4.2\opt\ros\foxy\lib\libshape_msgs__rosidl_typesupport_fastrtps_cpp.so,禁止的固件、压缩包、模型、共享库或抓包类型
libshape_msgs__rosidl_typesupport_introspection_c.so,历史固件研究材料,14904,0.014,c0641110516ba1a67eedd7c8f1cb8e1ef2c5e9d9469755c9fc768a1ef2f80d31,C:\zyh\work\宇树固件\real_unitree_r1_1.4.2\opt\ros\foxy\lib\libshape_msgs__rosidl_typesupport_introspection_c.so,禁止的固件、压缩包、模型、共享库或抓包类型
libshape_msgs__rosidl_typesupport_introspection_cpp.so,历史固件研究材料,18736,0.018,9dd8edf42026a172b550b9bdb790ce0be260b43983621445c54536a4c282b18a,C:\zyh\work\宇树固件\real_unitree_r1_1.4.2\opt\ros\foxy\lib\libshape_msgs__rosidl_typesupport_introspection_cpp.so,禁止的固件、压缩包、模型、共享库或抓包类型
libstatic_transform_broadcaster_node.so,历史固件研究材料,159128,0.152,966fd036589e4c12fc23f330c524407c5112ce943977abd1ab73fc3701ba08d6,C:\zyh\work\宇树固件\real_unitree_r1_1.4.2\opt\ros\foxy\lib\libstatic_transform_broadcaster_node.so,禁止的固件、压缩包、模型、共享库或抓包类型
libstatistics_msgs__python.so,历史固件研究材料,18512,0.018,427558e2204573ac871fea9c4d31c5355f85fa0baf6d8fcbebb37e35e531721d,C:\zyh\work\宇树固件\real_unitree_r1_1.4.2\opt\ros\foxy\lib\libstatistics_msgs__python.so,禁止的固件、压缩包、模型、共享库或抓包类型
libstatistics_msgs__rosidl_generator_c.so,历史固件研究材料,18552,0.018,bd37556bb0db0d6f996a8b70f151c582c63a5065493e6118eb88e000fee9e9b8,C:\zyh\work\宇树固件\real_unitree_r1_1.4.2\opt\ros\foxy\lib\libstatistics_msgs__rosidl_generator_c.so,禁止的固件、压缩包、模型、共享库或抓包类型
libstatistics_msgs__rosidl_typesupport_c.so,历史固件研究材料,10096,0.010,a192b428a98bb8b0e3e32930e7bcbc2ddef96416bef4a37341aacf648527e9f0,C:\zyh\work\宇树固件\real_unitree_r1_1.4.2\opt\ros\foxy\lib\libstatistics_msgs__rosidl_typesupport_c.so,禁止的固件、压缩包、模型、共享库或抓包类型
libstatistics_msgs__rosidl_typesupport_cpp.so,历史固件研究材料,10120,0.010,570dcde0e7550a7e64ad509fac7d84c069f254dde5808b8f212e727cae0d450b,C:\zyh\work\宇树固件\real_unitree_r1_1.4.2\opt\ros\foxy\lib\libstatistics_msgs__rosidl_typesupport_cpp.so,禁止的固件、压缩包、模型、共享库或抓包类型
libstatistics_msgs__rosidl_typesupport_fastrtps_c.so,历史固件研究材料,18864,0.018,97fd90e706249b3ed568579c2496f391476827d22b4841bbffeb857a85675880,C:\zyh\work\宇树固件\real_unitree_r1_1.4.2\opt\ros\foxy\lib\libstatistics_msgs__rosidl_typesupport_fastrtps_c.so,禁止的固件、压缩包、模型、共享库或抓包类型
libstatistics_msgs__rosidl_typesupport_fastrtps_cpp.so,历史固件研究材料,18784,0.018,f2213801074299fdc17957c8d363960bb94e1ae60e518d438ddbddd08dc1873d,C:\zyh\work\宇树固件\real_unitree_r1_1.4.2\opt\ros\foxy\lib\libstatistics_msgs__rosidl_typesupport_fastrtps_cpp.so,禁止的固件、压缩包、模型、共享库或抓包类型
libstatistics_msgs__rosidl_typesupport_introspection_c.so,历史固件研究材料,11040,0.011,1371ad0cf0f788377c2fe883348e798b75a7eb78fe1459f8c8de1ab54f432e38,C:\zyh\work\宇树固件\real_unitree_r1_1.4.2\opt\ros\foxy\lib\libstatistics_msgs__rosidl_typesupport_introspection_c.so,禁止的固件、压缩包、模型、共享库或抓包类型
libstatistics_msgs__rosidl_typesupport_introspection_cpp.so,历史固件研究材料,15088,0.014,f8107a98515f9bbbe3d6e3d19e31003b3de03dfea3cc5f3c540c059b7abdf1d4,C:\zyh\work\宇树固件\real_unitree_r1_1.4.2\opt\ros\foxy\lib\libstatistics_msgs__rosidl_typesupport_introspection_cpp.so,禁止的固件、压缩包、模型、共享库或抓包类型
libstd_msgs__python.so,历史固件研究材料,88368,0.084,2b0144c154ac5fcec0e32177ab77cc9307cb88440f79d91a43ca46f717efa1e1,C:\zyh\work\宇树固件\real_unitree_r1_1.4.2\opt\ros\foxy\lib\libstd_msgs__python.so,禁止的固件、压缩包、模型、共享库或抓包类型
libstd_msgs__rosidl_generator_c.so,历史固件研究材料,130792,0.125,d8691b06805c362c351849e0ec9d4b6c8749a487b2e06e648f23cf0dc104024e,C:\zyh\work\宇树固件\real_unitree_r1_1.4.2\opt\ros\foxy\lib\libstd_msgs__rosidl_generator_c.so,禁止的固件、压缩包、模型、共享库或抓包类型
libstd_msgs__rosidl_typesupport_c.so,历史固件研究材料,31224,0.030,09995c0d34f6398d6d117cb6d0db3c6c95bd65803d59807c6f8555110d84bf66,C:\zyh\work\宇树固件\real_unitree_r1_1.4.2\opt\ros\foxy\lib\libstd_msgs__rosidl_typesupport_c.so,禁止的固件、压缩包、模型、共享库或抓包类型
libstd_msgs__rosidl_typesupport_cpp.so,历史固件研究材料,35560,0.034,eab9e3ef1db2f5487fc7a00deaf2ee87a95614c9a88b065830fac7de69ee6bca,C:\zyh\work\宇树固件\real_unitree_r1_1.4.2\opt\ros\foxy\lib\libstd_msgs__rosidl_typesupport_cpp.so,禁止的固件、压缩包、模型、共享库或抓包类型
libstd_msgs__rosidl_typesupport_fastrtps_c.so,历史固件研究材料,62536,0.060,97e1330591f65e4f8886ff9db7a6aed7ef37c4d9e70fd5305a04e3af7dbdff37,C:\zyh\work\宇树固件\real_unitree_r1_1.4.2\opt\ros\foxy\lib\libstd_msgs__rosidl_typesupport_fastrtps_c.so,禁止的固件、压缩包、模型、共享库或抓包类型
libstd_msgs__rosidl_typesupport_fastrtps_cpp.so,历史固件研究材料,87544,0.083,6885d7e9a39497ec556ebc67dd44456dc3a16c44a0fcc7ea2d2f2dbe52b3df08,C:\zyh\work\宇树固件\real_unitree_r1_1.4.2\opt\ros\foxy\lib\libstd_msgs__rosidl_typesupport_fastrtps_cpp.so,禁止的固件、压缩包、模型、共享库或抓包类型
libstd_msgs__rosidl_typesupport_introspection_c.so,历史固件研究材料,44544,0.042,372bfb8941c26a9ba0c28287ed8a0aae14932c95178f8a651c298740ac95553c,C:\zyh\work\宇树固件\real_unitree_r1_1.4.2\opt\ros\foxy\lib\libstd_msgs__rosidl_typesupport_introspection_c.so,禁止的固件、压缩包、模型、共享库或抓包类型
libstd_msgs__rosidl_typesupport_introspection_cpp.so,历史固件研究材料,66936,0.064,5113914c30593e91501730debfcd5d07befb028dd345dd5d9b4334781383789a,C:\zyh\work\宇树固件\real_unitree_r1_1.4.2\opt\ros\foxy\lib\libstd_msgs__rosidl_typesupport_introspection_cpp.so,禁止的固件、压缩包、模型、共享库或抓包类型
libstd_srvs__python.so,历史固件研究材料,18400,0.018,5bf6611ec71c312b09eaf5ee3aebb4f483a6c67e6fedcdc3f4dbeaa4a1476821,C:\zyh\work\宇树固件\real_unitree_r1_1.4.2\opt\ros\foxy\lib\libstd_srvs__python.so,禁止的固件、压缩包、模型、共享库或抓包类型
libstd_srvs__rosidl_generator_c.so,历史固件研究材料,30936,0.030,30ead8fb2be5a350482383a1dc7759d6f65bd205b8deb75837a0b7c0636b9ae8,C:\zyh\work\宇树固件\real_unitree_r1_1.4.2\opt\ros\foxy\lib\libstd_srvs__rosidl_generator_c.so,禁止的固件、压缩包、模型、共享库或抓包类型
libstd_srvs__rosidl_typesupport_c.so,历史固件研究材料,14344,0.014,bf6045294fdfcc09e66e145922240262ab0b8935fef08b6a147c737abbd8b208,C:\zyh\work\宇树固件\real_unitree_r1_1.4.2\opt\ros\foxy\lib\libstd_srvs__rosidl_typesupport_c.so,禁止的固件、压缩包、模型、共享库或抓包类型
libstd_srvs__rosidl_typesupport_cpp.so,历史固件研究材料,14416,0.014,99c2db4ba6ff5a4a7c9793dedd392131d379ba13f257a4f804b46a975980630c,C:\zyh\work\宇树固件\real_unitree_r1_1.4.2\opt\ros\foxy\lib\libstd_srvs__rosidl_typesupport_cpp.so,禁止的固件、压缩包、模型、共享库或抓包类型
libstd_srvs__rosidl_typesupport_fastrtps_c.so,历史固件研究材料,19280,0.018,a9b990f58960ed4f186415ceade232359761050a4b0ebc22633f160b821bfa40,C:\zyh\work\宇树固件\real_unitree_r1_1.4.2\opt\ros\foxy\lib\libstd_srvs__rosidl_typesupport_fastrtps_c.so,禁止的固件、压缩包、模型、共享库或抓包类型
libstd_srvs__rosidl_typesupport_fastrtps_cpp.so,历史固件研究材料,23336,0.022,10806b903ca7435f27a76f7c51bd0427c5e94fc5505940088fa1177a4d38e101,C:\zyh\work\宇树固件\real_unitree_r1_1.4.2\opt\ros\foxy\lib\libstd_srvs__rosidl_typesupport_fastrtps_cpp.so,禁止的固件、压缩包、模型、共享库或抓包类型
libstd_srvs__rosidl_typesupport_introspection_c.so,历史固件研究材料,15352,0.015,b6cb4d1b301e89a56b58772e66d953d7e5be720085a6e90f4b96bc7cf6590186,C:\zyh\work\宇树固件\real_unitree_r1_1.4.2\opt\ros\foxy\lib\libstd_srvs__rosidl_typesupport_introspection_c.so,禁止的固件、压缩包、模型、共享库或抓包类型
libstd_srvs__rosidl_typesupport_introspection_cpp.so,历史固件研究材料,18888,0.018,18bd919758381bf8657b771b988c3e8558e572283016cdfa751e27444399db5f,C:\zyh\work\宇树固件\real_unitree_r1_1.4.2\opt\ros\foxy\lib\libstd_srvs__rosidl_typesupport_introspection_cpp.so,禁止的固件、压缩包、模型、共享库或抓包类型
libstereo_msgs__python.so,历史固件研究材料,10232,0.010,b2dde034fc72a82bb7c46392ff46026f5bcec58e2a04c81b4db696f5a498b087,C:\zyh\work\宇树固件\real_unitree_r1_1.4.2\opt\ros\foxy\lib\libstereo_msgs__python.so,禁止的固件、压缩包、模型、共享库或抓包类型
libstereo_msgs__rosidl_generator_c.so,历史固件研究材料,14376,0.014,5c2b2e374e503219629b56d15f18da119cd6266daf98452f4991496a615c1e7f,C:\zyh\work\宇树固件\real_unitree_r1_1.4.2\opt\ros\foxy\lib\libstereo_msgs__rosidl_generator_c.so,禁止的固件、压缩包、模型、共享库或抓包类型
libstereo_msgs__rosidl_typesupport_c.so,历史固件研究材料,5952,0.006,8b3dc4f6584cee7883f88f1767e2f594a45e5c17a2b624c598b9844a65c9dd85,C:\zyh\work\宇树固件\real_unitree_r1_1.4.2\opt\ros\foxy\lib\libstereo_msgs__rosidl_typesupport_c.so,禁止的固件、压缩包、模型、共享库或抓包类型
libstereo_msgs__rosidl_typesupport_cpp.so,历史固件研究材料,5960,0.006,0b0cd0ffbceb9d2eb6fc46fb789879e26e78369eb83bfa2e2c5d985082a5dbb7,C:\zyh\work\宇树固件\real_unitree_r1_1.4.2\opt\ros\foxy\lib\libstereo_msgs__rosidl_typesupport_cpp.so,禁止的固件、压缩包、模型、共享库或抓包类型
libstereo_msgs__rosidl_typesupport_fastrtps_c.so,历史固件研究材料,10304,0.010,d326655ec8d80f0e12394e3f828f1db67c01ea5a569ee6354d9ee0e2bc3bfc77,C:\zyh\work\宇树固件\real_unitree_r1_1.4.2\opt\ros\foxy\lib\libstereo_msgs__rosidl_typesupport_fastrtps_c.so,禁止的固件、压缩包、模型、共享库或抓包类型
libstereo_msgs__rosidl_typesupport_fastrtps_cpp.so,历史固件研究材料,10336,0.010,b49c60731a785844793f188470996c570e61eab7e7b5606fb5f0fe5ab7c098d9,C:\zyh\work\宇树固件\real_unitree_r1_1.4.2\opt\ros\foxy\lib\libstereo_msgs__rosidl_typesupport_fastrtps_cpp.so,禁止的固件、压缩包、模型、共享库或抓包类型
libstereo_msgs__rosidl_typesupport_introspection_c.so,历史固件研究材料,10856,0.010,7b2f38aa6bc822ecc283a625fb84addcb923866455f7577f014915748a76ff69,C:\zyh\work\宇树固件\real_unitree_r1_1.4.2\opt\ros\foxy\lib\libstereo_msgs__rosidl_typesupport_introspection_c.so,禁止的固件、压缩包、模型、共享库或抓包类型
libstereo_msgs__rosidl_typesupport_introspection_cpp.so,历史固件研究材料,11120,0.011,da8886618224c2575f693705e4ccd57d9dc66025888ed263003ce767326a64a2,C:\zyh\work\宇树固件\real_unitree_r1_1.4.2\opt\ros\foxy\lib\libstereo_msgs__rosidl_typesupport_introspection_cpp.so,禁止的固件、压缩包、模型、共享库或抓包类型
libtest_plugin.so,历史固件研究材料,39248,0.037,0331304e5b30dbf1042a676d5ca3757d26972d779e0c3f3b264eb3c0add4ad11,C:\zyh\work\宇树固件\real_unitree_r1_1.4.2\opt\ros\foxy\lib\libtest_plugin.so,禁止的固件、压缩包、模型、共享库或抓包类型
libtf2.so,历史固件研究材料,134264,0.128,cfb9f0a2a21184f2e8cc4fbfe448e3f2ea4ca8740ace1daf29ba54ddea625519,C:\zyh\work\宇树固件\real_unitree_r1_1.4.2\opt\ros\foxy\lib\libtf2.so,禁止的固件、压缩包、模型、共享库或抓包类型
libtf2_msgs__python.so,历史固件研究材料,39096,0.037,a2f0c5a724cc6ec5f21526ff5a768f4a34d627152b15d767d2cd157f125e5e76,C:\zyh\work\宇树固件\real_unitree_r1_1.4.2\opt\ros\foxy\lib\libtf2_msgs__python.so,禁止的固件、压缩包、模型、共享库或抓包类型
libtf2_msgs__rosidl_generator_c.so,历史固件研究材料,60056,0.057,5ad86d6a8a08b4929a4f6208e09b8501a34c26dd285ad08d0d26222dba36ce99,C:\zyh\work\宇树固件\real_unitree_r1_1.4.2\opt\ros\foxy\lib\libtf2_msgs__rosidl_generator_c.so,禁止的固件、压缩包、模型、共享库或抓包类型
libtf2_msgs__rosidl_typesupport_c.so,历史固件研究材料,18624,0.018,58813cce1a093a9b93a131c57dc7c608ed51549d805e6054f81addd07bf29abd,C:\zyh\work\宇树固件\real_unitree_r1_1.4.2\opt\ros\foxy\lib\libtf2_msgs__rosidl_typesupport_c.so,禁止的固件、压缩包、模型、共享库或抓包类型
libtf2_msgs__rosidl_typesupport_cpp.so,历史固件研究材料,22824,0.022,3fcf68e6d87d4f2354d2720f731e86e9ef4095ee92572971536c4a492bb7576f,C:\zyh\work\宇树固件\real_unitree_r1_1.4.2\opt\ros\foxy\lib\libtf2_msgs__rosidl_typesupport_cpp.so,禁止的固件、压缩包、模型、共享库或抓包类型
libtf2_msgs__rosidl_typesupport_fastrtps_c.so,历史固件研究材料,36352,0.035,c48e02c1ea57baed88d1cb2d5074bf1f2297c9dae7a0508aa3f2ba82966d4a63,C:\zyh\work\宇树固件\real_unitree_r1_1.4.2\opt\ros\foxy\lib\libtf2_msgs__rosidl_typesupport_fastrtps_c.so,禁止的固件、压缩包、模型、共享库或抓包类型
libtf2_msgs__rosidl_typesupport_fastrtps_cpp.so,历史固件研究材料,44760,0.043,d05bd091834ff2f726c25e80903f82490813ae095b4c6e11246a411248f795f6,C:\zyh\work\宇树固件\real_unitree_r1_1.4.2\opt\ros\foxy\lib\libtf2_msgs__rosidl_typesupport_fastrtps_cpp.so,禁止的固件、压缩包、模型、共享库或抓包类型
libtf2_msgs__rosidl_typesupport_introspection_c.so,历史固件研究材料,29496,0.028,afdf6893bafa735726c7a5c5ca506963a1cfc24a2012fe67c5909e97a4f8f2bf,C:\zyh\work\宇树固件\real_unitree_r1_1.4.2\opt\ros\foxy\lib\libtf2_msgs__rosidl_typesupport_introspection_c.so,禁止的固件、压缩包、模型、共享库或抓包类型
libtf2_msgs__rosidl_typesupport_introspection_cpp.so,历史固件研究材料,33272,0.032,6603de6b5afd433f0df74b47eacef23af0ad38323206f5de19cdfda358d115c4,C:\zyh\work\宇树固件\real_unitree_r1_1.4.2\opt\ros\foxy\lib\libtf2_msgs__rosidl_typesupport_introspection_cpp.so,禁止的固件、压缩包、模型、共享库或抓包类型
libtf2_ros.so,历史固件研究材料,525784,0.501,a083861db6607f4002b68513f98733787ad4fb2535c635f33fa0a047287d3ea5,C:\zyh\work\宇树固件\real_unitree_r1_1.4.2\opt\ros\foxy\lib\libtf2_ros.so,禁止的固件、压缩包、模型、共享库或抓包类型
libtracetools.so,历史固件研究材料,5848,0.006,5a150a80d6c6e87a8d6b4518cf32e1513b5edcd73e5bae3c1d30d71bcfc86d1f,C:\zyh\work\宇树固件\real_unitree_r1_1.4.2\opt\ros\foxy\lib\libtracetools.so,禁止的固件、压缩包、模型、共享库或抓包类型
libtrajectory_msgs__python.so,历史固件研究材料,30944,0.030,085c67474a96c54e9c09f7feed0e684f7b703f51f546f1552226d5a93fcd0aab,C:\zyh\work\宇树固件\real_unitree_r1_1.4.2\opt\ros\foxy\lib\libtrajectory_msgs__python.so,禁止的固件、压缩包、模型、共享库或抓包类型
libtrajectory_msgs__rosidl_generator_c.so,历史固件研究材料,26936,0.026,662dcaa704e79cd459d45a737ab092ca5575bb736ed4801ac7e2d2da84ec3759,C:\zyh\work\宇树固件\real_unitree_r1_1.4.2\opt\ros\foxy\lib\libtrajectory_msgs__rosidl_generator_c.so,禁止的固件、压缩包、模型、共享库或抓包类型
libtrajectory_msgs__rosidl_typesupport_c.so,历史固件研究材料,10120,0.010,b7399ecbee1ff69b9d612aaebefdabef9c44fa8f47b46c025960ea5bd8c11673,C:\zyh\work\宇树固件\real_unitree_r1_1.4.2\opt\ros\foxy\lib\libtrajectory_msgs__rosidl_typesupport_c.so,禁止的固件、压缩包、模型、共享库或抓包类型
libtrajectory_msgs__rosidl_typesupport_cpp.so,历史固件研究材料,10152,0.010,4fcdc596f5f4ab2000168df8cf535a1be395c7a2645ece89b0afc0ff4761e3e2,C:\zyh\work\宇树固件\real_unitree_r1_1.4.2\opt\ros\foxy\lib\libtrajectory_msgs__rosidl_typesupport_cpp.so,禁止的固件、压缩包、模型、共享库或抓包类型
libtrajectory_msgs__rosidl_typesupport_fastrtps_c.so,历史固件研究材料,23176,0.022,9be73217dd472fab303eefc9970493438110c2dd50e7ac068b2825a2d49d0b16,C:\zyh\work\宇树固件\real_unitree_r1_1.4.2\opt\ros\foxy\lib\libtrajectory_msgs__rosidl_typesupport_fastrtps_c.so,禁止的固件、压缩包、模型、共享库或抓包类型
libtrajectory_msgs__rosidl_typesupport_fastrtps_cpp.so,历史固件研究材料,31440,0.030,f68e5f9a615c0ecbe6a0f6f379cfb8addde96bbe93adb1fdeb89f85c8efcfeeb,C:\zyh\work\宇树固件\real_unitree_r1_1.4.2\opt\ros\foxy\lib\libtrajectory_msgs__rosidl_typesupport_fastrtps_cpp.so,禁止的固件、压缩包、模型、共享库或抓包类型
libtrajectory_msgs__rosidl_typesupport_introspection_c.so,历史固件研究材料,19928,0.019,ebc1f98957c1ebf2de684b48c2d1f08b809c644d91b8b2e88acddb382e92de29,C:\zyh\work\宇树固件\real_unitree_r1_1.4.2\opt\ros\foxy\lib\libtrajectory_msgs__rosidl_typesupport_introspection_c.so,禁止的固件、压缩包、模型、共享库或抓包类型
libtrajectory_msgs__rosidl_typesupport_introspection_cpp.so,历史固件研究材料,32440,0.031,fcba4cb44013101c12b6334616c8feea873bc834e7ca67895c7eb4f21d358eb9,C:\zyh\work\宇树固件\real_unitree_r1_1.4.2\opt\ros\foxy\lib\libtrajectory_msgs__rosidl_typesupport_introspection_cpp.so,禁止的固件、压缩包、模型、共享库或抓包类型
libunique_identifier_msgs__python.so,历史固件研究材料,10160,0.010,9895dca77167aa73e337eae7e7c68d37bca0b9fd13ed3b1faed73752d82d08d0,C:\zyh\work\宇树固件\real_unitree_r1_1.4.2\opt\ros\foxy\lib\libunique_identifier_msgs__python.so,禁止的固件、压缩包、模型、共享库或抓包类型
libunique_identifier_msgs__rosidl_generator_c.so,历史固件研究材料,10184,0.010,dea7a08b48255ccc136ca60bbfe4e0790984b2d0f6f8dd951b6fb1e66c960061,C:\zyh\work\宇树固件\real_unitree_r1_1.4.2\opt\ros\foxy\lib\libunique_identifier_msgs__rosidl_generator_c.so,禁止的固件、压缩包、模型、共享库或抓包类型
libunique_identifier_msgs__rosidl_typesupport_c.so,历史固件研究材料,5952,0.006,e48663145424cdd9c49e6bda431ee957eb5821dab6ec7c84dad3b89e622b5226,C:\zyh\work\宇树固件\real_unitree_r1_1.4.2\opt\ros\foxy\lib\libunique_identifier_msgs__rosidl_typesupport_c.so,禁止的固件、压缩包、模型、共享库或抓包类型
libunique_identifier_msgs__rosidl_typesupport_cpp.so,历史固件研究材料,5960,0.006,0a934a148eb1b0d427529b2ded4da02fd6671d3c0563cb5a67a6c2ad1bf29e2f,C:\zyh\work\宇树固件\real_unitree_r1_1.4.2\opt\ros\foxy\lib\libunique_identifier_msgs__rosidl_typesupport_cpp.so,禁止的固件、压缩包、模型、共享库或抓包类型
libunique_identifier_msgs__rosidl_typesupport_fastrtps_c.so,历史固件研究材料,10232,0.010,f5bfdd17f07041e71514ad1fcd79881d17b0f403b0a7a67aeca8744a7fbe2873,C:\zyh\work\宇树固件\real_unitree_r1_1.4.2\opt\ros\foxy\lib\libunique_identifier_msgs__rosidl_typesupport_fastrtps_c.so,禁止的固件、压缩包、模型、共享库或抓包类型
libunique_identifier_msgs__rosidl_typesupport_fastrtps_cpp.so,历史固件研究材料,10240,0.010,94070492f744e021f5e25639cc53d5760bc4f3667b8fd15d7aa1ebf728f01060,C:\zyh\work\宇树固件\real_unitree_r1_1.4.2\opt\ros\foxy\lib\libunique_identifier_msgs__rosidl_typesupport_fastrtps_cpp.so,禁止的固件、压缩包、模型、共享库或抓包类型
libunique_identifier_msgs__rosidl_typesupport_introspection_c.so,历史固件研究材料,6064,0.006,73435481e5b91e8e4489cc88014a93e136c27fa6db9c3c47c7d9bd27b180fa0b,C:\zyh\work\宇树固件\real_unitree_r1_1.4.2\opt\ros\foxy\lib\libunique_identifier_msgs__rosidl_typesupport_introspection_c.so,禁止的固件、压缩包、模型、共享库或抓包类型
libunique_identifier_msgs__rosidl_typesupport_introspection_cpp.so,历史固件研究材料,10216,0.010,c0e939b418ff1f6caee6bee82028b3e79c498ab890055e398a84d336cdfe6f99,C:\zyh\work\宇树固件\real_unitree_r1_1.4.2\opt\ros\foxy\lib\libunique_identifier_msgs__rosidl_typesupport_introspection_cpp.so,禁止的固件、压缩包、模型、共享库或抓包类型
liburdf.so,历史固件研究材料,31096,0.030,047c4436f1f91fe3d627d3a389540776ab9b245e781be80e791874f1af997889,C:\zyh\work\宇树固件\real_unitree_r1_1.4.2\opt\ros\foxy\lib\liburdf.so,禁止的固件、压缩包、模型、共享库或抓包类型
libvisualization_msgs__python.so,历史固件研究材料,59728,0.057,938de5ce486329f720103f244c339ef53e927f04c356cebb8f12aa6a4fc63d94,C:\zyh\work\宇树固件\real_unitree_r1_1.4.2\opt\ros\foxy\lib\libvisualization_msgs__python.so,禁止的固件、压缩包、模型、共享库或抓包类型
libvisualization_msgs__rosidl_generator_c.so,历史固件研究材料,68496,0.065,5f4f10a6a49aee04d53ee554538129c71b590fd18704ab5bd79fffed433c7e39,C:\zyh\work\宇树固件\real_unitree_r1_1.4.2\opt\ros\foxy\lib\libvisualization_msgs__rosidl_generator_c.so,禁止的固件、压缩包、模型、共享库或抓包类型
libvisualization_msgs__rosidl_typesupport_c.so,历史固件研究材料,18536,0.018,1d3d238899e17f439def0cdc72a05dcd45600bb8164c8c8257c7217e0e05077d,C:\zyh\work\宇树固件\real_unitree_r1_1.4.2\opt\ros\foxy\lib\libvisualization_msgs__rosidl_typesupport_c.so,禁止的固件、压缩包、模型、共享库或抓包类型
libvisualization_msgs__rosidl_typesupport_cpp.so,历史固件研究材料,22736,0.022,0bf20403cc6cbb3baa1c3a4b76567d49fd71253cad400287ed9adb9d5dddb649,C:\zyh\work\宇树固件\real_unitree_r1_1.4.2\opt\ros\foxy\lib\libvisualization_msgs__rosidl_typesupport_cpp.so,禁止的固件、压缩包、模型、共享库或抓包类型
libvisualization_msgs__rosidl_typesupport_fastrtps_c.so,历史固件研究材料,52816,0.050,e93e86f7f72c821cb66e50fa814664762ffca183afc173dcf3f2e66c29ca02a5,C:\zyh\work\宇树固件\real_unitree_r1_1.4.2\opt\ros\foxy\lib\libvisualization_msgs__rosidl_typesupport_fastrtps_c.so,禁止的固件、压缩包、模型、共享库或抓包类型
libvisualization_msgs__rosidl_typesupport_fastrtps_cpp.so,历史固件研究材料,73552,0.070,6a70844fe569b1d9c26979a36685cb6bcafe48c6823a37ee19fdbe024e924913,C:\zyh\work\宇树固件\real_unitree_r1_1.4.2\opt\ros\foxy\lib\libvisualization_msgs__rosidl_typesupport_fastrtps_cpp.so,禁止的固件、压缩包、模型、共享库或抓包类型
libvisualization_msgs__rosidl_typesupport_introspection_c.so,历史固件研究材料,42376,0.040,85f3fe3e23853272b17325fad319767ca3d2a4da748d0b35130bf75b3b9a3bcd,C:\zyh\work\宇树固件\real_unitree_r1_1.4.2\opt\ros\foxy\lib\libvisualization_msgs__rosidl_typesupport_introspection_c.so,禁止的固件、压缩包、模型、共享库或抓包类型
libvisualization_msgs__rosidl_typesupport_introspection_cpp.so,历史固件研究材料,70632,0.067,25a5bfa694c28e72a39dda8b02b6e4fbea9d4b4ee6c30a6f9f83682c3c2e73ac,C:\zyh\work\宇树固件\real_unitree_r1_1.4.2\opt\ros\foxy\lib\libvisualization_msgs__rosidl_typesupport_introspection_cpp.so,禁止的固件、压缩包、模型、共享库或抓包类型
libyaml.so,历史固件研究材料,116960,0.112,1c476cde613aff3aea6fbef2e7d03cae321f74e3fd64e9289322d0515913d5a3,C:\zyh\work\宇树固件\real_unitree_r1_1.4.2\opt\ros\foxy\lib\libyaml.so,禁止的固件、压缩包、模型、共享库或抓包类型
libzstd.so,历史固件研究材料,536496,0.512,deb36ef901bee8685fe41cf21e744b8570223892c15dc6c779037d196b82db9f,C:\zyh\work\宇树固件\real_unitree_r1_1.4.2\opt\ros\foxy\lib\libzstd.so,禁止的固件、压缩包、模型、共享库或抓包类型
action_msgs_s__rosidl_typesupport_c.cpython-38-aarch64-linux-gnu.so,历史固件研究材料,14352,0.014,563c23875ecb23ae336015a9af07319c343d4653cf1232ca38b4d502f08831d6,C:\zyh\work\宇树固件\real_unitree_r1_1.4.2\opt\ros\foxy\lib\python3.8\site-packages\action_msgs\action_msgs_s__rosidl_typesupport_c.cpython-38-aarch64-linux-gnu.so,禁止的固件、压缩包、模型、共享库或抓包类型
action_msgs_s__rosidl_typesupport_fastrtps_c.cpython-38-aarch64-linux-gnu.so,历史固件研究材料,14352,0.014,e75c8e15166a45511733a3444d5f6e1dc0165de8ab01ddd49f9929fdea87955e,C:\zyh\work\宇树固件\real_unitree_r1_1.4.2\opt\ros\foxy\lib\python3.8\site-packages\action_msgs\action_msgs_s__rosidl_typesupport_fastrtps_c.cpython-38-aarch64-linux-gnu.so,禁止的固件、压缩包、模型、共享库或抓包类型
action_msgs_s__rosidl_typesupport_introspection_c.cpython-38-aarch64-linux-gnu.so,历史固件研究材料,14352,0.014,2fcbcd4744e8f3c56246b1a3ddabf33d3936d55a58224f589e87082d05f80c20,C:\zyh\work\宇树固件\real_unitree_r1_1.4.2\opt\ros\foxy\lib\python3.8\site-packages\action_msgs\action_msgs_s__rosidl_typesupport_introspection_c.cpython-38-aarch64-linux-gnu.so,禁止的固件、压缩包、模型、共享库或抓包类型
actionlib_msgs_s__rosidl_typesupport_c.cpython-38-aarch64-linux-gnu.so,历史固件研究材料,10176,0.010,a3d1d9f29fe3393feac4ce8d036a830fa3ae2ec6d9a2773a3345b1f3e59df8b0,C:\zyh\work\宇树固件\real_unitree_r1_1.4.2\opt\ros\foxy\lib\python3.8\site-packages\actionlib_msgs\actionlib_msgs_s__rosidl_typesupport_c.cpython-38-aarch64-linux-gnu.so,禁止的固件、压缩包、模型、共享库或抓包类型
actionlib_msgs_s__rosidl_typesupport_fastrtps_c.cpython-38-aarch64-linux-gnu.so,历史固件研究材料,10176,0.010,cc191466515318a6528c90ffa4f3791903bc951095a2cc51fc9ff3198e00604b,C:\zyh\work\宇树固件\real_unitree_r1_1.4.2\opt\ros\foxy\lib\python3.8\site-packages\actionlib_msgs\actionlib_msgs_s__rosidl_typesupport_fastrtps_c.cpython-38-aarch64-linux-gnu.so,禁止的固件、压缩包、模型、共享库或抓包类型
actionlib_msgs_s__rosidl_typesupport_introspection_c.cpython-38-aarch64-linux-gnu.so,历史固件研究材料,10176,0.010,681324d2560545811e295f3814a530744e0f43b8e7f78099efb2560c2860639c,C:\zyh\work\宇树固件\real_unitree_r1_1.4.2\opt\ros\foxy\lib\python3.8\site-packages\actionlib_msgs\actionlib_msgs_s__rosidl_typesupport_introspection_c.cpython-38-aarch64-linux-gnu.so,禁止的固件、压缩包、模型、共享库或抓包类型
builtin_interfaces_s__rosidl_typesupport_c.cpython-38-aarch64-linux-gnu.so,历史固件研究材料,10144,0.010,7a4f3efa0773d3ec84eda8d9f7e26785562f73f8bae64ed6553753689530c9ea,C:\zyh\work\宇树固件\real_unitree_r1_1.4.2\opt\ros\foxy\lib\python3.8\site-packages\builtin_interfaces\builtin_interfaces_s__rosidl_typesupport_c.cpython-38-aarch64-linux-gnu.so,禁止的固件、压缩包、模型、共享库或抓包类型
builtin_interfaces_s__rosidl_typesupport_fastrtps_c.cpython-38-aarch64-linux-gnu.so,历史固件研究材料,10144,0.010,a2eb233eb55cdec96793310ddb9e4dcc9bd22e773b4096cd2df9f0ff7f33cd1d,C:\zyh\work\宇树固件\real_unitree_r1_1.4.2\opt\ros\foxy\lib\python3.8\site-packages\builtin_interfaces\builtin_interfaces_s__rosidl_typesupport_fastrtps_c.cpython-38-aarch64-linux-gnu.so,禁止的固件、压缩包、模型、共享库或抓包类型
builtin_interfaces_s__rosidl_typesupport_introspection_c.cpython-38-aarch64-linux-gnu.so,历史固件研究材料,10144,0.010,43f676c93c7a0859b1262b0af8bc447566619133273379d852805e9a1e4cd042,C:\zyh\work\宇树固件\real_unitree_r1_1.4.2\opt\ros\foxy\lib\python3.8\site-packages\builtin_interfaces\builtin_interfaces_s__rosidl_typesupport_introspection_c.cpython-38-aarch64-linux-gnu.so,禁止的固件、压缩包、模型、共享库或抓包类型
composition_interfaces_s__rosidl_typesupport_c.cpython-38-aarch64-linux-gnu.so,历史固件研究材料,18512,0.018,5a48f5243771dee8edf02a4b0b8aedc8e602683634ee6b93c13fe20dc50b5e9b,C:\zyh\work\宇树固件\real_unitree_r1_1.4.2\opt\ros\foxy\lib\python3.8\site-packages\composition_interfaces\composition_interfaces_s__rosidl_typesupport_c.cpython-38-aarch64-linux-gnu.so,禁止的固件、压缩包、模型、共享库或抓包类型
composition_interfaces_s__rosidl_typesupport_fastrtps_c.cpython-38-aarch64-linux-gnu.so,历史固件研究材料,18512,0.018,a966300ab76850bc587b7cd29b1ecc67f8005bec3ccc4dc9caff08d43e231301,C:\zyh\work\宇树固件\real_unitree_r1_1.4.2\opt\ros\foxy\lib\python3.8\site-packages\composition_interfaces\composition_interfaces_s__rosidl_typesupport_fastrtps_c.cpython-38-aarch64-linux-gnu.so,禁止的固件、压缩包、模型、共享库或抓包类型
composition_interfaces_s__rosidl_typesupport_introspection_c.cpython-38-aarch64-linux-gnu.so,历史固件研究材料,18512,0.018,8992ab72488a620a2026736b2b9703c9a0dbdc9644a94d4e77fc9dff4831fa08,C:\zyh\work\宇树固件\real_unitree_r1_1.4.2\opt\ros\foxy\lib\python3.8\site-packages\composition_interfaces\composition_interfaces_s__rosidl_typesupport_introspection_c.cpython-38-aarch64-linux-gnu.so,禁止的固件、压缩包、模型、共享库或抓包类型
diagnostic_msgs_s__rosidl_typesupport_c.cpython-38-aarch64-linux-gnu.so,历史固件研究材料,18528,0.018,9706f77258b8241d885f87607ff61bb51863d1f8ea184e58f66635c5f5e3e6a2,C:\zyh\work\宇树固件\real_unitree_r1_1.4.2\opt\ros\foxy\lib\python3.8\site-packages\diagnostic_msgs\diagnostic_msgs_s__rosidl_typesupport_c.cpython-38-aarch64-linux-gnu.so,禁止的固件、压缩包、模型、共享库或抓包类型
diagnostic_msgs_s__rosidl_typesupport_fastrtps_c.cpython-38-aarch64-linux-gnu.so,历史固件研究材料,18528,0.018,41e175ab1874807e1144db3c4a38fe2b7ef0170865d5d19a79364456b42c1c02,C:\zyh\work\宇树固件\real_unitree_r1_1.4.2\opt\ros\foxy\lib\python3.8\site-packages\diagnostic_msgs\diagnostic_msgs_s__rosidl_typesupport_fastrtps_c.cpython-38-aarch64-linux-gnu.so,禁止的固件、压缩包、模型、共享库或抓包类型
diagnostic_msgs_s__rosidl_typesupport_introspection_c.cpython-38-aarch64-linux-gnu.so,历史固件研究材料,18528,0.018,2d040169a7bec5d8d0a22a8841c7e9e96479656aa2b99ec4cbcf67ac087f57df,C:\zyh\work\宇树固件\real_unitree_r1_1.4.2\opt\ros\foxy\lib\python3.8\site-packages\diagnostic_msgs\diagnostic_msgs_s__rosidl_typesupport_introspection_c.cpython-38-aarch64-linux-gnu.so,禁止的固件、压缩包、模型、共享库或抓包类型
example_interfaces_s__rosidl_typesupport_c.cpython-38-aarch64-linux-gnu.so,历史固件研究材料,77088,0.074,f406808219341608e1637590588458ace8143a4592050cdb81dc2b3826c1641e,C:\zyh\work\宇树固件\real_unitree_r1_1.4.2\opt\ros\foxy\lib\python3.8\site-packages\example_interfaces\example_interfaces_s__rosidl_typesupport_c.cpython-38-aarch64-linux-gnu.so,禁止的固件、压缩包、模型、共享库或抓包类型
example_interfaces_s__rosidl_typesupport_fastrtps_c.cpython-38-aarch64-linux-gnu.so,历史固件研究材料,77088,0.074,cf780c4cdc4879fadea62dc4bd7b9763b1582da5194e9ffa256494ab89200f15,C:\zyh\work\宇树固件\real_unitree_r1_1.4.2\opt\ros\foxy\lib\python3.8\site-packages\example_interfaces\example_interfaces_s__rosidl_typesupport_fastrtps_c.cpython-38-aarch64-linux-gnu.so,禁止的固件、压缩包、模型、共享库或抓包类型
example_interfaces_s__rosidl_typesupport_introspection_c.cpython-38-aarch64-linux-gnu.so,历史固件研究材料,77088,0.074,6f579028596b51a153821c4802f4bf45e5db390748a270e722e572082fb1ace9,C:\zyh\work\宇树固件\real_unitree_r1_1.4.2\opt\ros\foxy\lib\python3.8\site-packages\example_interfaces\example_interfaces_s__rosidl_typesupport_introspection_c.cpython-38-aarch64-linux-gnu.so,禁止的固件、压缩包、模型、共享库或抓包类型
geometry_msgs_s__rosidl_typesupport_c.cpython-38-aarch64-linux-gnu.so,历史固件研究材料,47872,0.046,acfe7d2d2dca276fb37e0bebb8125183d56a20fc09bc02cc27b405b84cb6b710,C:\zyh\work\宇树固件\real_unitree_r1_1.4.2\opt\ros\foxy\lib\python3.8\site-packages\geometry_msgs\geometry_msgs_s__rosidl_typesupport_c.cpython-38-aarch64-linux-gnu.so,禁止的固件、压缩包、模型、共享库或抓包类型
geometry_msgs_s__rosidl_typesupport_fastrtps_c.cpython-38-aarch64-linux-gnu.so,历史固件研究材料,47872,0.046,1168cd98c2124cbe1cf7988c3d5c19f21f88d5217e0e9e6fba4b40b3444d13f3,C:\zyh\work\宇树固件\real_unitree_r1_1.4.2\opt\ros\foxy\lib\python3.8\site-packages\geometry_msgs\geometry_msgs_s__rosidl_typesupport_fastrtps_c.cpython-38-aarch64-linux-gnu.so,禁止的固件、压缩包、模型、共享库或抓包类型
geometry_msgs_s__rosidl_typesupport_introspection_c.cpython-38-aarch64-linux-gnu.so,历史固件研究材料,47872,0.046,679fef3f48b3a031fae2f0994e7933b444d2ec13551c48927e1a32f647d2fe32,C:\zyh\work\宇树固件\real_unitree_r1_1.4.2\opt\ros\foxy\lib\python3.8\site-packages\geometry_msgs\geometry_msgs_s__rosidl_typesupport_introspection_c.cpython-38-aarch64-linux-gnu.so,禁止的固件、压缩包、模型、共享库或抓包类型
libstatistics_collector_s__rosidl_typesupport_c.cpython-38-aarch64-linux-gnu.so,历史固件研究材料,10112,0.010,d66c7c5843a8775c14e19528aa397d209925ecbed2b49cf3a437e6fe26005e2f,C:\zyh\work\宇树固件\real_unitree_r1_1.4.2\opt\ros\foxy\lib\python3.8\site-packages\libstatistics_collector\libstatistics_collector_s__rosidl_typesupport_c.cpython-38-aarch64-linux-gnu.so,禁止的固件、压缩包、模型、共享库或抓包类型
libstatistics_collector_s__rosidl_typesupport_fastrtps_c.cpython-38-aarch64-linux-gnu.so,历史固件研究材料,10112,0.010,575009c5c26a0eafdc92fe1a2be1eb00a3030e2983d87bfef16e79705c140060,C:\zyh\work\宇树固件\real_unitree_r1_1.4.2\opt\ros\foxy\lib\python3.8\site-packages\libstatistics_collector\libstatistics_collector_s__rosidl_typesupport_fastrtps_c.cpython-38-aarch64-linux-gnu.so,禁止的固件、压缩包、模型、共享库或抓包类型
libstatistics_collector_s__rosidl_typesupport_introspection_c.cpython-38-aarch64-linux-gnu.so,历史固件研究材料,10112,0.010,c95d3b6e33825cea3a85f4b4715db1fb5d968895a3b1e1dc543f5a971feea83d,C:\zyh\work\宇树固件\real_unitree_r1_1.4.2\opt\ros\foxy\lib\python3.8\site-packages\libstatistics_collector\libstatistics_collector_s__rosidl_typesupport_introspection_c.cpython-38-aarch64-linux-gnu.so,禁止的固件、压缩包、模型、共享库或抓包类型
lifecycle_msgs_s__rosidl_typesupport_c.cpython-38-aarch64-linux-gnu.so,历史固件研究材料,26912,0.026,1cd321f46b122e7c2168151b577fd53ebed72455f72c8f0a44e0da6c7a647f0f,C:\zyh\work\宇树固件\real_unitree_r1_1.4.2\opt\ros\foxy\lib\python3.8\site-packages\lifecycle_msgs\lifecycle_msgs_s__rosidl_typesupport_c.cpython-38-aarch64-linux-gnu.so,禁止的固件、压缩包、模型、共享库或抓包类型
lifecycle_msgs_s__rosidl_typesupport_fastrtps_c.cpython-38-aarch64-linux-gnu.so,历史固件研究材料,26912,0.026,bfcf68eb27d62d3d78b2977a6bfcb810aa78ca0e16d6a254421e32175faab7b4,C:\zyh\work\宇树固件\real_unitree_r1_1.4.2\opt\ros\foxy\lib\python3.8\site-packages\lifecycle_msgs\lifecycle_msgs_s__rosidl_typesupport_fastrtps_c.cpython-38-aarch64-linux-gnu.so,禁止的固件、压缩包、模型、共享库或抓包类型
lifecycle_msgs_s__rosidl_typesupport_introspection_c.cpython-38-aarch64-linux-gnu.so,历史固件研究材料,26912,0.026,2cb96ac0b8066dbeab9161c5c0f99417feb875af3ea1491a589a6d31926f1bf6,C:\zyh\work\宇树固件\real_unitree_r1_1.4.2\opt\ros\foxy\lib\python3.8\site-packages\lifecycle_msgs\lifecycle_msgs_s__rosidl_typesupport_introspection_c.cpython-38-aarch64-linux-gnu.so,禁止的固件、压缩包、模型、共享库或抓包类型
nav_msgs_s__rosidl_typesupport_c.cpython-38-aarch64-linux-gnu.so,历史固件研究材料,22768,0.022,1a4aa874c4ddfb0134048561ef834d9dfc10ca664c78ec7ceda8cf0f70e05b6c,C:\zyh\work\宇树固件\real_unitree_r1_1.4.2\opt\ros\foxy\lib\python3.8\site-packages\nav_msgs\nav_msgs_s__rosidl_typesupport_c.cpython-38-aarch64-linux-gnu.so,禁止的固件、压缩包、模型、共享库或抓包类型
nav_msgs_s__rosidl_typesupport_fastrtps_c.cpython-38-aarch64-linux-gnu.so,历史固件研究材料,22768,0.022,68e227ee6b8cc1a3ab255f3b95f04766085e706f873a8f2f29d85126c8cbce1f,C:\zyh\work\宇树固件\real_unitree_r1_1.4.2\opt\ros\foxy\lib\python3.8\site-packages\nav_msgs\nav_msgs_s__rosidl_typesupport_fastrtps_c.cpython-38-aarch64-linux-gnu.so,禁止的固件、压缩包、模型、共享库或抓包类型
nav_msgs_s__rosidl_typesupport_introspection_c.cpython-38-aarch64-linux-gnu.so,历史固件研究材料,22768,0.022,0d4b334dc767d9104bd312e55bc32f69c4dc57154fe5422b7d940f4c6cb1a247,C:\zyh\work\宇树固件\real_unitree_r1_1.4.2\opt\ros\foxy\lib\python3.8\site-packages\nav_msgs\nav_msgs_s__rosidl_typesupport_introspection_c.cpython-38-aarch64-linux-gnu.so,禁止的固件、压缩包、模型、共享库或抓包类型
rcl_interfaces_s__rosidl_typesupport_c.cpython-38-aarch64-linux-gnu.so,历史固件研究材料,47776,0.046,697fb382eb217658f923559676d01ce56262c9ce1e4793fadf2053a50d84b3b7,C:\zyh\work\宇树固件\real_unitree_r1_1.4.2\opt\ros\foxy\lib\python3.8\site-packages\rcl_interfaces\rcl_interfaces_s__rosidl_typesupport_c.cpython-38-aarch64-linux-gnu.so,禁止的固件、压缩包、模型、共享库或抓包类型
rcl_interfaces_s__rosidl_typesupport_fastrtps_c.cpython-38-aarch64-linux-gnu.so,历史固件研究材料,47776,0.046,2003dd0178f035ec4d3d3a65977400f993a71e6399fb31f8d1a2482025b3d5eb,C:\zyh\work\宇树固件\real_unitree_r1_1.4.2\opt\ros\foxy\lib\python3.8\site-packages\rcl_interfaces\rcl_interfaces_s__rosidl_typesupport_fastrtps_c.cpython-38-aarch64-linux-gnu.so,禁止的固件、压缩包、模型、共享库或抓包类型
rcl_interfaces_s__rosidl_typesupport_introspection_c.cpython-38-aarch64-linux-gnu.so,历史固件研究材料,47776,0.046,6c0c2952464ad5c12b6ba4928b5c59b7336ca4762ff0db22f400e1ca5c1722be,C:\zyh\work\宇树固件\real_unitree_r1_1.4.2\opt\ros\foxy\lib\python3.8\site-packages\rcl_interfaces\rcl_interfaces_s__rosidl_typesupport_introspection_c.cpython-38-aarch64-linux-gnu.so,禁止的固件、压缩包、模型、共享库或抓包类型
_rclpy.cpython-38-aarch64-linux-gnu.so,历史固件研究材料,113328,0.108,a09b7bb27fb081efef5f827882734bd896b014df6ad38d3bf6df78caa3649990,C:\zyh\work\宇树固件\real_unitree_r1_1.4.2\opt\ros\foxy\lib\python3.8\site-packages\rclpy\_rclpy.cpython-38-aarch64-linux-gnu.so,禁止的固件、压缩包、模型、共享库或抓包类型
_rclpy_action.cpython-38-aarch64-linux-gnu.so,历史固件研究材料,44848,0.043,ceb6548ed5c12eed97d97dd0347122b9cf8948b2d257e01d5d17f24249a4164e,C:\zyh\work\宇树固件\real_unitree_r1_1.4.2\opt\ros\foxy\lib\python3.8\site-packages\rclpy\_rclpy_action.cpython-38-aarch64-linux-gnu.so,禁止的固件、压缩包、模型、共享库或抓包类型
_rclpy_handle.cpython-38-aarch64-linux-gnu.so,历史固件研究材料,6264,0.006,35d4f7f55d32fb5e3ca20a71cc325fd3022ebe41c840a2d38672419e40d4e250,C:\zyh\work\宇树固件\real_unitree_r1_1.4.2\opt\ros\foxy\lib\python3.8\site-packages\rclpy\_rclpy_handle.cpython-38-aarch64-linux-gnu.so,禁止的固件、压缩包、模型、共享库或抓包类型
_rclpy_logging.cpython-38-aarch64-linux-gnu.so,历史固件研究材料,14888,0.014,b9a24f1e23977f71af0c5136f5063d60d0901d8a70ebd6e949c70349f7131206,C:\zyh\work\宇树固件\real_unitree_r1_1.4.2\opt\ros\foxy\lib\python3.8\site-packages\rclpy\_rclpy_logging.cpython-38-aarch64-linux-gnu.so,禁止的固件、压缩包、模型、共享库或抓包类型
_rclpy_pycapsule.cpython-38-aarch64-linux-gnu.so,历史固件研究材料,10416,0.010,fbe4941dd559fc56bdb7ae924ab0c664d0621634957c7ff701898293889e94f3,C:\zyh\work\宇树固件\real_unitree_r1_1.4.2\opt\ros\foxy\lib\python3.8\site-packages\rclpy\_rclpy_pycapsule.cpython-38-aarch64-linux-gnu.so,禁止的固件、压缩包、模型、共享库或抓包类型
_rclpy_signal_handler.cpython-38-aarch64-linux-gnu.so,历史固件研究材料,10384,0.010,fd4495bf73c25a2e2cca1cc31202ad65f4c4456b9733eabb1ef22b4f06090cd2,C:\zyh\work\宇树固件\real_unitree_r1_1.4.2\opt\ros\foxy\lib\python3.8\site-packages\rclpy\_rclpy_signal_handler.cpython-38-aarch64-linux-gnu.so,禁止的固件、压缩包、模型、共享库或抓包类型
rmw_dds_common_s__rosidl_typesupport_c.cpython-38-aarch64-linux-gnu.so,历史固件研究材料,10176,0.010,4441814a70aa582f0b79746e56bae09790ac46cf193064eefbc1f9a40aefb51a,C:\zyh\work\宇树固件\real_unitree_r1_1.4.2\opt\ros\foxy\lib\python3.8\site-packages\rmw_dds_common\rmw_dds_common_s__rosidl_typesupport_c.cpython-38-aarch64-linux-gnu.so,禁止的固件、压缩包、模型、共享库或抓包类型
rmw_dds_common_s__rosidl_typesupport_fastrtps_c.cpython-38-aarch64-linux-gnu.so,历史固件研究材料,10176,0.010,ab0eb002bc5224e8e4b183a6136778d1633550aa97d222689c15d361f9986dc6,C:\zyh\work\宇树固件\real_unitree_r1_1.4.2\opt\ros\foxy\lib\python3.8\site-packages\rmw_dds_common\rmw_dds_common_s__rosidl_typesupport_fastrtps_c.cpython-38-aarch64-linux-gnu.so,禁止的固件、压缩包、模型、共享库或抓包类型
rmw_dds_common_s__rosidl_typesupport_introspection_c.cpython-38-aarch64-linux-gnu.so,历史固件研究材料,10176,0.010,dc03842c65a501ee4b3a5ab011e46e43b3c031a5b5579295fa09885631d4d3c2,C:\zyh\work\宇树固件\real_unitree_r1_1.4.2\opt\ros\foxy\lib\python3.8\site-packages\rmw_dds_common\rmw_dds_common_s__rosidl_typesupport_introspection_c.cpython-38-aarch64-linux-gnu.so,禁止的固件、压缩包、模型、共享库或抓包类型
_rosbag2_transport_py.cpython-38-aarch64-linux-gnu.so,历史固件研究材料,56408,0.054,e263a76ab6a5540e43baae34953a29edba980b5ae62c39153251b1778f0f2536,C:\zyh\work\宇树固件\real_unitree_r1_1.4.2\opt\ros\foxy\lib\python3.8\site-packages\rosbag2_transport\_rosbag2_transport_py.cpython-38-aarch64-linux-gnu.so,禁止的固件、压缩包、模型、共享库或抓包类型
rosgraph_msgs_s__rosidl_typesupport_c.cpython-38-aarch64-linux-gnu.so,历史固件研究材料,10112,0.010,2b1f6ceea7175ceca5c30a4593a52098a1b6a5bd1df230af050dbd08e07fed67,C:\zyh\work\宇树固件\real_unitree_r1_1.4.2\opt\ros\foxy\lib\python3.8\site-packages\rosgraph_msgs\rosgraph_msgs_s__rosidl_typesupport_c.cpython-38-aarch64-linux-gnu.so,禁止的固件、压缩包、模型、共享库或抓包类型
rosgraph_msgs_s__rosidl_typesupport_fastrtps_c.cpython-38-aarch64-linux-gnu.so,历史固件研究材料,10112,0.010,0bb94554c913533ae9d0c074cc996bd9ec4c620c9dd4170d44f50619914100fa,C:\zyh\work\宇树固件\real_unitree_r1_1.4.2\opt\ros\foxy\lib\python3.8\site-packages\rosgraph_msgs\rosgraph_msgs_s__rosidl_typesupport_fastrtps_c.cpython-38-aarch64-linux-gnu.so,禁止的固件、压缩包、模型、共享库或抓包类型
rosgraph_msgs_s__rosidl_typesupport_introspection_c.cpython-38-aarch64-linux-gnu.so,历史固件研究材料,10112,0.010,2d957303a15e1d8137ac358a89e64986f59331267bcd4d4f604f1bea1e29579e,C:\zyh\work\宇树固件\real_unitree_r1_1.4.2\opt\ros\foxy\lib\python3.8\site-packages\rosgraph_msgs\rosgraph_msgs_s__rosidl_typesupport_introspection_c.cpython-38-aarch64-linux-gnu.so,禁止的固件、压缩包、模型、共享库或抓包类型
sensor_msgs_s__rosidl_typesupport_c.cpython-38-aarch64-linux-gnu.so,历史固件研究材料,51984,0.050,877b90013a41e85c98872b11c59d180b80b8a5e291fd0177561157c0eb345949,C:\zyh\work\宇树固件\real_unitree_r1_1.4.2\opt\ros\foxy\lib\python3.8\site-packages\sensor_msgs\sensor_msgs_s__rosidl_typesupport_c.cpython-38-aarch64-linux-gnu.so,禁止的固件、压缩包、模型、共享库或抓包类型
sensor_msgs_s__rosidl_typesupport_fastrtps_c.cpython-38-aarch64-linux-gnu.so,历史固件研究材料,51984,0.050,1dec1e355795145abebcf97ac8a3a6089e434ea404f109dfd945fd64e6117d98,C:\zyh\work\宇树固件\real_unitree_r1_1.4.2\opt\ros\foxy\lib\python3.8\site-packages\sensor_msgs\sensor_msgs_s__rosidl_typesupport_fastrtps_c.cpython-38-aarch64-linux-gnu.so,禁止的固件、压缩包、模型、共享库或抓包类型
sensor_msgs_s__rosidl_typesupport_introspection_c.cpython-38-aarch64-linux-gnu.so,历史固件研究材料,51984,0.050,4eea216900d82f00d98c6e40bcd3fce0498cb67283c1ab5ea9931482858175b7,C:\zyh\work\宇树固件\real_unitree_r1_1.4.2\opt\ros\foxy\lib\python3.8\site-packages\sensor_msgs\sensor_msgs_s__rosidl_typesupport_introspection_c.cpython-38-aarch64-linux-gnu.so,禁止的固件、压缩包、模型、共享库或抓包类型
shape_msgs_s__rosidl_typesupport_c.cpython-38-aarch64-linux-gnu.so,历史固件研究材料,14304,0.014,05598362ea14e05695e0e6a6588873e8cb82c8b61c96bc79778400cd87a4a818,C:\zyh\work\宇树固件\real_unitree_r1_1.4.2\opt\ros\foxy\lib\python3.8\site-packages\shape_msgs\shape_msgs_s__rosidl_typesupport_c.cpython-38-aarch64-linux-gnu.so,禁止的固件、压缩包、模型、共享库或抓包类型
shape_msgs_s__rosidl_typesupport_fastrtps_c.cpython-38-aarch64-linux-gnu.so,历史固件研究材料,14304,0.014,fa7d87e119e444928603fd8194cc32c1e8c8f52ef65f04c7c191fa867b5dc373,C:\zyh\work\宇树固件\real_unitree_r1_1.4.2\opt\ros\foxy\lib\python3.8\site-packages\shape_msgs\shape_msgs_s__rosidl_typesupport_fastrtps_c.cpython-38-aarch64-linux-gnu.so,禁止的固件、压缩包、模型、共享库或抓包类型
shape_msgs_s__rosidl_typesupport_introspection_c.cpython-38-aarch64-linux-gnu.so,历史固件研究材料,14304,0.014,fe4b9bbc10ba7277ebc68877451a7325d040398673874e8d34f330f62eaee50e,C:\zyh\work\宇树固件\real_unitree_r1_1.4.2\opt\ros\foxy\lib\python3.8\site-packages\shape_msgs\shape_msgs_s__rosidl_typesupport_introspection_c.cpython-38-aarch64-linux-gnu.so,禁止的固件、压缩包、模型、共享库或抓包类型
statistics_msgs_s__rosidl_typesupport_c.cpython-38-aarch64-linux-gnu.so,历史固件研究材料,10176,0.010,361f325291ba6828dfa398084b49d7f4e24be07b691e91605c0132c53cd5d76f,C:\zyh\work\宇树固件\real_unitree_r1_1.4.2\opt\ros\foxy\lib\python3.8\site-packages\statistics_msgs\statistics_msgs_s__rosidl_typesupport_c.cpython-38-aarch64-linux-gnu.so,禁止的固件、压缩包、模型、共享库或抓包类型
statistics_msgs_s__rosidl_typesupport_fastrtps_c.cpython-38-aarch64-linux-gnu.so,历史固件研究材料,10176,0.010,4b0c8fd1d65ae0b1edf0a37d5b6893d8f598e09531b9cb93ff15dd47eb8b4368,C:\zyh\work\宇树固件\real_unitree_r1_1.4.2\opt\ros\foxy\lib\python3.8\site-packages\statistics_msgs\statistics_msgs_s__rosidl_typesupport_fastrtps_c.cpython-38-aarch64-linux-gnu.so,禁止的固件、压缩包、模型、共享库或抓包类型
statistics_msgs_s__rosidl_typesupport_introspection_c.cpython-38-aarch64-linux-gnu.so,历史固件研究材料,10176,0.010,04459b3a78c4749bc8ca927fe5f037f895583f6719f5db32a8024d3f5ae6bcf6,C:\zyh\work\宇树固件\real_unitree_r1_1.4.2\opt\ros\foxy\lib\python3.8\site-packages\statistics_msgs\statistics_msgs_s__rosidl_typesupport_introspection_c.cpython-38-aarch64-linux-gnu.so,禁止的固件、压缩包、模型、共享库或抓包类型
std_msgs_s__rosidl_typesupport_c.cpython-38-aarch64-linux-gnu.so,历史固件研究材料,47904,0.046,c3804adc26fd2e5ff95df1c4a6a308ec0e96839b0b7f2695e124e213b0039ade,C:\zyh\work\宇树固件\real_unitree_r1_1.4.2\opt\ros\foxy\lib\python3.8\site-packages\std_msgs\std_msgs_s__rosidl_typesupport_c.cpython-38-aarch64-linux-gnu.so,禁止的固件、压缩包、模型、共享库或抓包类型
std_msgs_s__rosidl_typesupport_fastrtps_c.cpython-38-aarch64-linux-gnu.so,历史固件研究材料,47904,0.046,5fe994b36a3fdd14f4411a5d209c07fb7db162199130165f38a4a8d31a9478a2,C:\zyh\work\宇树固件\real_unitree_r1_1.4.2\opt\ros\foxy\lib\python3.8\site-packages\std_msgs\std_msgs_s__rosidl_typesupport_fastrtps_c.cpython-38-aarch64-linux-gnu.so,禁止的固件、压缩包、模型、共享库或抓包类型
std_msgs_s__rosidl_typesupport_introspection_c.cpython-38-aarch64-linux-gnu.so,历史固件研究材料,47904,0.046,83cdda85ec36c1126f0a57b3c768e68ef10617b1d71dfc6a7ccad7f64664e668,C:\zyh\work\宇树固件\real_unitree_r1_1.4.2\opt\ros\foxy\lib\python3.8\site-packages\std_msgs\std_msgs_s__rosidl_typesupport_introspection_c.cpython-38-aarch64-linux-gnu.so,禁止的固件、压缩包、模型、共享库或抓包类型
std_srvs_s__rosidl_typesupport_c.cpython-38-aarch64-linux-gnu.so,历史固件研究材料,18512,0.018,e0cc20b2b68d2b3516e6b2345f697f49007fedff459ac625d17c6023971dadde,C:\zyh\work\宇树固件\real_unitree_r1_1.4.2\opt\ros\foxy\lib\python3.8\site-packages\std_srvs\std_srvs_s__rosidl_typesupport_c.cpython-38-aarch64-linux-gnu.so,禁止的固件、压缩包、模型、共享库或抓包类型
std_srvs_s__rosidl_typesupport_fastrtps_c.cpython-38-aarch64-linux-gnu.so,历史固件研究材料,18512,0.018,31119080a1aa5de48b979fc2f4e7b76c500e052812de298932648584a8d268ec,C:\zyh\work\宇树固件\real_unitree_r1_1.4.2\opt\ros\foxy\lib\python3.8\site-packages\std_srvs\std_srvs_s__rosidl_typesupport_fastrtps_c.cpython-38-aarch64-linux-gnu.so,禁止的固件、压缩包、模型、共享库或抓包类型
std_srvs_s__rosidl_typesupport_introspection_c.cpython-38-aarch64-linux-gnu.so,历史固件研究材料,18512,0.018,ccba112c751fe6d8ecebe53cb27b286ecff06007f9845a08f03094a88a43047f,C:\zyh\work\宇树固件\real_unitree_r1_1.4.2\opt\ros\foxy\lib\python3.8\site-packages\std_srvs\std_srvs_s__rosidl_typesupport_introspection_c.cpython-38-aarch64-linux-gnu.so,禁止的固件、压缩包、模型、共享库或抓包类型
stereo_msgs_s__rosidl_typesupport_c.cpython-38-aarch64-linux-gnu.so,历史固件研究材料,10112,0.010,e2e549e264f2adc3060bd08dea2b1dad9752ca1477eb0b8bb593f7c3fe27612f,C:\zyh\work\宇树固件\real_unitree_r1_1.4.2\opt\ros\foxy\lib\python3.8\site-packages\stereo_msgs\stereo_msgs_s__rosidl_typesupport_c.cpython-38-aarch64-linux-gnu.so,禁止的固件、压缩包、模型、共享库或抓包类型
stereo_msgs_s__rosidl_typesupport_fastrtps_c.cpython-38-aarch64-linux-gnu.so,历史固件研究材料,10112,0.010,75464d0e28e45c8449af80503fae1218512d1a61f6552f9249a1c4f77fb1555a,C:\zyh\work\宇树固件\real_unitree_r1_1.4.2\opt\ros\foxy\lib\python3.8\site-packages\stereo_msgs\stereo_msgs_s__rosidl_typesupport_fastrtps_c.cpython-38-aarch64-linux-gnu.so,禁止的固件、压缩包、模型、共享库或抓包类型
stereo_msgs_s__rosidl_typesupport_introspection_c.cpython-38-aarch64-linux-gnu.so,历史固件研究材料,10112,0.010,16aa594a3b9894d7ecfa4b5e53b0fe0aed90dc03e149d90373198fb200ced431,C:\zyh\work\宇树固件\real_unitree_r1_1.4.2\opt\ros\foxy\lib\python3.8\site-packages\stereo_msgs\stereo_msgs_s__rosidl_typesupport_introspection_c.cpython-38-aarch64-linux-gnu.so,禁止的固件、压缩包、模型、共享库或抓包类型
tf2_msgs_s__rosidl_typesupport_c.cpython-38-aarch64-linux-gnu.so,历史固件研究材料,26912,0.026,a1a08d553038f247dea04d152287340240a1250823a0b17f4344f7b27a5d5b02,C:\zyh\work\宇树固件\real_unitree_r1_1.4.2\opt\ros\foxy\lib\python3.8\site-packages\tf2_msgs\tf2_msgs_s__rosidl_typesupport_c.cpython-38-aarch64-linux-gnu.so,禁止的固件、压缩包、模型、共享库或抓包类型
tf2_msgs_s__rosidl_typesupport_fastrtps_c.cpython-38-aarch64-linux-gnu.so,历史固件研究材料,26912,0.026,16dca91237919b96e191346048302694c128b3461054d664467411ac65903fc9,C:\zyh\work\宇树固件\real_unitree_r1_1.4.2\opt\ros\foxy\lib\python3.8\site-packages\tf2_msgs\tf2_msgs_s__rosidl_typesupport_fastrtps_c.cpython-38-aarch64-linux-gnu.so,禁止的固件、压缩包、模型、共享库或抓包类型
tf2_msgs_s__rosidl_typesupport_introspection_c.cpython-38-aarch64-linux-gnu.so,历史固件研究材料,26912,0.026,540b6231eb22e022cfca4f56535801ab4f75f938c6e558d226af2f122dbfb6ad,C:\zyh\work\宇树固件\real_unitree_r1_1.4.2\opt\ros\foxy\lib\python3.8\site-packages\tf2_msgs\tf2_msgs_s__rosidl_typesupport_introspection_c.cpython-38-aarch64-linux-gnu.so,禁止的固件、压缩包、模型、共享库或抓包类型
_tf2_py.cpython-38-aarch64-linux-gnu.so,历史固件研究材料,44856,0.043,67d027f6dc85556e334d64ce38dd9c66f2ec74a78b5b6f0eb0e850358de95317,C:\zyh\work\宇树固件\real_unitree_r1_1.4.2\opt\ros\foxy\lib\python3.8\site-packages\tf2_py\_tf2_py.cpython-38-aarch64-linux-gnu.so,禁止的固件、压缩包、模型、共享库或抓包类型
trajectory_msgs_s__rosidl_typesupport_c.cpython-38-aarch64-linux-gnu.so,历史固件研究材料,14304,0.014,060b20fe350609c879c6ea156ec962fce518c25cdadd1ce3ea43a1f6405c6872,C:\zyh\work\宇树固件\real_unitree_r1_1.4.2\opt\ros\foxy\lib\python3.8\site-packages\trajectory_msgs\trajectory_msgs_s__rosidl_typesupport_c.cpython-38-aarch64-linux-gnu.so,禁止的固件、压缩包、模型、共享库或抓包类型
trajectory_msgs_s__rosidl_typesupport_fastrtps_c.cpython-38-aarch64-linux-gnu.so,历史固件研究材料,14304,0.014,b14c45b38402f5a847116d4a56cda30fdf759f44633a220f2fac7b5b67715bf5,C:\zyh\work\宇树固件\real_unitree_r1_1.4.2\opt\ros\foxy\lib\python3.8\site-packages\trajectory_msgs\trajectory_msgs_s__rosidl_typesupport_fastrtps_c.cpython-38-aarch64-linux-gnu.so,禁止的固件、压缩包、模型、共享库或抓包类型
trajectory_msgs_s__rosidl_typesupport_introspection_c.cpython-38-aarch64-linux-gnu.so,历史固件研究材料,14304,0.014,6c9ed1fe466a3588ecf98f1b587c5af4d6bfd8a49fe5ccd602619179a476ecf3,C:\zyh\work\宇树固件\real_unitree_r1_1.4.2\opt\ros\foxy\lib\python3.8\site-packages\trajectory_msgs\trajectory_msgs_s__rosidl_typesupport_introspection_c.cpython-38-aarch64-linux-gnu.so,禁止的固件、压缩包、模型、共享库或抓包类型
unique_identifier_msgs_s__rosidl_typesupport_c.cpython-38-aarch64-linux-gnu.so,历史固件研究材料,10112,0.010,2f37a54f0305541ef429c38fab3d726d35593f7fa710c92524c4818a14380354,C:\zyh\work\宇树固件\real_unitree_r1_1.4.2\opt\ros\foxy\lib\python3.8\site-packages\unique_identifier_msgs\unique_identifier_msgs_s__rosidl_typesupport_c.cpython-38-aarch64-linux-gnu.so,禁止的固件、压缩包、模型、共享库或抓包类型
unique_identifier_msgs_s__rosidl_typesupport_fastrtps_c.cpython-38-aarch64-linux-gnu.so,历史固件研究材料,10112,0.010,e56e8eb0b5ba560cc063704c45314970083d01e1d94edcf3746d1fdbaa486b9c,C:\zyh\work\宇树固件\real_unitree_r1_1.4.2\opt\ros\foxy\lib\python3.8\site-packages\unique_identifier_msgs\unique_identifier_msgs_s__rosidl_typesupport_fastrtps_c.cpython-38-aarch64-linux-gnu.so,禁止的固件、压缩包、模型、共享库或抓包类型
unique_identifier_msgs_s__rosidl_typesupport_introspection_c.cpython-38-aarch64-linux-gnu.so,历史固件研究材料,10112,0.010,1c273f7c41b2add2c51a5120c2d59bb755b6e1648447fb4eb230fe8429d65f7f,C:\zyh\work\宇树固件\real_unitree_r1_1.4.2\opt\ros\foxy\lib\python3.8\site-packages\unique_identifier_msgs\unique_identifier_msgs_s__rosidl_typesupport_introspection_c.cpython-38-aarch64-linux-gnu.so,禁止的固件、压缩包、模型、共享库或抓包类型
visualization_msgs_s__rosidl_typesupport_c.cpython-38-aarch64-linux-gnu.so,历史固件研究材料,26864,0.026,a179b8e41f3b1b29943089f2c848d976c3400d168a586475b4640a74627fc090,C:\zyh\work\宇树固件\real_unitree_r1_1.4.2\opt\ros\foxy\lib\python3.8\site-packages\visualization_msgs\visualization_msgs_s__rosidl_typesupport_c.cpython-38-aarch64-linux-gnu.so,禁止的固件、压缩包、模型、共享库或抓包类型
visualization_msgs_s__rosidl_typesupport_fastrtps_c.cpython-38-aarch64-linux-gnu.so,历史固件研究材料,26864,0.026,dd1e9e58c70d836471dddb10c7d3ce5cf918915a51844f6983c1fcea56d913fa,C:\zyh\work\宇树固件\real_unitree_r1_1.4.2\opt\ros\foxy\lib\python3.8\site-packages\visualization_msgs\visualization_msgs_s__rosidl_typesupport_fastrtps_c.cpython-38-aarch64-linux-gnu.so,禁止的固件、压缩包、模型、共享库或抓包类型
visualization_msgs_s__rosidl_typesupport_introspection_c.cpython-38-aarch64-linux-gnu.so,历史固件研究材料,26864,0.026,a755d3f7c49c3982db49b17a62e80abe4b5260368df73755f559de7f6e5d0075,C:\zyh\work\宇树固件\real_unitree_r1_1.4.2\opt\ros\foxy\lib\python3.8\site-packages\visualization_msgs\visualization_msgs_s__rosidl_typesupport_introspection_c.cpython-38-aarch64-linux-gnu.so,禁止的固件、压缩包、模型、共享库或抓包类型
libcrypto.so,历史固件研究材料,2711264,2.586,9007706842cfdca68526afe5d7753631a313ca1a30733f99d5e1424733de5aa5,C:\zyh\work\宇树固件\real_unitree_r1_1.4.2\ota\backup\module\ai_sport\1.0.2.153\module\ai_sport\file\unitree\module\ai_sport\lib\libcrypto.so,禁止的固件、压缩包、模型、共享库或抓包类型
libdds_security_ac.so,历史固件研究材料,370696,0.354,7be3bc1317615bf9481d5088ebaf324d9920c766d2c633261dd42427cd875698,C:\zyh\work\宇树固件\real_unitree_r1_1.4.2\ota\backup\module\ai_sport\1.0.2.153\module\ai_sport\file\unitree\module\ai_sport\lib\libdds_security_ac.so,禁止的固件、压缩包、模型、共享库或抓包类型
libdds_security_auth.so,历史固件研究材料,330472,0.315,b91f64e23045e088d69290d1b981f98af8b169983b3005fa2425b4075827077a,C:\zyh\work\宇树固件\real_unitree_r1_1.4.2\ota\backup\module\ai_sport\1.0.2.153\module\ai_sport\file\unitree\module\ai_sport\lib\libdds_security_auth.so,禁止的固件、压缩包、模型、共享库或抓包类型
libdds_security_crypto.so,历史固件研究材料,511280,0.488,27f9ebe25934fc3e3d0d0fc3c1ba14772a5b0fb5e93b9706de5154cd6fb5cd4b,C:\zyh\work\宇树固件\real_unitree_r1_1.4.2\ota\backup\module\ai_sport\1.0.2.153\module\ai_sport\file\unitree\module\ai_sport\lib\libdds_security_crypto.so,禁止的固件、压缩包、模型、共享库或抓包类型
libddsc.so,历史固件研究材料,9557696,9.115,5d4f23b0f8928ac7361889960ae780ab8a7d0d528766dfc198765261e772b377,C:\zyh\work\宇树固件\real_unitree_r1_1.4.2\ota\backup\module\ai_sport\1.0.2.153\module\ai_sport\file\unitree\module\ai_sport\lib\libddsc.so,禁止的固件、压缩包、模型、共享库或抓包类型
libddscxx.so,历史固件研究材料,3153856,3.008,db2601bfeac87b3b994f2f4928ebd2432ad105d834725d75a17a097a8b701cd5,C:\zyh\work\宇树固件\real_unitree_r1_1.4.2\ota\backup\module\ai_sport\1.0.2.153\module\ai_sport\file\unitree\module\ai_sport\lib\libddscxx.so,禁止的固件、压缩包、模型、共享库或抓包类型
libssl.so,历史固件研究材料,568960,0.543,7b6aee772354a922c9ba426b501b870eb159acb09218a75932eed599bb662416,C:\zyh\work\宇树固件\real_unitree_r1_1.4.2\ota\backup\module\ai_sport\1.0.2.153\module\ai_sport\file\unitree\module\ai_sport\lib\libssl.so,禁止的固件、压缩包、模型、共享库或抓包类型
policy_17k.onnx,历史固件研究材料,2338186,2.230,dfb66bb295fce8ffe96c460221236670c19a0ab2605be4ae81a19888cb5320a9,C:\zyh\work\宇树固件\real_unitree_r1_1.4.2\ota\backup\module\ai_sport\1.0.2.153\module\ai_sport\file\unitree\module\ai_sport\net\motions\amp_locomotion\2026-04-01_14-10-14\policy_17k.onnx,禁止的固件、压缩包、模型、共享库或抓包类型
policy_40k.onnx,历史固件研究材料,2338186,2.230,15abd0a8d48f1702e2dc232871b8684e1c81423cc9ffab258fa74bf51589e6d6,C:\zyh\work\宇树固件\real_unitree_r1_1.4.2\ota\backup\module\ai_sport\1.0.2.153\module\ai_sport\file\unitree\module\ai_sport\net\motions\amp_locomotion\2026-04-03_09-11-48\policy_40k.onnx,禁止的固件、压缩包、模型、共享库或抓包类型
policy_36k.onnx,历史固件研究材料,2338186,2.230,5ef87fcae57c6badb58e59da7980a289c77c2d33a004ce9ae0c622ae6c868d8f,C:\zyh\work\宇树固件\real_unitree_r1_1.4.2\ota\backup\module\ai_sport\1.0.2.153\module\ai_sport\file\unitree\module\ai_sport\net\motions\amp_locomotion\2026-04-07_13-24-17\policy_36k.onnx,禁止的固件、压缩包、模型、共享库或抓包类型
policy_42.5.onnx,历史固件研究材料,2338186,2.230,d6d81d37d8b47aa5b6e273e48b7fff560bdb876fc67cbdc28d985b8595a4365f,C:\zyh\work\宇树固件\real_unitree_r1_1.4.2\ota\backup\module\ai_sport\1.0.2.153\module\ai_sport\file\unitree\module\ai_sport\net\motions\amp_locomotion\2026-04-07_13-42-10\policy_42.5.onnx,禁止的固件、压缩包、模型、共享库或抓包类型
actor.onnx,历史固件研究材料,2390075,2.279,a573209745da93a209a1854c07c94e1472901fb65e1f400f97c5771271ac5b6f,C:\zyh\work\宇树固件\real_unitree_r1_1.4.2\ota\backup\module\ai_sport\1.0.2.153\module\ai_sport\file\unitree\module\ai_sport\net\motions\amp_motion\20250722_14-33-53__30600\actor.onnx,禁止的固件、压缩包、模型、共享库或抓包类型
actor.onnx,历史固件研究材料,2540171,2.422,ca08504c5d6d9a33e64f203ea86a2362c8ade7db93b0cd348542e8ee7766879a,C:\zyh\work\宇树固件\real_unitree_r1_1.4.2\ota\backup\module\ai_sport\1.0.2.153\module\ai_sport\file\unitree\module\ai_sport\net\motions\amp_motion_22dof\20250915_15-25-57__58600\actor.onnx,禁止的固件、压缩包、模型、共享库或抓包类型
actor.onnx,历史固件研究材料,2540171,2.422,6437233a134ed33509c10af6ccc2b55f09dc01891b15f72d9dbd3d9916f24fa8,C:\zyh\work\宇树固件\real_unitree_r1_1.4.2\ota\backup\module\ai_sport\1.0.2.153\module\ai_sport\file\unitree\module\ai_sport\net\motions\amp_motion_22dof\20250919_16-11-28__68000\actor.onnx,禁止的固件、压缩包、模型、共享库或抓包类型
policy_37k.onnx,历史固件研究材料,2121504,2.023,e40a0202e91273eb744e66647744f16f816a84da8dae71df13789d1236b69086,C:\zyh\work\宇树固件\real_unitree_r1_1.4.2\ota\backup\module\ai_sport\1.0.2.153\module\ai_sport\file\unitree\module\ai_sport\net\motions\arm_sdk_locomotion\2026-04-07_13-26-00\policy_37k.onnx,禁止的固件、压缩包、模型、共享库或抓包类型
policy.onnx,历史固件研究材料,936775,0.893,7f46a610fe63eec1a579b06d632232e41b70a5523e59e37473cb530ca3372ddc,C:\zyh\work\宇树固件\real_unitree_r1_1.4.2\ota\backup\module\ai_sport\1.0.2.153\module\ai_sport\file\unitree\module\ai_sport\net\motions\dance_niuniu\policy.onnx,禁止的固件、压缩包、模型、共享库或抓包类型
policy.onnx,历史固件研究材料,936775,0.893,cb50a97888bcd7f9e7574928b00c19f91059eae6277015182cda79f76c02cd4d,C:\zyh\work\宇树固件\real_unitree_r1_1.4.2\ota\backup\module\ai_sport\1.0.2.153\module\ai_sport\file\unitree\module\ai_sport\net\motions\dance_weibosite\policy.onnx,禁止的固件、压缩包、模型、共享库或抓包类型
dance1subject2.20k.onnx,历史固件研究材料,936775,0.893,1dc4bc8ae47dd8cdd8eef74465a1749bd7370cd4ed4fb07ba707eb4e0848e08e,C:\zyh\work\宇树固件\real_unitree_r1_1.4.2\ota\backup\module\ai_sport\1.0.2.153\module\ai_sport\file\unitree\module\ai_sport\net\motions\dances\dance1_subject2\0602\dance1subject2.20k.onnx,禁止的固件、压缩包、模型、共享库或抓包类型
dance1_subject2_hard_80k-120k.onnx,历史固件研究材料,936775,0.893,e7621336467dc54d9cde2db5dab2ee1389c027646df3269f33ab1fd1a5cca08c,C:\zyh\work\宇树固件\real_unitree_r1_1.4.2\ota\backup\module\ai_sport\1.0.2.153\module\ai_sport\file\unitree\module\ai_sport\net\motions\dances\dance1_subject2\dance1_subject2_hard_80k-120k.onnx,禁止的固件、压缩包、模型、共享库或抓包类型
policy_25k.onnx,历史固件研究材料,936775,0.893,b1b068d3b53fcb3752cd4b8917923196b69a43b1894d2788b216dc0f037d6392,C:\zyh\work\宇树固件\real_unitree_r1_1.4.2\ota\backup\module\ai_sport\1.0.2.153\module\ai_sport\file\unitree\module\ai_sport\net\motions\dances\dance1_subject2\new_urdf\policy_25k.onnx,禁止的固件、压缩包、模型、共享库或抓包类型
policy_37k.onnx,历史固件研究材料,936775,0.893,b59eb6f0125384c0c21d2384c673fcce84d3046cc766fd29339526444639491e,C:\zyh\work\宇树固件\real_unitree_r1_1.4.2\ota\backup\module\ai_sport\1.0.2.153\module\ai_sport\file\unitree\module\ai_sport\net\motions\dances\dance1_subject2\policy_37k.onnx,禁止的固件、压缩包、模型、共享库或抓包类型
policy_80k.onnx,历史固件研究材料,936775,0.893,63ef804ee57268b96827457d75ef69b1ad628d28e439dc237dc8f96d349d851c,C:\zyh\work\宇树固件\real_unitree_r1_1.4.2\ota\backup\module\ai_sport\1.0.2.153\module\ai_sport\file\unitree\module\ai_sport\net\motions\dances\dance1_subject2_niuniuwu\policy_80k.onnx,禁止的固件、压缩包、模型、共享库或抓包类型
gongfu.20.5k.onnx,历史固件研究材料,936775,0.893,1e21281ad6e105635be529f0b400216a988011a9f101059b0cc15b54ff232bd3,C:\zyh\work\宇树固件\real_unitree_r1_1.4.2\ota\backup\module\ai_sport\1.0.2.153\module\ai_sport\file\unitree\module\ai_sport\net\motions\dances\gongfu\0602\gongfu.20.5k.onnx,禁止的固件、压缩包、模型、共享库或抓包类型
gongfu_jiequandao_hard_80k-110k.onnx,历史固件研究材料,936775,0.893,fe50a0f7cda725011931f23262bde1c129edf59b697f634a3ee152ff92e2b325,C:\zyh\work\宇树固件\real_unitree_r1_1.4.2\ota\backup\module\ai_sport\1.0.2.153\module\ai_sport\file\unitree\module\ai_sport\net\motions\dances\gongfu_jiequandao\gongfu_jiequandao_hard_80k-110k.onnx,禁止的固件、压缩包、模型、共享库或抓包类型
policy_50k.onnx,历史固件研究材料,936775,0.893,babcb6a885d77a110946c2f1023a1f97d85c50bb3dc87dce816b1ba7c9e6da8a,C:\zyh\work\宇树固件\real_unitree_r1_1.4.2\ota\backup\module\ai_sport\1.0.2.153\module\ai_sport\file\unitree\module\ai_sport\net\motions\dances\gongfu_jiequandao\new_urdf\policy_50k.onnx,禁止的固件、压缩包、模型、共享库或抓包类型
policy_80k.onnx,历史固件研究材料,936775,0.893,0b422836c7012b03784d6aac955f5f0493b0c7af299d3a0b67bae3f36842cb31,C:\zyh\work\宇树固件\real_unitree_r1_1.4.2\ota\backup\module\ai_sport\1.0.2.153\module\ai_sport\file\unitree\module\ai_sport\net\motions\dances\gongfu_jiequandao\policy_80k.onnx,禁止的固件、压缩包、模型、共享库或抓包类型
gunfanqishen_hard_80k-100k.onnx,历史固件研究材料,936775,0.893,63aed093c47d24b5e19fdcb85ee45d63f1c0d005f201da185601240cceb21731,C:\zyh\work\宇树固件\real_unitree_r1_1.4.2\ota\backup\module\ai_sport\1.0.2.153\module\ai_sport\file\unitree\module\ai_sport\net\motions\dances\gunfanqishen\gunfanqishen_hard_80k-100k.onnx,禁止的固件、压缩包、模型、共享库或抓包类型
policy_80k.onnx,历史固件研究材料,936775,0.893,87ffcea64dec4a54a86ad21784b5d37fbf876230106b433d674d777b2d272a73,C:\zyh\work\宇树固件\real_unitree_r1_1.4.2\ota\backup\module\ai_sport\1.0.2.153\module\ai_sport\file\unitree\module\ai_sport\net\motions\dances\gunfanqishen\policy_80k.onnx,禁止的固件、压缩包、模型、共享库或抓包类型
jiequandao.16k.onnx,历史固件研究材料,936775,0.893,c5f0c8db24fc40b6e5cb0466df0f27e0d5cc150166208c612e913a3a81337be5,C:\zyh\work\宇树固件\real_unitree_r1_1.4.2\ota\backup\module\ai_sport\1.0.2.153\module\ai_sport\file\unitree\module\ai_sport\net\motions\dances\jiequandao\0602\jiequandao.16k.onnx,禁止的固件、压缩包、模型、共享库或抓包类型
niuniu.15k.onnx,历史固件研究材料,936775,0.893,557128484061f5b2b11598283d8b3dfea52ab362c64eb6d35ba60596d98f50d1,C:\zyh\work\宇树固件\real_unitree_r1_1.4.2\ota\backup\module\ai_sport\1.0.2.153\module\ai_sport\file\unitree\module\ai_sport\net\motions\dances\niuniu\0602\niuniu.15k.onnx,禁止的固件、压缩包、模型、共享库或抓包类型
qishen1_25k.onnx,历史固件研究材料,936775,0.893,bbd132d4d72c592d475a47687417a42cfae424b083fc31e149d3b134542a1cf9,C:\zyh\work\宇树固件\real_unitree_r1_1.4.2\ota\backup\module\ai_sport\1.0.2.153\module\ai_sport\file\unitree\module\ai_sport\net\motions\dances\qishen1\qishen1_25k.onnx,禁止的固件、压缩包、模型、共享库或抓包类型
policy_23k.onnx,历史固件研究材料,936775,0.893,4ac990899403c5154d9736999839be77dc6c58e3095665ce077e2a0e07ef8b9e,C:\zyh\work\宇树固件\real_unitree_r1_1.4.2\ota\backup\module\ai_sport\1.0.2.153\module\ai_sport\file\unitree\module\ai_sport\net\motions\dances\weibosite\policy_23k.onnx,禁止的固件、压缩包、模型、共享库或抓包类型
edu_fix_20k.onnx,历史固件研究材料,893749,0.852,e7db7dc3ce38493cb6e8051548eb8c5071dc961a81c796b1bf692d86f79af44b,C:\zyh\work\宇树固件\real_unitree_r1_1.4.2\ota\backup\module\ai_sport\1.0.2.153\module\ai_sport\file\unitree\module\ai_sport\net\motions\dances_air\dance1_subject2\edu_fix_20k.onnx,禁止的固件、压缩包、模型、共享库或抓包类型
new_policy_30k.onnx,历史固件研究材料,893749,0.852,c5b08d3fee28d7da951895393addd2f9f8fe5bbea1e531629bbb0410d61ad9fe,C:\zyh\work\宇树固件\real_unitree_r1_1.4.2\ota\backup\module\ai_sport\1.0.2.153\module\ai_sport\file\unitree\module\ai_sport\net\motions\dances_air\dance1_subject2\new_policy_30k.onnx,禁止的固件、压缩包、模型、共享库或抓包类型
air_urdf_40k.onnx,历史固件研究材料,893749,0.852,fdbcf61b018cee69c6dbb8491d4280c8ee41665034c24689a865a40eb3706298,C:\zyh\work\宇树固件\real_unitree_r1_1.4.2\ota\backup\module\ai_sport\1.0.2.153\module\ai_sport\file\unitree\module\ai_sport\net\motions\dances_air\dance1_subject2_niuniuwu\air_urdf_40k.onnx,禁止的固件、压缩包、模型、共享库或抓包类型
edu_fix_15k.onnx,历史固件研究材料,893749,0.852,4fce479ca872a1057cc96a5bd778a4064a0ebc29cc3c0130362f35f9cfac853b,C:\zyh\work\宇树固件\real_unitree_r1_1.4.2\ota\backup\module\ai_sport\1.0.2.153\module\ai_sport\file\unitree\module\ai_sport\net\motions\dances_air\gongfu\edu_fix_15k.onnx,禁止的固件、压缩包、模型、共享库或抓包类型
new_policy_25k.onnx,历史固件研究材料,893749,0.852,5a0504d7f10c534dbd6b184d68325668f16afc17c64f7b64190693c939932253,C:\zyh\work\宇树固件\real_unitree_r1_1.4.2\ota\backup\module\ai_sport\1.0.2.153\module\ai_sport\file\unitree\module\ai_sport\net\motions\dances_air\gongfu\new_policy_25k.onnx,禁止的固件、压缩包、模型、共享库或抓包类型
edu_fix_15k.onnx,历史固件研究材料,893749,0.852,adb879da2211b8c24b3a402de2632911cb63506bd029432ea834618138b5605b,C:\zyh\work\宇树固件\real_unitree_r1_1.4.2\ota\backup\module\ai_sport\1.0.2.153\module\ai_sport\file\unitree\module\ai_sport\net\motions\dances_air\jiequandao\edu_fix_15k.onnx,禁止的固件、压缩包、模型、共享库或抓包类型
new_policy_20k.onnx,历史固件研究材料,893749,0.852,c97f73f809cacda13187dcdd68a768f882f4c0015f0255851b3b9740cfd383ad,C:\zyh\work\宇树固件\real_unitree_r1_1.4.2\ota\backup\module\ai_sport\1.0.2.153\module\ai_sport\file\unitree\module\ai_sport\net\motions\dances_air\jiequandao\new_policy_20k.onnx,禁止的固件、压缩包、模型、共享库或抓包类型
policy_12k.onnx,历史固件研究材料,893749,0.852,a8c52e939cf4c6db4c5f86665057601d838ba526042d2729f2e3e2003f2e726c,C:\zyh\work\宇树固件\real_unitree_r1_1.4.2\ota\backup\module\ai_sport\1.0.2.153\module\ai_sport\file\unitree\module\ai_sport\net\motions\dances_air\weibosite\policy_12k.onnx,禁止的固件、压缩包、模型、共享库或抓包类型
policy_new_10k.onnx,历史固件研究材料,893749,0.852,c64400c259dac0c915c2f80652b1b42e9450a9abffa751612c94fa2bafceb392,C:\zyh\work\宇树固件\real_unitree_r1_1.4.2\ota\backup\module\ai_sport\1.0.2.153\module\ai_sport\file\unitree\module\ai_sport\net\motions\dances_air\weibosite\policy_new_10k.onnx,禁止的固件、压缩包、模型、共享库或抓包类型
20500amp1_r1air_walkrun_indelay.onnx,历史固件研究材料,2083639,1.987,1c7844dc51e0135c821fb88e5a2eefcfe52cefef1fc7bf99121335eff79b8cd3,C:\zyh\work\宇树固件\real_unitree_r1_1.4.2\ota\backup\module\ai_sport\1.0.2.153\module\ai_sport\file\unitree\module\ai_sport\net\motions\locomotion_20dofs\20500amp1_r1air_walkrun_indelay.onnx,禁止的固件、压缩包、模型、共享库或抓包类型
20500amp6_26to20_rough.onnx,历史固件研究材料,2083639,1.987,61e709ef6ee951d4a0554f3425b4f85f7da82696efbfdae035bce2f1f0bcb0ca,C:\zyh\work\宇树固件\real_unitree_r1_1.4.2\ota\backup\module\ai_sport\1.0.2.153\module\ai_sport\file\unitree\module\ai_sport\net\motions\locomotion_20dofs\20500amp6_26to20_rough.onnx,禁止的固件、压缩包、模型、共享库或抓包类型
20500r1air_rough.onnx,历史固件研究材料,2083639,1.987,457191ec85815089717065985e3fb319bd3ae6078e4e09b954b9404ea405fee1,C:\zyh\work\宇树固件\real_unitree_r1_1.4.2\ota\backup\module\ai_sport\1.0.2.153\module\ai_sport\file\unitree\module\ai_sport\net\motions\locomotion_20dofs\20500r1air_rough.onnx,禁止的固件、压缩包、模型、共享库或抓包类型
22500amp1_r1air_walkrun_indelay.onnx,历史固件研究材料,2083639,1.987,01e28730134c7473c68431837d6c3d0d2f91ec7fcad64369b3bb37e6746cd743,C:\zyh\work\宇树固件\real_unitree_r1_1.4.2\ota\backup\module\ai_sport\1.0.2.153\module\ai_sport\file\unitree\module\ai_sport\net\motions\locomotion_20dofs\22500amp1_r1air_walkrun_indelay.onnx,禁止的固件、压缩包、模型、共享库或抓包类型
23500r1air_rough.onnx,历史固件研究材料,2083639,1.987,9923b354fc2482522b520d242877e19c64230386dc457044222d61694d43a0b8,C:\zyh\work\宇树固件\real_unitree_r1_1.4.2\ota\backup\module\ai_sport\1.0.2.153\module\ai_sport\file\unitree\module\ai_sport\net\motions\locomotion_20dofs\23500r1air_rough.onnx,禁止的固件、压缩包、模型、共享库或抓包类型
29000r1air_rough.onnx,历史固件研究材料,2083639,1.987,726cd59b185ba46251cdefb15160ffed162eea982f7e25aa2bca2cad85ff66eb,C:\zyh\work\宇树固件\real_unitree_r1_1.4.2\ota\backup\module\ai_sport\1.0.2.153\module\ai_sport\file\unitree\module\ai_sport\net\motions\locomotion_20dofs\29000r1air_rough.onnx,禁止的固件、压缩包、模型、共享库或抓包类型
30000r1air_rough.onnx,历史固件研究材料,2083639,1.987,492e4c573fa89048cae8b0e92fe62073067a567f93c6e93f0e1fd3d5d63a7571,C:\zyh\work\宇树固件\real_unitree_r1_1.4.2\ota\backup\module\ai_sport\1.0.2.153\module\ai_sport\file\unitree\module\ai_sport\net\motions\locomotion_20dofs\30000r1air_rough.onnx,禁止的固件、压缩包、模型、共享库或抓包类型
63000r1air_rough.onnx,历史固件研究材料,2083639,1.987,0f5d1e00b04fd21d8daaea83aefad9103806ad633de965b089fdec5722b8b18a,C:\zyh\work\宇树固件\real_unitree_r1_1.4.2\ota\backup\module\ai_sport\1.0.2.153\module\ai_sport\file\unitree\module\ai_sport\net\motions\locomotion_20dofs\63000r1air_rough.onnx,禁止的固件、压缩包、模型、共享库或抓包类型
87500r1air_rough.onnx,历史固件研究材料,2083639,1.987,e7708f411c4b23d20c9b7bba252cfa98f58e33e8a703f2095138aa0331f27361,C:\zyh\work\宇树固件\real_unitree_r1_1.4.2\ota\backup\module\ai_sport\1.0.2.153\module\ai_sport\file\unitree\module\ai_sport\net\motions\locomotion_20dofs\87500r1air_rough.onnx,禁止的固件、压缩包、模型、共享库或抓包类型
amp1_rottorso_r1air_locomotion_rough.onnx,历史固件研究材料,2083639,1.987,bba86eb3c6c650c5ff36e6664942e9f1b030f92bbb9ee477cc490c78850c51fe,C:\zyh\work\宇树固件\real_unitree_r1_1.4.2\ota\backup\module\ai_sport\1.0.2.153\module\ai_sport\file\unitree\module\ai_sport\net\motions\locomotion_20dofs\amp1_rottorso_r1air_locomotion_rough.onnx,禁止的固件、压缩包、模型、共享库或抓包类型
amp3_hardrough_r1air_locomotion_rough.onnx,历史固件研究材料,2083639,1.987,a64b8d20597c752d7582f81527d36c2e931e03476346e96e5662564ee6fef9f9,C:\zyh\work\宇树固件\real_unitree_r1_1.4.2\ota\backup\module\ai_sport\1.0.2.153\module\ai_sport\file\unitree\module\ai_sport\net\motions\locomotion_20dofs\amp3_hardrough_r1air_locomotion_rough.onnx,禁止的固件、压缩包、模型、共享库或抓包类型
amp6_26to20_r1air_locomotion_new.onnx,历史固件研究材料,2083639,1.987,95b0f99889121e6560313264bdb1d12639672587cfa7f3efe024a507a5996463,C:\zyh\work\宇树固件\real_unitree_r1_1.4.2\ota\backup\module\ai_sport\1.0.2.153\module\ai_sport\file\unitree\module\ai_sport\net\motions\locomotion_20dofs\amp6_26to20_r1air_locomotion_new.onnx,禁止的固件、压缩包、模型、共享库或抓包类型
amp6_26to20_rough.onnx,历史固件研究材料,2083639,1.987,81aba0de93b99de4d0ca7eda75ea4385d6b5eafaa69061f20a48c7340cb20fb7,C:\zyh\work\宇树固件\real_unitree_r1_1.4.2\ota\backup\module\ai_sport\1.0.2.153\module\ai_sport\file\unitree\module\ai_sport\net\motions\locomotion_20dofs\amp6_26to20_rough.onnx,禁止的固件、压缩包、模型、共享库或抓包类型
amp7_r1air_locomotion_rough.onnx,历史固件研究材料,2083639,1.987,6e3593021c5025c3f5c8fa76bd522e62ec2ae8e743d515a8337a0cde1e015420,C:\zyh\work\宇树固件\real_unitree_r1_1.4.2\ota\backup\module\ai_sport\1.0.2.153\module\ai_sport\file\unitree\module\ai_sport\net\motions\locomotion_20dofs\amp7_r1air_locomotion_rough.onnx,禁止的固件、压缩包、模型、共享库或抓包类型
r1air_locomotion_new.onnx,历史固件研究材料,2083639,1.987,d00c3b0229e2289532f18e465372be9720d112f1fa991698b17db9fc43a1e092,C:\zyh\work\宇树固件\real_unitree_r1_1.4.2\ota\backup\module\ai_sport\1.0.2.153\module\ai_sport\file\unitree\module\ai_sport\net\motions\locomotion_20dofs\r1air_locomotion_new.onnx,禁止的固件、压缩包、模型、共享库或抓包类型
r1air_locomotion_old.onnx,历史固件研究材料,2083639,1.987,54af23231b70fc6e644f09aefa6dc18430b54a10e55f508e6a3cb54bb985d124,C:\zyh\work\宇树固件\real_unitree_r1_1.4.2\ota\backup\module\ai_sport\1.0.2.153\module\ai_sport\file\unitree\module\ai_sport\net\motions\locomotion_20dofs\r1air_locomotion_old.onnx,禁止的固件、压缩包、模型、共享库或抓包类型
r1air_locomotion_rough.onnx,历史固件研究材料,2083639,1.987,82c58c621c07d89eb24c801567b97626eb948ef1cb5730b4421e14e2021c0212,C:\zyh\work\宇树固件\real_unitree_r1_1.4.2\ota\backup\module\ai_sport\1.0.2.153\module\ai_sport\file\unitree\module\ai_sport\net\motions\locomotion_20dofs\r1air_locomotion_rough.onnx,禁止的固件、压缩包、模型、共享库或抓包类型
actor.onnx,历史固件研究材料,5228977,4.987,c26d249c65d467a0d5ba6cf5b7235ba36d646de4c201cd324e4416a6b3c50c69,C:\zyh\work\宇树固件\real_unitree_r1_1.4.2\ota\backup\module\ai_sport\1.0.2.153\module\ai_sport\file\unitree\module\ai_sport\net\motions\locomotion_24dof_straight_knee\2026-02-01_02-39-41_25000\actor.onnx,禁止的固件、压缩包、模型、共享库或抓包类型
actor.onnx,历史固件研究材料,5228977,4.987,b7a2d340c236414ea9fa4612fba0f7e883cec60038eca32103fc869146f607b5,C:\zyh\work\宇树固件\real_unitree_r1_1.4.2\ota\backup\module\ai_sport\1.0.2.153\module\ai_sport\file\unitree\module\ai_sport\net\motions\locomotion_24dof_walk\2026-02-02_09-46-55_16800\actor.onnx,禁止的固件、压缩包、模型、共享库或抓包类型
r1air_armsdk_loco_new.onnx,历史固件研究材料,1915671,1.827,7f67d3dc32c83b19af5150db0e481b9e3c3ab0d59826f76941f56967eef903bc,C:\zyh\work\宇树固件\real_unitree_r1_1.4.2\ota\backup\module\ai_sport\1.0.2.153\module\ai_sport\file\unitree\module\ai_sport\net\motions\locomotion_armsdk\r1air_armsdk_loco_new.onnx,禁止的固件、压缩包、模型、共享库或抓包类型
r1air_armsdk_loco_new_alljoint.onnx,历史固件研究材料,2083639,1.987,e20deff0e77cfb5c194a4fd8590f452a9420d490e7914c53695a4b7f11c7a307,C:\zyh\work\宇树固件\real_unitree_r1_1.4.2\ota\backup\module\ai_sport\1.0.2.153\module\ai_sport\file\unitree\module\ai_sport\net\motions\locomotion_armsdk\r1air_armsdk_loco_new_alljoint.onnx,禁止的固件、压缩包、模型、共享库或抓包类型
r1air_armsdk_loco_old.onnx,历史固件研究材料,1915671,1.827,d3571610489bf192064e8f0ccd547a4e4f7901261c14ac8524a9391ba5b27d0f,C:\zyh\work\宇树固件\real_unitree_r1_1.4.2\ota\backup\module\ai_sport\1.0.2.153\module\ai_sport\file\unitree\module\ai_sport\net\motions\locomotion_armsdk\r1air_armsdk_loco_old.onnx,禁止的固件、压缩包、模型、共享库或抓包类型
policy.onnx,历史固件研究材料,2206520,2.104,ee9586e8c6ee9aabfc5107971837f6c6aa04d534612a99edc81ebaeb503c781e,C:\zyh\work\宇树固件\real_unitree_r1_1.4.2\ota\backup\module\ai_sport\1.0.2.153\module\ai_sport\file\unitree\module\ai_sport\net\motions\locomotion_armsdk_gait\policy.onnx,禁止的固件、压缩包、模型、共享库或抓包类型
policy.onnx,历史固件研究材料,2206520,2.104,2e28a7a34068755f8a3abab684866fd6e29a24e47a806d2e2033850f7cc9bc97,C:\zyh\work\宇树固件\real_unitree_r1_1.4.2\ota\backup\module\ai_sport\1.0.2.153\module\ai_sport\file\unitree\module\ai_sport\net\motions\locomotion_gait\policy.onnx,禁止的固件、压缩包、模型、共享库或抓包类型
model.onnx,历史固件研究材料,11990942,11.435,2259da3adb62f877b08f8f06d54b423912c7dcf79ebcb5c7941c892475162c77,C:\zyh\work\宇树固件\real_unitree_r1_1.4.2\ota\backup\module\ai_sport\1.0.2.153\module\ai_sport\file\unitree\module\ai_sport\net\motions\mimic_actor\2025-07-08_17-33-53_actor2_resume\exported\model.onnx,禁止的固件、压缩包、模型、共享库或抓包类型
model.onnx,历史固件研究材料,11991343,11.436,3b3cab2ac29b3358593700a8fd46a83f7a02996efd09eab586e60213b3b492ed,C:\zyh\work\宇树固件\real_unitree_r1_1.4.2\ota\backup\module\ai_sport\1.0.2.153\module\ai_sport\file\unitree\module\ai_sport\net\motions\mimic_actor\2025-08-04_20-57-13_actor_new\exported\model.onnx,禁止的固件、压缩包、模型、共享库或抓包类型
model.onnx,历史固件研究材料,11990942,11.435,e392366e7051f8e164e209523140636d94747e4d63a05335d4565e85346ef90e,C:\zyh\work\宇树固件\real_unitree_r1_1.4.2\ota\backup\module\ai_sport\1.0.2.153\module\ai_sport\file\unitree\module\ai_sport\net\motions\mimic_punch\2025-07-21_18-11-48_punch_resume_new_usd_0717\exported\model.onnx,禁止的固件、压缩包、模型、共享库或抓包类型
model.onnx,历史固件研究材料,11991343,11.436,6fcc4263b71e1fa3891027ff7350b470e3d5062da5b6701ec3845f776b9ce7b5,C:\zyh\work\宇树固件\real_unitree_r1_1.4.2\ota\backup\module\ai_sport\1.0.2.153\module\ai_sport\file\unitree\module\ai_sport\net\motions\mimic_punch\2025-07-27_15-55-47_mu_p_resume\exported\model.onnx,禁止的固件、压缩包、模型、共享库或抓包类型
model.onnx,历史固件研究材料,12669760,12.083,315bc2c1fcd834d6345af3f7e703c801f702cc6d8dc9cb89dd7dda13b7b897c2,C:\zyh\work\宇树固件\real_unitree_r1_1.4.2\ota\backup\module\ai_sport\1.0.2.153\module\ai_sport\file\unitree\module\ai_sport\net\motions\mimic_punch\2025-07-30_08-26-56_norm_adapt_l_speed\exported\model.onnx,禁止的固件、压缩包、模型、共享库或抓包类型
r1_air_tangqi_facedown.onnx,历史固件研究材料,889103,0.848,b77a9f10cff3d7b03e65803e97dd46d8b0622ceb7017318f8d835655222564a3,C:\zyh\work\宇树固件\real_unitree_r1_1.4.2\ota\backup\module\ai_sport\1.0.2.153\module\ai_sport\file\unitree\module\ai_sport\net\motions\qishen\r1_air_tangqi_facedown.onnx,禁止的固件、压缩包、模型、共享库或抓包类型
r1_air_tangqi_faceup.onnx,历史固件研究材料,889103,0.848,74d26661f274f78e1c9109b1f565f4f6c334a9c7db98398af54a7d61ac009c78,C:\zyh\work\宇树固件\real_unitree_r1_1.4.2\ota\backup\module\ai_sport\1.0.2.153\module\ai_sport\file\unitree\module\ai_sport\net\motions\qishen\r1_air_tangqi_faceup.onnx,禁止的固件、压缩包、模型、共享库或抓包类型
r1_mimic_hello1_Sep06_17-15-29_model_50000.onnx,历史固件研究材料,1595905,1.522,351ed3f20ecdeaa087a10b14b8c57b83eb0e6d4048176980b87d8ec6761c7cf7,C:\zyh\work\宇树固件\real_unitree_r1_1.4.2\ota\backup\module\ai_sport\1.0.2.153\module\ai_sport\file\unitree\module\ai_sport\net\motions\simple_motion\r1_mimic_hello1_Sep06_17-15-29_model_50000.onnx,禁止的固件、压缩包、模型、共享库或抓包类型
r1_tangxia_qili.onnx,历史固件研究材料,889103,0.848,7d4180933fe0399e4a380793f9bb830f1f71b8f67ca5c7eea3c84b9498e6c8f4,C:\zyh\work\宇树固件\real_unitree_r1_1.4.2\ota\backup\module\ai_sport\1.0.2.153\module\ai_sport\file\unitree\module\ai_sport\net\motions\tangxia\r1_tangxia_qili.onnx,禁止的固件、压缩包、模型、共享库或抓包类型
libcrypto.so,历史固件研究材料,2711264,2.586,9007706842cfdca68526afe5d7753631a313ca1a30733f99d5e1424733de5aa5,C:\zyh\work\宇树固件\real_unitree_r1_1.4.2\ota\backup\module\auto_test\1.2.0.16\module\auto_test\file\unitree\module\auto_test\aarch64\lib\libcrypto.so,禁止的固件、压缩包、模型、共享库或抓包类型
libdds_security_ac.so,历史固件研究材料,370696,0.354,7be3bc1317615bf9481d5088ebaf324d9920c766d2c633261dd42427cd875698,C:\zyh\work\宇树固件\real_unitree_r1_1.4.2\ota\backup\module\auto_test\1.2.0.16\module\auto_test\file\unitree\module\auto_test\aarch64\lib\libdds_security_ac.so,禁止的固件、压缩包、模型、共享库或抓包类型
libdds_security_auth.so,历史固件研究材料,330472,0.315,b91f64e23045e088d69290d1b981f98af8b169983b3005fa2425b4075827077a,C:\zyh\work\宇树固件\real_unitree_r1_1.4.2\ota\backup\module\auto_test\1.2.0.16\module\auto_test\file\unitree\module\auto_test\aarch64\lib\libdds_security_auth.so,禁止的固件、压缩包、模型、共享库或抓包类型
libdds_security_crypto.so,历史固件研究材料,511280,0.488,27f9ebe25934fc3e3d0d0fc3c1ba14772a5b0fb5e93b9706de5154cd6fb5cd4b,C:\zyh\work\宇树固件\real_unitree_r1_1.4.2\ota\backup\module\auto_test\1.2.0.16\module\auto_test\file\unitree\module\auto_test\aarch64\lib\libdds_security_crypto.so,禁止的固件、压缩包、模型、共享库或抓包类型
libddsc.so,历史固件研究材料,9557696,9.115,5d4f23b0f8928ac7361889960ae780ab8a7d0d528766dfc198765261e772b377,C:\zyh\work\宇树固件\real_unitree_r1_1.4.2\ota\backup\module\auto_test\1.2.0.16\module\auto_test\file\unitree\module\auto_test\aarch64\lib\libddsc.so,禁止的固件、压缩包、模型、共享库或抓包类型
libddscxx.so,历史固件研究材料,3153856,3.008,db2601bfeac87b3b994f2f4928ebd2432ad105d834725d75a17a097a8b701cd5,C:\zyh\work\宇树固件\real_unitree_r1_1.4.2\ota\backup\module\auto_test\1.2.0.16\module\auto_test\file\unitree\module\auto_test\aarch64\lib\libddscxx.so,禁止的固件、压缩包、模型、共享库或抓包类型
libhumanoid_module.so,历史固件研究材料,4280568,4.082,ef62cab100f22eaf352762ea1aa10c0a2331fff0cd0f01d2fb80ba4ddd9ea3db,C:\zyh\work\宇树固件\real_unitree_r1_1.4.2\ota\backup\module\auto_test\1.2.0.16\module\auto_test\file\unitree\module\auto_test\aarch64\lib\libhumanoid_module.so,禁止的固件、压缩包、模型、共享库或抓包类型
libmcf_core.so,历史固件研究材料,3800256,3.624,109815815a50d5e675593f1ee9010f326a1ff417667ab2d290ac97d7af27213c,C:\zyh\work\宇树固件\real_unitree_r1_1.4.2\ota\backup\module\auto_test\1.2.0.16\module\auto_test\file\unitree\module\auto_test\aarch64\lib\libmcf_core.so,禁止的固件、压缩包、模型、共享库或抓包类型
libmcf_runtime.so,历史固件研究材料,8885528,8.474,39727a8612f1d98ddc617036f60620f925d839b153c58224812d8bef0185b5de,C:\zyh\work\宇树固件\real_unitree_r1_1.4.2\ota\backup\module\auto_test\1.2.0.16\module\auto_test\file\unitree\module\auto_test\aarch64\lib\libmcf_runtime.so,禁止的固件、压缩包、模型、共享库或抓包类型
libssl.so,历史固件研究材料,568960,0.543,7b6aee772354a922c9ba426b501b870eb159acb09218a75932eed599bb662416,C:\zyh\work\宇树固件\real_unitree_r1_1.4.2\ota\backup\module\auto_test\1.2.0.16\module\auto_test\file\unitree\module\auto_test\aarch64\lib\libssl.so,禁止的固件、压缩包、模型、共享库或抓包类型
libeigenpy.so,历史固件研究材料,19474744,18.573,9f7cd528722bd0278e5d4e21a5dd7d6eb132ef61ed6a8447aeb8bfbd86f96883,C:\zyh\work\宇树固件\real_unitree_r1_1.4.2\ota\backup\module\r1_arm_example\1.0.2.0\module\r1_arm_example\file\unitree\module\r1_arm_example\lib\libeigenpy.so,禁止的固件、压缩包、模型、共享库或抓包类型
libhpp-fcl.so,历史固件研究材料,3663584,3.494,c000c8f8f18311e263e309ab1b957b6d7883e198a0a1cc054db933b6c975bfef,C:\zyh\work\宇树固件\real_unitree_r1_1.4.2\ota\backup\module\r1_arm_example\1.0.2.0\module\r1_arm_example\file\unitree\module\r1_arm_example\lib\libhpp-fcl.so,禁止的固件、压缩包、模型、共享库或抓包类型
_casadi.cpython-38-aarch64-linux-gnu.so,历史固件研究材料,5800272,5.532,a986d6c1bdb78965fec03b0455f62a309190e78f4e2da5e5aef4a5a09014a3fb,C:\zyh\work\宇树固件\real_unitree_r1_1.4.2\ota\backup\module\r1_arm_example\1.0.2.0\module\r1_arm_example\file\unitree\module\r1_arm_example\lib\python3.8\site-packages\casadi\_casadi.cpython-38-aarch64-linux-gnu.so,禁止的固件、压缩包、模型、共享库或抓包类型
hppfcl.cpython-38-aarch64-linux-gnu.so,历史固件研究材料,6311232,6.019,2d64070ef6326e5091ffdb95cb5e086b99123d111c04413ec7a24b04eeadbec0,C:\zyh\work\宇树固件\real_unitree_r1_1.4.2\ota\backup\module\r1_arm_example\1.0.2.0\module\r1_arm_example\file\unitree\module\r1_arm_example\lib\python3.8\site-packages\hppfcl\hppfcl.cpython-38-aarch64-linux-gnu.so,禁止的固件、压缩包、模型、共享库或抓包类型
pinocchio_pywrap_casadi.cpython-38-aarch64-linux-gnu.so,历史固件研究材料,39907992,38.059,122ef2da52cc653a580694fb994fc5b03fe283dc7e2f6fda4d85d5253a29821d,C:\zyh\work\宇树固件\real_unitree_r1_1.4.2\ota\backup\module\r1_arm_example\1.0.2.0\module\r1_arm_example\file\unitree\module\r1_arm_example\lib\python3.8\site-packages\pinocchio\pinocchio_pywrap_casadi.cpython-38-aarch64-linux-gnu.so,禁止的固件、压缩包、模型、共享库或抓包类型
pinocchio_pywrap_default.cpython-38-aarch64-linux-gnu.so,历史固件研究材料,44667320,42.598,bd48f52561e32d3c596bd7f8a3fa9897f786ce56b556c588f2186f99356b67d6,C:\zyh\work\宇树固件\real_unitree_r1_1.4.2\ota\backup\module\r1_arm_example\1.0.2.0\module\r1_arm_example\file\unitree\module\r1_arm_example\lib\python3.8\site-packages\pinocchio\pinocchio_pywrap_default.cpython-38-aarch64-linux-gnu.so,禁止的固件、压缩包、模型、共享库或抓包类型
_camera.cpython-38-aarch64-linux-gnu.so,历史固件研究材料,264433,0.252,05fa8882475c9d8f6d45901f1a0f7912959de21415756f0872660f547c5f2be2,C:\zyh\work\宇树固件\real_unitree_r1_1.4.2\ota\backup\module\r1_arm_example\1.0.2.0\module\r1_arm_example\file\unitree\module\r1_arm_example\lib\python3.8\site-packages\pygame\_camera.cpython-38-aarch64-linux-gnu.so,禁止的固件、压缩包、模型、共享库或抓包类型
_freetype.cpython-38-aarch64-linux-gnu.so,历史固件研究材料,266377,0.254,31ffb83500eaf25e9dce67e89c3eb434f9f6397231388f57b6dc718f7e81e1aa,C:\zyh\work\宇树固件\real_unitree_r1_1.4.2\ota\backup\module\r1_arm_example\1.0.2.0\module\r1_arm_example\file\unitree\module\r1_arm_example\lib\python3.8\site-packages\pygame\_freetype.cpython-38-aarch64-linux-gnu.so,禁止的固件、压缩包、模型、共享库或抓包类型
audio.cpython-38-aarch64-linux-gnu.so,历史固件研究材料,397257,0.379,d38b3bed4992e851015e2acb858b4dbcdabb4dedd19f6a9347c1b5a0eb0fd82e,C:\zyh\work\宇树固件\real_unitree_r1_1.4.2\ota\backup\module\r1_arm_example\1.0.2.0\module\r1_arm_example\file\unitree\module\r1_arm_example\lib\python3.8\site-packages\pygame\_sdl2\audio.cpython-38-aarch64-linux-gnu.so,禁止的固件、压缩包、模型、共享库或抓包类型
controller.cpython-38-aarch64-linux-gnu.so,历史固件研究材料,266209,0.254,1eca41b37a2d13ac1bfe5b3230ab57c04f4579cc591a43ea30dbe03657dac95d,C:\zyh\work\宇树固件\real_unitree_r1_1.4.2\ota\backup\module\r1_arm_example\1.0.2.0\module\r1_arm_example\file\unitree\module\r1_arm_example\lib\python3.8\site-packages\pygame\_sdl2\controller.cpython-38-aarch64-linux-gnu.so,禁止的固件、压缩包、模型、共享库或抓包类型
mixer.cpython-38-aarch64-linux-gnu.so,历史固件研究材料,331497,0.316,18e0a306464961613c876d2ad69626a004727d4efada1cef0846f60773c10256,C:\zyh\work\宇树固件\real_unitree_r1_1.4.2\ota\backup\module\r1_arm_example\1.0.2.0\module\r1_arm_example\file\unitree\module\r1_arm_example\lib\python3.8\site-packages\pygame\_sdl2\mixer.cpython-38-aarch64-linux-gnu.so,禁止的固件、压缩包、模型、共享库或抓包类型
sdl2.cpython-38-aarch64-linux-gnu.so,历史固件研究材料,199281,0.190,a2dd6c51146437e9fa6d67c575f791dc5af5458e681cfb196e4dd8e9c8f7c620,C:\zyh\work\宇树固件\real_unitree_r1_1.4.2\ota\backup\module\r1_arm_example\1.0.2.0\module\r1_arm_example\file\unitree\module\r1_arm_example\lib\python3.8\site-packages\pygame\_sdl2\sdl2.cpython-38-aarch64-linux-gnu.so,禁止的固件、压缩包、模型、共享库或抓包类型
touch.cpython-38-aarch64-linux-gnu.so,历史固件研究材料,199097,0.190,66e8e86e3c444faaac68a13d9d78d1fc575667b3cac2b3528edf96bdbd0e8bd0,C:\zyh\work\宇树固件\real_unitree_r1_1.4.2\ota\backup\module\r1_arm_example\1.0.2.0\module\r1_arm_example\file\unitree\module\r1_arm_example\lib\python3.8\site-packages\pygame\_sdl2\touch.cpython-38-aarch64-linux-gnu.so,禁止的固件、压缩包、模型、共享库或抓包类型
video.cpython-38-aarch64-linux-gnu.so,历史固件研究材料,530129,0.506,068894065e7617b3c69566e5702b86e7e7c5233550368887284ea388336e254f,C:\zyh\work\宇树固件\real_unitree_r1_1.4.2\ota\backup\module\r1_arm_example\1.0.2.0\module\r1_arm_example\file\unitree\module\r1_arm_example\lib\python3.8\site-packages\pygame\_sdl2\video.cpython-38-aarch64-linux-gnu.so,禁止的固件、压缩包、模型、共享库或抓包类型
_sprite.cpython-38-aarch64-linux-gnu.so,历史固件研究材料,664209,0.633,92de48c4f3d4401da5df05b0a7f226b160f583847c443f41793fe89db4734b1a,C:\zyh\work\宇树固件\real_unitree_r1_1.4.2\ota\backup\module\r1_arm_example\1.0.2.0\module\r1_arm_example\file\unitree\module\r1_arm_example\lib\python3.8\site-packages\pygame\_sprite.cpython-38-aarch64-linux-gnu.so,禁止的固件、压缩包、模型、共享库或抓包类型
base.cpython-38-aarch64-linux-gnu.so,历史固件研究材料,198681,0.189,2b69dfd6feba142467a77ae38badeeb120c59ae8bed809b4bf1ed7480aa0303e,C:\zyh\work\宇树固件\real_unitree_r1_1.4.2\ota\backup\module\r1_arm_example\1.0.2.0\module\r1_arm_example\file\unitree\module\r1_arm_example\lib\python3.8\site-packages\pygame\base.cpython-38-aarch64-linux-gnu.so,禁止的固件、压缩包、模型、共享库或抓包类型
bufferproxy.cpython-38-aarch64-linux-gnu.so,历史固件研究材料,199601,0.190,12f59127d6e25114680272fb3138f69c22d0e76cf51dbabccc21722c4fe3bc5f,C:\zyh\work\宇树固件\real_unitree_r1_1.4.2\ota\backup\module\r1_arm_example\1.0.2.0\module\r1_arm_example\file\unitree\module\r1_arm_example\lib\python3.8\site-packages\pygame\bufferproxy.cpython-38-aarch64-linux-gnu.so,禁止的固件、压缩包、模型、共享库或抓包类型
color.cpython-38-aarch64-linux-gnu.so,历史固件研究材料,200417,0.191,9b7f7dd4fd3a962f36a0b20a453efce01db43ea43f4ed179c52e0644bb14070d,C:\zyh\work\宇树固件\real_unitree_r1_1.4.2\ota\backup\module\r1_arm_example\1.0.2.0\module\r1_arm_example\file\unitree\module\r1_arm_example\lib\python3.8\site-packages\pygame\color.cpython-38-aarch64-linux-gnu.so,禁止的固件、压缩包、模型、共享库或抓包类型
constants.cpython-38-aarch64-linux-gnu.so,历史固件研究材料,263041,0.251,683567183b242f36aab93a2a4fbdbd5ef206f35bfb7d9511a2930cc41c96f9bc,C:\zyh\work\宇树固件\real_unitree_r1_1.4.2\ota\backup\module\r1_arm_example\1.0.2.0\module\r1_arm_example\file\unitree\module\r1_arm_example\lib\python3.8\site-packages\pygame\constants.cpython-38-aarch64-linux-gnu.so,禁止的固件、压缩包、模型、共享库或抓包类型
display.cpython-38-aarch64-linux-gnu.so,历史固件研究材料,200305,0.191,0d4ee6b2dfd1fbd21526dccc74080fda18a1efc72c1fe601e4dc6e8e3c319a59,C:\zyh\work\宇树固件\real_unitree_r1_1.4.2\ota\backup\module\r1_arm_example\1.0.2.0\module\r1_arm_example\file\unitree\module\r1_arm_example\lib\python3.8\site-packages\pygame\display.cpython-38-aarch64-linux-gnu.so,禁止的固件、压缩包、模型、共享库或抓包类型
legacy_logos.zip,历史固件研究材料,51315,0.049,ebd0baf233badaa6aeede431df3e94f692e70e100c5caef6459e0f6ad95231d6,C:\zyh\work\宇树固件\real_unitree_r1_1.4.2\ota\backup\module\r1_arm_example\1.0.2.0\module\r1_arm_example\file\unitree\module\r1_arm_example\lib\python3.8\site-packages\pygame\docs\generated\_static\legacy_logos.zip,禁止的固件、压缩包、模型、共享库或抓包类型
draw.cpython-38-aarch64-linux-gnu.so,历史固件研究材料,199497,0.190,db582560c384ddd5ac894c2c85543351503a57eb165076191c84aa6decd04683,C:\zyh\work\宇树固件\real_unitree_r1_1.4.2\ota\backup\module\r1_arm_example\1.0.2.0\module\r1_arm_example\file\unitree\module\r1_arm_example\lib\python3.8\site-packages\pygame\draw.cpython-38-aarch64-linux-gnu.so,禁止的固件、压缩包、模型、共享库或抓包类型
event.cpython-38-aarch64-linux-gnu.so,历史固件研究材料,199081,0.190,040b3f396959a7ec85162cb237e3c3aa4ce92a6cc3c9ef3fd0cf3e9b4e03c0e5,C:\zyh\work\宇树固件\real_unitree_r1_1.4.2\ota\backup\module\r1_arm_example\1.0.2.0\module\r1_arm_example\file\unitree\module\r1_arm_example\lib\python3.8\site-packages\pygame\event.cpython-38-aarch64-linux-gnu.so,禁止的固件、压缩包、模型、共享库或抓包类型
font.cpython-38-aarch64-linux-gnu.so,历史固件研究材料,200881,0.192,3b75497cf161acd27614cf990ab3ff2624747fba5c3ced38c9dcb967ea295779,C:\zyh\work\宇树固件\real_unitree_r1_1.4.2\ota\backup\module\r1_arm_example\1.0.2.0\module\r1_arm_example\file\unitree\module\r1_arm_example\lib\python3.8\site-packages\pygame\font.cpython-38-aarch64-linux-gnu.so,禁止的固件、压缩包、模型、共享库或抓包类型
gfxdraw.cpython-38-aarch64-linux-gnu.so,历史固件研究材料,198865,0.190,71710cbe299e9119b8bd6abc9153057fa20feb4de48cf3784526f072efe7c9ec,C:\zyh\work\宇树固件\real_unitree_r1_1.4.2\ota\backup\module\r1_arm_example\1.0.2.0\module\r1_arm_example\file\unitree\module\r1_arm_example\lib\python3.8\site-packages\pygame\gfxdraw.cpython-38-aarch64-linux-gnu.so,禁止的固件、压缩包、模型、共享库或抓包类型
image.cpython-38-aarch64-linux-gnu.so,历史固件研究材料,198417,0.189,f12b0ffe72e9531e06d710d405ec405ad9fa2d2c0b9da80e307ebf5a915e8713,C:\zyh\work\宇树固件\real_unitree_r1_1.4.2\ota\backup\module\r1_arm_example\1.0.2.0\module\r1_arm_example\file\unitree\module\r1_arm_example\lib\python3.8\site-packages\pygame\image.cpython-38-aarch64-linux-gnu.so,禁止的固件、压缩包、模型、共享库或抓包类型
imageext.cpython-38-aarch64-linux-gnu.so,历史固件研究材料,200185,0.191,2715f5ffa0f08105e9251bc06f810ef46cf186099e3fbeb63b7055bd8836136c,C:\zyh\work\宇树固件\real_unitree_r1_1.4.2\ota\backup\module\r1_arm_example\1.0.2.0\module\r1_arm_example\file\unitree\module\r1_arm_example\lib\python3.8\site-packages\pygame\imageext.cpython-38-aarch64-linux-gnu.so,禁止的固件、压缩包、模型、共享库或抓包类型
joystick.cpython-38-aarch64-linux-gnu.so,历史固件研究材料,200153,0.191,a006e3b3c95001be91ae6dfcb8c0e582b46607a1bbc120e851cfd306385588ba,C:\zyh\work\宇树固件\real_unitree_r1_1.4.2\ota\backup\module\r1_arm_example\1.0.2.0\module\r1_arm_example\file\unitree\module\r1_arm_example\lib\python3.8\site-packages\pygame\joystick.cpython-38-aarch64-linux-gnu.so,禁止的固件、压缩包、模型、共享库或抓包类型
key.cpython-38-aarch64-linux-gnu.so,历史固件研究材料,199809,0.191,3922a5a3082526d61c7f1a5a7adbc032f9763234671317ccf5b9b32f5c1e2e10,C:\zyh\work\宇树固件\real_unitree_r1_1.4.2\ota\backup\module\r1_arm_example\1.0.2.0\module\r1_arm_example\file\unitree\module\r1_arm_example\lib\python3.8\site-packages\pygame\key.cpython-38-aarch64-linux-gnu.so,禁止的固件、压缩包、模型、共享库或抓包类型
mask.cpython-38-aarch64-linux-gnu.so,历史固件研究材料,198545,0.189,4c36f7758e05bbb09f1bf5afe7cf5d8c494d13eb7cdd8b471ca4b4e56bd1154d,C:\zyh\work\宇树固件\real_unitree_r1_1.4.2\ota\backup\module\r1_arm_example\1.0.2.0\module\r1_arm_example\file\unitree\module\r1_arm_example\lib\python3.8\site-packages\pygame\mask.cpython-38-aarch64-linux-gnu.so,禁止的固件、压缩包、模型、共享库或抓包类型
math.cpython-38-aarch64-linux-gnu.so,历史固件研究材料,264289,0.252,f6fc6dac72c578e430b951bb53a6ad2eb283e89c34f2e35cff2879ffc0e64d33,C:\zyh\work\宇树固件\real_unitree_r1_1.4.2\ota\backup\module\r1_arm_example\1.0.2.0\module\r1_arm_example\file\unitree\module\r1_arm_example\lib\python3.8\site-packages\pygame\math.cpython-38-aarch64-linux-gnu.so,禁止的固件、压缩包、模型、共享库或抓包类型
mixer.cpython-38-aarch64-linux-gnu.so,历史固件研究材料,199201,0.190,19bfefd8d7eea74f60bead36359a9974c554f716add38f5c4fa31cda046cc305,C:\zyh\work\宇树固件\real_unitree_r1_1.4.2\ota\backup\module\r1_arm_example\1.0.2.0\module\r1_arm_example\file\unitree\module\r1_arm_example\lib\python3.8\site-packages\pygame\mixer.cpython-38-aarch64-linux-gnu.so,禁止的固件、压缩包、模型、共享库或抓包类型
mixer_music.cpython-38-aarch64-linux-gnu.so,历史固件研究材料,198481,0.189,df2c5a48ed974a4162b2efcaef31f34a04dc8c269b0b78c2d98818189b3f4b76,C:\zyh\work\宇树固件\real_unitree_r1_1.4.2\ota\backup\module\r1_arm_example\1.0.2.0\module\r1_arm_example\file\unitree\module\r1_arm_example\lib\python3.8\site-packages\pygame\mixer_music.cpython-38-aarch64-linux-gnu.so,禁止的固件、压缩包、模型、共享库或抓包类型
mouse.cpython-38-aarch64-linux-gnu.so,历史固件研究材料,199945,0.191,93feff2585c8604ca4cf78e2e903844c4bd072dba15fde52425c6d3b4f24fcd8,C:\zyh\work\宇树固件\real_unitree_r1_1.4.2\ota\backup\module\r1_arm_example\1.0.2.0\module\r1_arm_example\file\unitree\module\r1_arm_example\lib\python3.8\site-packages\pygame\mouse.cpython-38-aarch64-linux-gnu.so,禁止的固件、压缩包、模型、共享库或抓包类型
newbuffer.cpython-38-aarch64-linux-gnu.so,历史固件研究材料,199457,0.190,218ecb3d1de681f4a09bee1140f68731e8a86f27b9d2fdcedfaf57d78eb2b98f,C:\zyh\work\宇树固件\real_unitree_r1_1.4.2\ota\backup\module\r1_arm_example\1.0.2.0\module\r1_arm_example\file\unitree\module\r1_arm_example\lib\python3.8\site-packages\pygame\newbuffer.cpython-38-aarch64-linux-gnu.so,禁止的固件、压缩包、模型、共享库或抓包类型
pixelarray.cpython-38-aarch64-linux-gnu.so,历史固件研究材料,200697,0.191,ad552fd0a80327c0fd250d07bb756d1015a208a85483515a7b1dee389cff7a04,C:\zyh\work\宇树固件\real_unitree_r1_1.4.2\ota\backup\module\r1_arm_example\1.0.2.0\module\r1_arm_example\file\unitree\module\r1_arm_example\lib\python3.8\site-packages\pygame\pixelarray.cpython-38-aarch64-linux-gnu.so,禁止的固件、压缩包、模型、共享库或抓包类型
pixelcopy.cpython-38-aarch64-linux-gnu.so,历史固件研究材料,199281,0.190,ac9b94a173342cbb85f60406b055d3274bef8c723b42a1c014c9bf3400652ce3,C:\zyh\work\宇树固件\real_unitree_r1_1.4.2\ota\backup\module\r1_arm_example\1.0.2.0\module\r1_arm_example\file\unitree\module\r1_arm_example\lib\python3.8\site-packages\pygame\pixelcopy.cpython-38-aarch64-linux-gnu.so,禁止的固件、压缩包、模型、共享库或抓包类型
pypm.cpython-38-aarch64-linux-gnu.so,历史固件研究材料,265617,0.253,578f67ee91f70135194e12a67cc0be9a92732aabdcc3d5e815a06cd9069537b9,C:\zyh\work\宇树固件\real_unitree_r1_1.4.2\ota\backup\module\r1_arm_example\1.0.2.0\module\r1_arm_example\file\unitree\module\r1_arm_example\lib\python3.8\site-packages\pygame\pypm.cpython-38-aarch64-linux-gnu.so,禁止的固件、压缩包、模型、共享库或抓包类型
rect.cpython-38-aarch64-linux-gnu.so,历史固件研究材料,200329,0.191,d1cf23033224c1f42527f359fbfa47eb98fec6c1944c3e06861ce38d163c4a15,C:\zyh\work\宇树固件\real_unitree_r1_1.4.2\ota\backup\module\r1_arm_example\1.0.2.0\module\r1_arm_example\file\unitree\module\r1_arm_example\lib\python3.8\site-packages\pygame\rect.cpython-38-aarch64-linux-gnu.so,禁止的固件、压缩包、模型、共享库或抓包类型
rwobject.cpython-38-aarch64-linux-gnu.so,历史固件研究材料,198273,0.189,e856b5e09258c38265cb79384cbd8d3607df780a6b27e26943b1aea31a7bfbc3,C:\zyh\work\宇树固件\real_unitree_r1_1.4.2\ota\backup\module\r1_arm_example\1.0.2.0\module\r1_arm_example\file\unitree\module\r1_arm_example\lib\python3.8\site-packages\pygame\rwobject.cpython-38-aarch64-linux-gnu.so,禁止的固件、压缩包、模型、共享库或抓包类型
scrap.cpython-38-aarch64-linux-gnu.so,历史固件研究材料,198393,0.189,93c63c076d34adf2111f09ba834220f4fddb298bd6a0c3da0917d2b40b910b65,C:\zyh\work\宇树固件\real_unitree_r1_1.4.2\ota\backup\module\r1_arm_example\1.0.2.0\module\r1_arm_example\file\unitree\module\r1_arm_example\lib\python3.8\site-packages\pygame\scrap.cpython-38-aarch64-linux-gnu.so,禁止的固件、压缩包、模型、共享库或抓包类型
surface.cpython-38-aarch64-linux-gnu.so,历史固件研究材料,396777,0.378,005a4deef552198142a5100b7a860169cf26686456f7cd53d3eb7584d2b99faa,C:\zyh\work\宇树固件\real_unitree_r1_1.4.2\ota\backup\module\r1_arm_example\1.0.2.0\module\r1_arm_example\file\unitree\module\r1_arm_example\lib\python3.8\site-packages\pygame\surface.cpython-38-aarch64-linux-gnu.so,禁止的固件、压缩包、模型、共享库或抓包类型
surflock.cpython-38-aarch64-linux-gnu.so,历史固件研究材料,198921,0.190,46c319f40a022355154cccd66a04f67178f01a7ce6ac966033863fbf7965a8a7,C:\zyh\work\宇树固件\real_unitree_r1_1.4.2\ota\backup\module\r1_arm_example\1.0.2.0\module\r1_arm_example\file\unitree\module\r1_arm_example\lib\python3.8\site-packages\pygame\surflock.cpython-38-aarch64-linux-gnu.so,禁止的固件、压缩包、模型、共享库或抓包类型
time.cpython-38-aarch64-linux-gnu.so,历史固件研究材料,199705,0.190,889bcb58bfe32e8ef753c1fdf6ca0c28f70d3e0447e248e7451632d51503311d,C:\zyh\work\宇树固件\real_unitree_r1_1.4.2\ota\backup\module\r1_arm_example\1.0.2.0\module\r1_arm_example\file\unitree\module\r1_arm_example\lib\python3.8\site-packages\pygame\time.cpython-38-aarch64-linux-gnu.so,禁止的固件、压缩包、模型、共享库或抓包类型
transform.cpython-38-aarch64-linux-gnu.so,历史固件研究材料,198577,0.189,e2a615e95d743afb2a7d0a76d425fcce03ec27147974533c250974011e4b2866,C:\zyh\work\宇树固件\real_unitree_r1_1.4.2\ota\backup\module\r1_arm_example\1.0.2.0\module\r1_arm_example\file\unitree\module\r1_arm_example\lib\python3.8\site-packages\pygame\transform.cpython-38-aarch64-linux-gnu.so,禁止的固件、压缩包、模型、共享库或抓包类型
libdw-0-46ed0dd9.176.so,历史固件研究材料,530569,0.506,f8587ea2954cb9f37769952823c72a96178ec48a33ed39cae93e3543cd5c11a7,C:\zyh\work\宇树固件\real_unitree_r1_1.4.2\ota\backup\module\r1_arm_example\1.0.2.0\module\r1_arm_example\file\unitree\module\r1_arm_example\lib\python3.8\site-packages\pygame.libs\libdw-0-46ed0dd9.176.so,禁止的固件、压缩包、模型、共享库或抓包类型
libelf-0-ef69846b.176.so,历史固件研究材料,199897,0.191,9ba1686fb1bb3aed17d2b3703cef0e30b58479602404a7d50f6239723ce90ae7,C:\zyh\work\宇树固件\real_unitree_r1_1.4.2\ota\backup\module\r1_arm_example\1.0.2.0\module\r1_arm_example\file\unitree\module\r1_arm_example\lib\python3.8\site-packages\pygame.libs\libelf-0-ef69846b.176.so,禁止的固件、压缩包、模型、共享库或抓包类型
libpulsecommon-14-04b39759.2.so,历史固件研究材料,676185,0.645,6a0341e902409350c7f72d1015923927976541ce9e3e45e8781976ebd02409de,C:\zyh\work\宇树固件\real_unitree_r1_1.4.2\ota\backup\module\r1_arm_example\1.0.2.0\module\r1_arm_example\file\unitree\module\r1_arm_example\lib\python3.8\site-packages\pygame.libs\libpulsecommon-14-04b39759.2.so,禁止的固件、压缩包、模型、共享库或抓包类型
_ccallback_c.cpython-38-aarch64-linux-gnu.so,历史固件研究材料,92696,0.088,556bb7a0ac4539a7e0c5a06b89b383d5984ebabfe4989a6f30ff5fbfacdd44cb,C:\zyh\work\宇树固件\real_unitree_r1_1.4.2\ota\backup\module\r1_arm_example\1.0.2.0\module\r1_arm_example\file\unitree\module\r1_arm_example\lib\python3.8\site-packages\scipy\_lib\_ccallback_c.cpython-38-aarch64-linux-gnu.so,禁止的固件、压缩包、模型、共享库或抓包类型
_fpumode.cpython-38-aarch64-linux-gnu.so,历史固件研究材料,70128,0.067,ae7913948c5846fce88e419d46a745334629110ff1be941715b218740fa23a47,C:\zyh\work\宇树固件\real_unitree_r1_1.4.2\ota\backup\module\r1_arm_example\1.0.2.0\module\r1_arm_example\file\unitree\module\r1_arm_example\lib\python3.8\site-packages\scipy\_lib\_fpumode.cpython-38-aarch64-linux-gnu.so,禁止的固件、压缩包、模型、共享库或抓包类型
_test_ccallback.cpython-38-aarch64-linux-gnu.so,历史固件研究材料,73024,0.070,d4c2cedd76b404a87e823210e6379358673ef6382ec8f3505e586096b8d61221,C:\zyh\work\宇树固件\real_unitree_r1_1.4.2\ota\backup\module\r1_arm_example\1.0.2.0\module\r1_arm_example\file\unitree\module\r1_arm_example\lib\python3.8\site-packages\scipy\_lib\_test_ccallback.cpython-38-aarch64-linux-gnu.so,禁止的固件、压缩包、模型、共享库或抓包类型
_test_deprecation_call.cpython-38-aarch64-linux-gnu.so,历史固件研究材料,75248,0.072,a226ca036324d650ba2cdc62e67858b50c08081f4ff3b5fd1c04678934bc2698,C:\zyh\work\宇树固件\real_unitree_r1_1.4.2\ota\backup\module\r1_arm_example\1.0.2.0\module\r1_arm_example\file\unitree\module\r1_arm_example\lib\python3.8\site-packages\scipy\_lib\_test_deprecation_call.cpython-38-aarch64-linux-gnu.so,禁止的固件、压缩包、模型、共享库或抓包类型
_test_deprecation_def.cpython-38-aarch64-linux-gnu.so,历史固件研究材料,76384,0.073,83b93f5ea95e33c341aa60e87a67b00e55e1eb9301f696ea4eca23a7920144fc,C:\zyh\work\宇树固件\real_unitree_r1_1.4.2\ota\backup\module\r1_arm_example\1.0.2.0\module\r1_arm_example\file\unitree\module\r1_arm_example\lib\python3.8\site-packages\scipy\_lib\_test_deprecation_def.cpython-38-aarch64-linux-gnu.so,禁止的固件、压缩包、模型、共享库或抓包类型
_uarray.cpython-38-aarch64-linux-gnu.so,历史固件研究材料,196208,0.187,e930dbb1c44d1f30ac020acd000d5e2c1d6059a85fdc94dd319813f12e8b386a,C:\zyh\work\宇树固件\real_unitree_r1_1.4.2\ota\backup\module\r1_arm_example\1.0.2.0\module\r1_arm_example\file\unitree\module\r1_arm_example\lib\python3.8\site-packages\scipy\_lib\_uarray\_uarray.cpython-38-aarch64-linux-gnu.so,禁止的固件、压缩包、模型、共享库或抓包类型
messagestream.cpython-38-aarch64-linux-gnu.so,历史固件研究材料,83704,0.080,57323d6de15988e796e452fa83565a5c4fdff36de1b37aabf71d2c1cb9a3b7bb,C:\zyh\work\宇树固件\real_unitree_r1_1.4.2\ota\backup\module\r1_arm_example\1.0.2.0\module\r1_arm_example\file\unitree\module\r1_arm_example\lib\python3.8\site-packages\scipy\_lib\messagestream.cpython-38-aarch64-linux-gnu.so,禁止的固件、压缩包、模型、共享库或抓包类型
_hierarchy.cpython-38-aarch64-linux-gnu.so,历史固件研究材料,415744,0.396,37a162fe81019546fe2985bc653e0c8f9b36c11f878f63d3b398bb00296b7d5d,C:\zyh\work\宇树固件\real_unitree_r1_1.4.2\ota\backup\module\r1_arm_example\1.0.2.0\module\r1_arm_example\file\unitree\module\r1_arm_example\lib\python3.8\site-packages\scipy\cluster\_hierarchy.cpython-38-aarch64-linux-gnu.so,禁止的固件、压缩包、模型、共享库或抓包类型
_optimal_leaf_ordering.cpython-38-aarch64-linux-gnu.so,历史固件研究材料,321992,0.307,cc500326998d1f1e763af0b6864dd709f1df7b91cbc1d0b594cbf0e79cc8042f,C:\zyh\work\宇树固件\real_unitree_r1_1.4.2\ota\backup\module\r1_arm_example\1.0.2.0\module\r1_arm_example\file\unitree\module\r1_arm_example\lib\python3.8\site-packages\scipy\cluster\_optimal_leaf_ordering.cpython-38-aarch64-linux-gnu.so,禁止的固件、压缩包、模型、共享库或抓包类型
_vq.cpython-38-aarch64-linux-gnu.so,历史固件研究材料,155592,0.148,ecc18fda6523db7840cd2eacbbc7bb831db1040abcf8debdc6ce40a2c3e27a0d,C:\zyh\work\宇树固件\real_unitree_r1_1.4.2\ota\backup\module\r1_arm_example\1.0.2.0\module\r1_arm_example\file\unitree\module\r1_arm_example\lib\python3.8\site-packages\scipy\cluster\_vq.cpython-38-aarch64-linux-gnu.so,禁止的固件、压缩包、模型、共享库或抓包类型
pypocketfft.cpython-38-aarch64-linux-gnu.so,历史固件研究材料,1061192,1.012,67c2237114098d78e42b5bd56db5ed8fcd1c76406c57a2d3b29eb0f0dd92c488,C:\zyh\work\宇树固件\real_unitree_r1_1.4.2\ota\backup\module\r1_arm_example\1.0.2.0\module\r1_arm_example\file\unitree\module\r1_arm_example\lib\python3.8\site-packages\scipy\fft\_pocketfft\pypocketfft.cpython-38-aarch64-linux-gnu.so,禁止的固件、压缩包、模型、共享库或抓包类型
convolve.cpython-38-aarch64-linux-gnu.so,历史固件研究材料,249496,0.238,eea2ab972803beed541c583552815e3eece1e3be102182ea7f456dcbcfd36dde,C:\zyh\work\宇树固件\real_unitree_r1_1.4.2\ota\backup\module\r1_arm_example\1.0.2.0\module\r1_arm_example\file\unitree\module\r1_arm_example\lib\python3.8\site-packages\scipy\fftpack\convolve.cpython-38-aarch64-linux-gnu.so,禁止的固件、压缩包、模型、共享库或抓包类型
_dop.cpython-38-aarch64-linux-gnu.so,历史固件研究材料,198697,0.189,605d1bcccb2c8794d6f69561f23c29f1b2d76832a6c4ea6f576eb9cc20e5d2cf,C:\zyh\work\宇树固件\real_unitree_r1_1.4.2\ota\backup\module\r1_arm_example\1.0.2.0\module\r1_arm_example\file\unitree\module\r1_arm_example\lib\python3.8\site-packages\scipy\integrate\_dop.cpython-38-aarch64-linux-gnu.so,禁止的固件、压缩包、模型、共享库或抓包类型
_lsoda.cpython-38-aarch64-linux-gnu.so,历史固件研究材料,198905,0.190,97280c268bef114424ee15673375e13ba7592e4e571aaac196e80b6115233f67,C:\zyh\work\宇树固件\real_unitree_r1_1.4.2\ota\backup\module\r1_arm_example\1.0.2.0\module\r1_arm_example\file\unitree\module\r1_arm_example\lib\python3.8\site-packages\scipy\integrate\_lsoda.cpython-38-aarch64-linux-gnu.so,禁止的固件、压缩包、模型、共享库或抓包类型
_odepack.cpython-38-aarch64-linux-gnu.so,历史固件研究材料,198185,0.189,db7e0fea646583e3ed7cfd6dde84f8b9483103b0694070c873f743316164aea4,C:\zyh\work\宇树固件\real_unitree_r1_1.4.2\ota\backup\module\r1_arm_example\1.0.2.0\module\r1_arm_example\file\unitree\module\r1_arm_example\lib\python3.8\site-packages\scipy\integrate\_odepack.cpython-38-aarch64-linux-gnu.so,禁止的固件、压缩包、模型、共享库或抓包类型
_quadpack.cpython-38-aarch64-linux-gnu.so,历史固件研究材料,198257,0.189,f5a404eeab103ba809e9fffc32351820a25ebba2d1ed0d3435f68f2fc37a00e3,C:\zyh\work\宇树固件\real_unitree_r1_1.4.2\ota\backup\module\r1_arm_example\1.0.2.0\module\r1_arm_example\file\unitree\module\r1_arm_example\lib\python3.8\site-packages\scipy\integrate\_quadpack.cpython-38-aarch64-linux-gnu.so,禁止的固件、压缩包、模型、共享库或抓包类型
_test_multivariate.cpython-38-aarch64-linux-gnu.so,历史固件研究材料,70712,0.067,d6c6d3e6a0cac031e4c6250fd88b3afab5cccd3ee0f69e086cb5bfd62ad7087d,C:\zyh\work\宇树固件\real_unitree_r1_1.4.2\ota\backup\module\r1_arm_example\1.0.2.0\module\r1_arm_example\file\unitree\module\r1_arm_example\lib\python3.8\site-packages\scipy\integrate\_test_multivariate.cpython-38-aarch64-linux-gnu.so,禁止的固件、压缩包、模型、共享库或抓包类型
_test_odeint_banded.cpython-38-aarch64-linux-gnu.so,历史固件研究材料,198681,0.189,833630ee155ddf74d38147ec0fc8ad9073ba0f5b663261fddfeaa3066d44cb9b,C:\zyh\work\宇树固件\real_unitree_r1_1.4.2\ota\backup\module\r1_arm_example\1.0.2.0\module\r1_arm_example\file\unitree\module\r1_arm_example\lib\python3.8\site-packages\scipy\integrate\_test_odeint_banded.cpython-38-aarch64-linux-gnu.so,禁止的固件、压缩包、模型、共享库或抓包类型
_vode.cpython-38-aarch64-linux-gnu.so,历史固件研究材料,264457,0.252,938c484f784686af2ccda00003c06793929632381595b4f7f3cdc010fa2c619b,C:\zyh\work\宇树固件\real_unitree_r1_1.4.2\ota\backup\module\r1_arm_example\1.0.2.0\module\r1_arm_example\file\unitree\module\r1_arm_example\lib\python3.8\site-packages\scipy\integrate\_vode.cpython-38-aarch64-linux-gnu.so,禁止的固件、压缩包、模型、共享库或抓包类型
_bspl.cpython-38-aarch64-linux-gnu.so,历史固件研究材料,334680,0.319,a983cdf1181f8a9006ef718a7e22f8ad2e73181b5a1ea693934e3e716bc41c86,C:\zyh\work\宇树固件\real_unitree_r1_1.4.2\ota\backup\module\r1_arm_example\1.0.2.0\module\r1_arm_example\file\unitree\module\r1_arm_example\lib\python3.8\site-packages\scipy\interpolate\_bspl.cpython-38-aarch64-linux-gnu.so,禁止的固件、压缩包、模型、共享库或抓包类型
_fitpack.cpython-38-aarch64-linux-gnu.so,历史固件研究材料,263497,0.251,42cd0a68503b1aa4abf06eca4462ed4b1934a978f2e1308f21c249ab3560aa61,C:\zyh\work\宇树固件\real_unitree_r1_1.4.2\ota\backup\module\r1_arm_example\1.0.2.0\module\r1_arm_example\file\unitree\module\r1_arm_example\lib\python3.8\site-packages\scipy\interpolate\_fitpack.cpython-38-aarch64-linux-gnu.so,禁止的固件、压缩包、模型、共享库或抓包类型
_ppoly.cpython-38-aarch64-linux-gnu.so,历史固件研究材料,404864,0.386,2c5e675d73c5a5b7b87eb771f760929bfd9d38df3a756f31528181962578399d,C:\zyh\work\宇树固件\real_unitree_r1_1.4.2\ota\backup\module\r1_arm_example\1.0.2.0\module\r1_arm_example\file\unitree\module\r1_arm_example\lib\python3.8\site-packages\scipy\interpolate\_ppoly.cpython-38-aarch64-linux-gnu.so,禁止的固件、压缩包、模型、共享库或抓包类型
_rbfinterp_pythran.cpython-38-aarch64-linux-gnu.so,历史固件研究材料,244912,0.234,8f489199431673311042800d55f73102883a73e8fdd28c8d8eb79b16140493c6,C:\zyh\work\宇树固件\real_unitree_r1_1.4.2\ota\backup\module\r1_arm_example\1.0.2.0\module\r1_arm_example\file\unitree\module\r1_arm_example\lib\python3.8\site-packages\scipy\interpolate\_rbfinterp_pythran.cpython-38-aarch64-linux-gnu.so,禁止的固件、压缩包、模型、共享库或抓包类型
_rgi_cython.cpython-38-aarch64-linux-gnu.so,历史固件研究材料,252712,0.241,0725a2df8b86f2a09b3673c533fc1b33fc943febd2f4f82df9d3b9beba55087f,C:\zyh\work\宇树固件\real_unitree_r1_1.4.2\ota\backup\module\r1_arm_example\1.0.2.0\module\r1_arm_example\file\unitree\module\r1_arm_example\lib\python3.8\site-packages\scipy\interpolate\_rgi_cython.cpython-38-aarch64-linux-gnu.so,禁止的固件、压缩包、模型、共享库或抓包类型
dfitpack.cpython-38-aarch64-linux-gnu.so,历史固件研究材料,395209,0.377,168b6e576674fb8046988942416107fb6563e912a34857e0a514367eac3fb14e,C:\zyh\work\宇树固件\real_unitree_r1_1.4.2\ota\backup\module\r1_arm_example\1.0.2.0\module\r1_arm_example\file\unitree\module\r1_arm_example\lib\python3.8\site-packages\scipy\interpolate\dfitpack.cpython-38-aarch64-linux-gnu.so,禁止的固件、压缩包、模型、共享库或抓包类型
interpnd.cpython-38-aarch64-linux-gnu.so,历史固件研究材料,406408,0.388,a02a5bcd242101afbe94f5626ec2baec92bfab1ed83c5f4ed9a6ea3f78da70b2,C:\zyh\work\宇树固件\real_unitree_r1_1.4.2\ota\backup\module\r1_arm_example\1.0.2.0\module\r1_arm_example\file\unitree\module\r1_arm_example\lib\python3.8\site-packages\scipy\interpolate\interpnd.cpython-38-aarch64-linux-gnu.so,禁止的固件、压缩包、模型、共享库或抓包类型
_test_fortran.cpython-38-aarch64-linux-gnu.so,历史固件研究材料,198473,0.189,8aac24aebc4e55e05226ac6819c29aca35db90eaec5800f9978acaa83db4c22a,C:\zyh\work\宇树固件\real_unitree_r1_1.4.2\ota\backup\module\r1_arm_example\1.0.2.0\module\r1_arm_example\file\unitree\module\r1_arm_example\lib\python3.8\site-packages\scipy\io\_test_fortran.cpython-38-aarch64-linux-gnu.so,禁止的固件、压缩包、模型、共享库或抓包类型
_mio5_utils.cpython-38-aarch64-linux-gnu.so,历史固件研究材料,250848,0.239,5dff1ee36bb2fc78dc48d483ad040c52293cd0744ce331e9d0d10f5ac6324083,C:\zyh\work\宇树固件\real_unitree_r1_1.4.2\ota\backup\module\r1_arm_example\1.0.2.0\module\r1_arm_example\file\unitree\module\r1_arm_example\lib\python3.8\site-packages\scipy\io\matlab\_mio5_utils.cpython-38-aarch64-linux-gnu.so,禁止的固件、压缩包、模型、共享库或抓包类型
_mio_utils.cpython-38-aarch64-linux-gnu.so,历史固件研究材料,80576,0.077,a55714d1b262eae0ecf925b7078aba7a3a6e36aea4e022f25ad1034130c90141,C:\zyh\work\宇树固件\real_unitree_r1_1.4.2\ota\backup\module\r1_arm_example\1.0.2.0\module\r1_arm_example\file\unitree\module\r1_arm_example\lib\python3.8\site-packages\scipy\io\matlab\_mio_utils.cpython-38-aarch64-linux-gnu.so,禁止的固件、压缩包、模型、共享库或抓包类型
_streams.cpython-38-aarch64-linux-gnu.so,历史固件研究材料,161616,0.154,1d0e582d308640962a26412247e665723391772c9f46917c96091af1548214ec,C:\zyh\work\宇树固件\real_unitree_r1_1.4.2\ota\backup\module\r1_arm_example\1.0.2.0\module\r1_arm_example\file\unitree\module\r1_arm_example\lib\python3.8\site-packages\scipy\io\matlab\_streams.cpython-38-aarch64-linux-gnu.so,禁止的固件、压缩包、模型、共享库或抓包类型
_cythonized_array_utils.cpython-38-aarch64-linux-gnu.so,历史固件研究材料,486872,0.464,09dd2732ace3203587866ed1cbad01cb9f5601d239325520855c0063f17ca0e1,C:\zyh\work\宇树固件\real_unitree_r1_1.4.2\ota\backup\module\r1_arm_example\1.0.2.0\module\r1_arm_example\file\unitree\module\r1_arm_example\lib\python3.8\site-packages\scipy\linalg\_cythonized_array_utils.cpython-38-aarch64-linux-gnu.so,禁止的固件、压缩包、模型、共享库或抓包类型
_decomp_update.cpython-38-aarch64-linux-gnu.so,历史固件研究材料,321472,0.307,cb73a03d9001bfe6b3342a3acb62f8fad39036ad298e34aae7ca6a24706c2b81,C:\zyh\work\宇树固件\real_unitree_r1_1.4.2\ota\backup\module\r1_arm_example\1.0.2.0\module\r1_arm_example\file\unitree\module\r1_arm_example\lib\python3.8\site-packages\scipy\linalg\_decomp_update.cpython-38-aarch64-linux-gnu.so,禁止的固件、压缩包、模型、共享库或抓包类型
_fblas.cpython-38-aarch64-linux-gnu.so,历史固件研究材料,723761,0.690,48acbfb38310c3b06e8f27b1aca982525a5ac911d67f281af8b56fba1dcfed8d,C:\zyh\work\宇树固件\real_unitree_r1_1.4.2\ota\backup\module\r1_arm_example\1.0.2.0\module\r1_arm_example\file\unitree\module\r1_arm_example\lib\python3.8\site-packages\scipy\linalg\_fblas.cpython-38-aarch64-linux-gnu.so,禁止的固件、压缩包、模型、共享库或抓包类型
_flapack.cpython-38-aarch64-linux-gnu.so,历史固件研究材料,2168593,2.068,77daf42b3a2684d63174f026b276de07bb7e26358b27236a0d297e28cf7de4fb,C:\zyh\work\宇树固件\real_unitree_r1_1.4.2\ota\backup\module\r1_arm_example\1.0.2.0\module\r1_arm_example\file\unitree\module\r1_arm_example\lib\python3.8\site-packages\scipy\linalg\_flapack.cpython-38-aarch64-linux-gnu.so,禁止的固件、压缩包、模型、共享库或抓包类型
_flinalg.cpython-38-aarch64-linux-gnu.so,历史固件研究材料,198329,0.189,e25660792a29e5707b79a502ef9c0d5d6c5027409626b164bc555cabed705600,C:\zyh\work\宇树固件\real_unitree_r1_1.4.2\ota\backup\module\r1_arm_example\1.0.2.0\module\r1_arm_example\file\unitree\module\r1_arm_example\lib\python3.8\site-packages\scipy\linalg\_flinalg.cpython-38-aarch64-linux-gnu.so,禁止的固件、压缩包、模型、共享库或抓包类型
_interpolative.cpython-38-aarch64-linux-gnu.so,历史固件研究材料,526561,0.502,0f1c793cdc5100c8106fa374577f9a9d96c5a221bea17424281fa5f3977106a1,C:\zyh\work\宇树固件\real_unitree_r1_1.4.2\ota\backup\module\r1_arm_example\1.0.2.0\module\r1_arm_example\file\unitree\module\r1_arm_example\lib\python3.8\site-packages\scipy\linalg\_interpolative.cpython-38-aarch64-linux-gnu.so,禁止的固件、压缩包、模型、共享库或抓包类型
_matfuncs_expm.cpython-38-aarch64-linux-gnu.so,历史固件研究材料,401808,0.383,dcb4abfecc31668a3dd73b590ea196e6df1e8c6b65fa0342f0c3fcec566e73ac,C:\zyh\work\宇树固件\real_unitree_r1_1.4.2\ota\backup\module\r1_arm_example\1.0.2.0\module\r1_arm_example\file\unitree\module\r1_arm_example\lib\python3.8\site-packages\scipy\linalg\_matfuncs_expm.cpython-38-aarch64-linux-gnu.so,禁止的固件、压缩包、模型、共享库或抓包类型
_matfuncs_sqrtm_triu.cpython-38-aarch64-linux-gnu.so,历史固件研究材料,248936,0.237,f4cbff756b916696dcfa2693ddf54f7a4b9a9e7c43f2d93c1505ea663dd8fa75,C:\zyh\work\宇树固件\real_unitree_r1_1.4.2\ota\backup\module\r1_arm_example\1.0.2.0\module\r1_arm_example\file\unitree\module\r1_arm_example\lib\python3.8\site-packages\scipy\linalg\_matfuncs_sqrtm_triu.cpython-38-aarch64-linux-gnu.so,禁止的固件、压缩包、模型、共享库或抓包类型
_solve_toeplitz.cpython-38-aarch64-linux-gnu.so,历史固件研究材料,254592,0.243,ce3c3497585027879239a160559be022305aa93d73bb7788031c438dbaf5b5ee,C:\zyh\work\宇树固件\real_unitree_r1_1.4.2\ota\backup\module\r1_arm_example\1.0.2.0\module\r1_arm_example\file\unitree\module\r1_arm_example\lib\python3.8\site-packages\scipy\linalg\_solve_toeplitz.cpython-38-aarch64-linux-gnu.so,禁止的固件、压缩包、模型、共享库或抓包类型
cython_blas.cpython-38-aarch64-linux-gnu.so,历史固件研究材料,397689,0.379,68fb0db2ae523e7450036e985eb8cd7f96ccec3783e52e40deff7892314757a0,C:\zyh\work\宇树固件\real_unitree_r1_1.4.2\ota\backup\module\r1_arm_example\1.0.2.0\module\r1_arm_example\file\unitree\module\r1_arm_example\lib\python3.8\site-packages\scipy\linalg\cython_blas.cpython-38-aarch64-linux-gnu.so,禁止的固件、压缩包、模型、共享库或抓包类型
cython_lapack.cpython-38-aarch64-linux-gnu.so,历史固件研究材料,865801,0.826,33e5269372c462a0f803d8b3d1b6c59f649454fe48b139fac0b80ece4bf6fa11,C:\zyh\work\宇树固件\real_unitree_r1_1.4.2\ota\backup\module\r1_arm_example\1.0.2.0\module\r1_arm_example\file\unitree\module\r1_arm_example\lib\python3.8\site-packages\scipy\linalg\cython_lapack.cpython-38-aarch64-linux-gnu.so,禁止的固件、压缩包、模型、共享库或抓包类型
_ctest.cpython-38-aarch64-linux-gnu.so,历史固件研究材料,70736,0.067,919a747ef7fad149bfc8a9133b8e522bf3b85f1d8a97d8487efdc6eaebdcda95,C:\zyh\work\宇树固件\real_unitree_r1_1.4.2\ota\backup\module\r1_arm_example\1.0.2.0\module\r1_arm_example\file\unitree\module\r1_arm_example\lib\python3.8\site-packages\scipy\ndimage\_ctest.cpython-38-aarch64-linux-gnu.so,禁止的固件、压缩包、模型、共享库或抓包类型
_cytest.cpython-38-aarch64-linux-gnu.so,历史固件研究材料,82144,0.078,c9d71ee16fbf5b9b85065122aa990170ec1af34bd29b3fb9c45a98453664a456,C:\zyh\work\宇树固件\real_unitree_r1_1.4.2\ota\backup\module\r1_arm_example\1.0.2.0\module\r1_arm_example\file\unitree\module\r1_arm_example\lib\python3.8\site-packages\scipy\ndimage\_cytest.cpython-38-aarch64-linux-gnu.so,禁止的固件、压缩包、模型、共享库或抓包类型
_nd_image.cpython-38-aarch64-linux-gnu.so,历史固件研究材料,144120,0.137,535d930899e1c61d838f56852c6c22a0a7e976c60d1b4a76d1a2e4a2261cd6b5,C:\zyh\work\宇树固件\real_unitree_r1_1.4.2\ota\backup\module\r1_arm_example\1.0.2.0\module\r1_arm_example\file\unitree\module\r1_arm_example\lib\python3.8\site-packages\scipy\ndimage\_nd_image.cpython-38-aarch64-linux-gnu.so,禁止的固件、压缩包、模型、共享库或抓包类型
_ni_label.cpython-38-aarch64-linux-gnu.so,历史固件研究材料,330072,0.315,e99e6208386f1afb9e15efefab9ab99b1702544ea46c727bd62660988a0c71bc,C:\zyh\work\宇树固件\real_unitree_r1_1.4.2\ota\backup\module\r1_arm_example\1.0.2.0\module\r1_arm_example\file\unitree\module\r1_arm_example\lib\python3.8\site-packages\scipy\ndimage\_ni_label.cpython-38-aarch64-linux-gnu.so,禁止的固件、压缩包、模型、共享库或抓包类型
__odrpack.cpython-38-aarch64-linux-gnu.so,历史固件研究材料,329401,0.314,1b01ed17ecaf71ed54a28fd5d368633e269e13623f33a5e4c1790fba20859068,C:\zyh\work\宇树固件\real_unitree_r1_1.4.2\ota\backup\module\r1_arm_example\1.0.2.0\module\r1_arm_example\file\unitree\module\r1_arm_example\lib\python3.8\site-packages\scipy\odr\__odrpack.cpython-38-aarch64-linux-gnu.so,禁止的固件、压缩包、模型、共享库或抓包类型
__nnls.cpython-38-aarch64-linux-gnu.so,历史固件研究材料,198329,0.189,1fa09a40a808b92fef9842fb84b879efb63d0fc39cffb3da0fa442d6ea23a690,C:\zyh\work\宇树固件\real_unitree_r1_1.4.2\ota\backup\module\r1_arm_example\1.0.2.0\module\r1_arm_example\file\unitree\module\r1_arm_example\lib\python3.8\site-packages\scipy\optimize\__nnls.cpython-38-aarch64-linux-gnu.so,禁止的固件、压缩包、模型、共享库或抓包类型
_bglu_dense.cpython-38-aarch64-linux-gnu.so,历史固件研究材料,333448,0.318,9fdb630cb13d2b5d4ee97df700262ce7eed19ca7fd96f215103ca2a579ccb599,C:\zyh\work\宇树固件\real_unitree_r1_1.4.2\ota\backup\module\r1_arm_example\1.0.2.0\module\r1_arm_example\file\unitree\module\r1_arm_example\lib\python3.8\site-packages\scipy\optimize\_bglu_dense.cpython-38-aarch64-linux-gnu.so,禁止的固件、压缩包、模型、共享库或抓包类型
_cobyla.cpython-38-aarch64-linux-gnu.so,历史固件研究材料,198649,0.189,1ba79736b0de5795136464e6e68894464003b7253e9e766f4682bdec84694ba1,C:\zyh\work\宇树固件\real_unitree_r1_1.4.2\ota\backup\module\r1_arm_example\1.0.2.0\module\r1_arm_example\file\unitree\module\r1_arm_example\lib\python3.8\site-packages\scipy\optimize\_cobyla.cpython-38-aarch64-linux-gnu.so,禁止的固件、压缩包、模型、共享库或抓包类型
_direct.cpython-38-aarch64-linux-gnu.so,历史固件研究材料,72904,0.070,90feff19c923497f926a252c0d2dd3042f7075067c6697e1b1da82b8a7c89f1f,C:\zyh\work\宇树固件\real_unitree_r1_1.4.2\ota\backup\module\r1_arm_example\1.0.2.0\module\r1_arm_example\file\unitree\module\r1_arm_example\lib\python3.8\site-packages\scipy\optimize\_direct.cpython-38-aarch64-linux-gnu.so,禁止的固件、压缩包、模型、共享库或抓包类型
_group_columns.cpython-38-aarch64-linux-gnu.so,历史固件研究材料,157048,0.150,88b778c0ae4c05b426c0917e8e6387af1956ce982f575c7c09442d06bccfb610,C:\zyh\work\宇树固件\real_unitree_r1_1.4.2\ota\backup\module\r1_arm_example\1.0.2.0\module\r1_arm_example\file\unitree\module\r1_arm_example\lib\python3.8\site-packages\scipy\optimize\_group_columns.cpython-38-aarch64-linux-gnu.so,禁止的固件、压缩包、模型、共享库或抓包类型
_highs_constants.cpython-38-aarch64-linux-gnu.so,历史固件研究材料,81464,0.078,3a0633000ef295fbba19277d6b20d0deec2c1bf58e34b4dabfabea59c6a62916,C:\zyh\work\宇树固件\real_unitree_r1_1.4.2\ota\backup\module\r1_arm_example\1.0.2.0\module\r1_arm_example\file\unitree\module\r1_arm_example\lib\python3.8\site-packages\scipy\optimize\_highs\_highs_constants.cpython-38-aarch64-linux-gnu.so,禁止的固件、压缩包、模型、共享库或抓包类型
_highs_wrapper.cpython-38-aarch64-linux-gnu.so,历史固件研究材料,3280840,3.129,741f8deff7c7b36e0115659090534cc17101f2e041df15205eb4ad74b34f7ebd,C:\zyh\work\宇树固件\real_unitree_r1_1.4.2\ota\backup\module\r1_arm_example\1.0.2.0\module\r1_arm_example\file\unitree\module\r1_arm_example\lib\python3.8\site-packages\scipy\optimize\_highs\_highs_wrapper.cpython-38-aarch64-linux-gnu.so,禁止的固件、压缩包、模型、共享库或抓包类型
_lbfgsb.cpython-38-aarch64-linux-gnu.so,历史固件研究材料,264297,0.252,ca3f3c9c8d9f1feaf114b04fa6fcf76a43ba568ec3616d4e78851652ae7822d0,C:\zyh\work\宇树固件\real_unitree_r1_1.4.2\ota\backup\module\r1_arm_example\1.0.2.0\module\r1_arm_example\file\unitree\module\r1_arm_example\lib\python3.8\site-packages\scipy\optimize\_lbfgsb.cpython-38-aarch64-linux-gnu.so,禁止的固件、压缩包、模型、共享库或抓包类型
_lsap.cpython-38-aarch64-linux-gnu.so,历史固件研究材料,72968,0.070,6fa8f79e163a2a11cfef95f2ea2abad851717cbbab2eea8388da6f1df7c422d3,C:\zyh\work\宇树固件\real_unitree_r1_1.4.2\ota\backup\module\r1_arm_example\1.0.2.0\module\r1_arm_example\file\unitree\module\r1_arm_example\lib\python3.8\site-packages\scipy\optimize\_lsap.cpython-38-aarch64-linux-gnu.so,禁止的固件、压缩包、模型、共享库或抓包类型
givens_elimination.cpython-38-aarch64-linux-gnu.so,历史固件研究材料,241152,0.230,94565cf4225e917a27eded318a3fa07ade18f1cfb540a6683804f55cbb1dbaa1,C:\zyh\work\宇树固件\real_unitree_r1_1.4.2\ota\backup\module\r1_arm_example\1.0.2.0\module\r1_arm_example\file\unitree\module\r1_arm_example\lib\python3.8\site-packages\scipy\optimize\_lsq\givens_elimination.cpython-38-aarch64-linux-gnu.so,禁止的固件、压缩包、模型、共享库或抓包类型
_minpack.cpython-38-aarch64-linux-gnu.so,历史固件研究材料,75952,0.072,b90889ac7e32a5e09b5158aebba8857d347e93a01657683b6b0e09fe19e4ad0d,C:\zyh\work\宇树固件\real_unitree_r1_1.4.2\ota\backup\module\r1_arm_example\1.0.2.0\module\r1_arm_example\file\unitree\module\r1_arm_example\lib\python3.8\site-packages\scipy\optimize\_minpack.cpython-38-aarch64-linux-gnu.so,禁止的固件、压缩包、模型、共享库或抓包类型
_minpack2.cpython-38-aarch64-linux-gnu.so,历史固件研究材料,77648,0.074,63451e2d96faa8b2663a2ef472ab5ad88b667ed1d64c16d9e8c9556f6650957b,C:\zyh\work\宇树固件\real_unitree_r1_1.4.2\ota\backup\module\r1_arm_example\1.0.2.0\module\r1_arm_example\file\unitree\module\r1_arm_example\lib\python3.8\site-packages\scipy\optimize\_minpack2.cpython-38-aarch64-linux-gnu.so,禁止的固件、压缩包、模型、共享库或抓包类型
_moduleTNC.cpython-38-aarch64-linux-gnu.so,历史固件研究材料,156256,0.149,323b8de2241851798ec84892fe752671b9407809dd8b38a582f1b80bafe03e22,C:\zyh\work\宇树固件\real_unitree_r1_1.4.2\ota\backup\module\r1_arm_example\1.0.2.0\module\r1_arm_example\file\unitree\module\r1_arm_example\lib\python3.8\site-packages\scipy\optimize\_moduleTNC.cpython-38-aarch64-linux-gnu.so,禁止的固件、压缩包、模型、共享库或抓包类型
_slsqp.cpython-38-aarch64-linux-gnu.so,历史固件研究材料,78624,0.075,04d896eef8e3683ef060447a1b444c08963607e284eb0f317035faca18b84752,C:\zyh\work\宇树固件\real_unitree_r1_1.4.2\ota\backup\module\r1_arm_example\1.0.2.0\module\r1_arm_example\file\unitree\module\r1_arm_example\lib\python3.8\site-packages\scipy\optimize\_slsqp.cpython-38-aarch64-linux-gnu.so,禁止的固件、压缩包、模型、共享库或抓包类型
_trlib.cpython-38-aarch64-linux-gnu.so,历史固件研究材料,397025,0.379,79d3f1846258e11b203e078bb046584142a38285089fba6bd80932b0fafd931e,C:\zyh\work\宇树固件\real_unitree_r1_1.4.2\ota\backup\module\r1_arm_example\1.0.2.0\module\r1_arm_example\file\unitree\module\r1_arm_example\lib\python3.8\site-packages\scipy\optimize\_trlib\_trlib.cpython-38-aarch64-linux-gnu.so,禁止的固件、压缩包、模型、共享库或抓包类型
_zeros.cpython-38-aarch64-linux-gnu.so,历史固件研究材料,71648,0.068,4b93d7f46b2c21c4d77fde047efbd734f9925a94fc5d0776b05e6e3cfa6ed7d9,C:\zyh\work\宇树固件\real_unitree_r1_1.4.2\ota\backup\module\r1_arm_example\1.0.2.0\module\r1_arm_example\file\unitree\module\r1_arm_example\lib\python3.8\site-packages\scipy\optimize\_zeros.cpython-38-aarch64-linux-gnu.so,禁止的固件、压缩包、模型、共享库或抓包类型
_zeros.cpython-38-aarch64-linux-gnu.so,历史固件研究材料,92720,0.088,9454fc3f94b47b398a625a8b9d7de3859693c61400b8afb6d9e4d12f3f04476b,C:\zyh\work\宇树固件\real_unitree_r1_1.4.2\ota\backup\module\r1_arm_example\1.0.2.0\module\r1_arm_example\file\unitree\module\r1_arm_example\lib\python3.8\site-packages\scipy\optimize\cython_optimize\_zeros.cpython-38-aarch64-linux-gnu.so,禁止的固件、压缩包、模型、共享库或抓包类型
_max_len_seq_inner.cpython-38-aarch64-linux-gnu.so,历史固件研究材料,88904,0.085,65e321d1fd7d304d1841308b7d7395770b76d57f4cdb4504c9de639bee7fddf7,C:\zyh\work\宇树固件\real_unitree_r1_1.4.2\ota\backup\module\r1_arm_example\1.0.2.0\module\r1_arm_example\file\unitree\module\r1_arm_example\lib\python3.8\site-packages\scipy\signal\_max_len_seq_inner.cpython-38-aarch64-linux-gnu.so,禁止的固件、压缩包、模型、共享库或抓包类型
_peak_finding_utils.cpython-38-aarch64-linux-gnu.so,历史固件研究材料,257976,0.246,2e36ddb420005698e05fc032c39170ff78d359a3d593cf223675793daa48232b,C:\zyh\work\宇树固件\real_unitree_r1_1.4.2\ota\backup\module\r1_arm_example\1.0.2.0\module\r1_arm_example\file\unitree\module\r1_arm_example\lib\python3.8\site-packages\scipy\signal\_peak_finding_utils.cpython-38-aarch64-linux-gnu.so,禁止的固件、压缩包、模型、共享库或抓包类型
_sigtools.cpython-38-aarch64-linux-gnu.so,历史固件研究材料,144040,0.137,0e4db3602f592a5e4dbef130894334839241d38e55b2a5f0d16b0934a11a7dab,C:\zyh\work\宇树固件\real_unitree_r1_1.4.2\ota\backup\module\r1_arm_example\1.0.2.0\module\r1_arm_example\file\unitree\module\r1_arm_example\lib\python3.8\site-packages\scipy\signal\_sigtools.cpython-38-aarch64-linux-gnu.so,禁止的固件、压缩包、模型、共享库或抓包类型
_sosfilt.cpython-38-aarch64-linux-gnu.so,历史固件研究材料,318616,0.304,c5a22ad551eaa36795b61c5ffd1561fa0cae4429dcc2a594b12448430796ef37,C:\zyh\work\宇树固件\real_unitree_r1_1.4.2\ota\backup\module\r1_arm_example\1.0.2.0\module\r1_arm_example\file\unitree\module\r1_arm_example\lib\python3.8\site-packages\scipy\signal\_sosfilt.cpython-38-aarch64-linux-gnu.so,禁止的固件、压缩包、模型、共享库或抓包类型
_spectral.cpython-38-aarch64-linux-gnu.so,历史固件研究材料,90464,0.086,1a2926b6f8e273f4062e5da6fe33ac8001aef3b2e9f6f771078c509308aedcc5,C:\zyh\work\宇树固件\real_unitree_r1_1.4.2\ota\backup\module\r1_arm_example\1.0.2.0\module\r1_arm_example\file\unitree\module\r1_arm_example\lib\python3.8\site-packages\scipy\signal\_spectral.cpython-38-aarch64-linux-gnu.so,禁止的固件、压缩包、模型、共享库或抓包类型
_spline.cpython-38-aarch64-linux-gnu.so,历史固件研究材料,77712,0.074,f4e0373fbe18012d586e13d6ba7c0d7c1f2779eebff3135e7dc3ef3c0a15e959,C:\zyh\work\宇树固件\real_unitree_r1_1.4.2\ota\backup\module\r1_arm_example\1.0.2.0\module\r1_arm_example\file\unitree\module\r1_arm_example\lib\python3.8\site-packages\scipy\signal\_spline.cpython-38-aarch64-linux-gnu.so,禁止的固件、压缩包、模型、共享库或抓包类型
_upfirdn_apply.cpython-38-aarch64-linux-gnu.so,历史固件研究材料,327496,0.312,9f40b3ab50567c5e38812bf8078676aa5d51e4cc4b336bb9594dd7f765476b4c,C:\zyh\work\宇树固件\real_unitree_r1_1.4.2\ota\backup\module\r1_arm_example\1.0.2.0\module\r1_arm_example\file\unitree\module\r1_arm_example\lib\python3.8\site-packages\scipy\signal\_upfirdn_apply.cpython-38-aarch64-linux-gnu.so,禁止的固件、压缩包、模型、共享库或抓包类型
_csparsetools.cpython-38-aarch64-linux-gnu.so,历史固件研究材料,566416,0.540,0adb66f2d0105d3b838da94b9456fb98bfafcf230b262606093d1d04a973bdf8,C:\zyh\work\宇树固件\real_unitree_r1_1.4.2\ota\backup\module\r1_arm_example\1.0.2.0\module\r1_arm_example\file\unitree\module\r1_arm_example\lib\python3.8\site-packages\scipy\sparse\_csparsetools.cpython-38-aarch64-linux-gnu.so,禁止的固件、压缩包、模型、共享库或抓包类型
_sparsetools.cpython-38-aarch64-linux-gnu.so,历史固件研究材料,3387672,3.231,fe300bde557a33513878d0f1ade71394851962230a0c817cddb00be7697e83af,C:\zyh\work\宇树固件\real_unitree_r1_1.4.2\ota\backup\module\r1_arm_example\1.0.2.0\module\r1_arm_example\file\unitree\module\r1_arm_example\lib\python3.8\site-packages\scipy\sparse\_sparsetools.cpython-38-aarch64-linux-gnu.so,禁止的固件、压缩包、模型、共享库或抓包类型
_flow.cpython-38-aarch64-linux-gnu.so,历史固件研究材料,337032,0.321,66521260b2b89e5eba8251e440e685e8d76f22c992e47ddc2406b7c23d0e8e28,C:\zyh\work\宇树固件\real_unitree_r1_1.4.2\ota\backup\module\r1_arm_example\1.0.2.0\module\r1_arm_example\file\unitree\module\r1_arm_example\lib\python3.8\site-packages\scipy\sparse\csgraph\_flow.cpython-38-aarch64-linux-gnu.so,禁止的固件、压缩包、模型、共享库或抓包类型
_matching.cpython-38-aarch64-linux-gnu.so,历史固件研究材料,331264,0.316,faac2b2d4e05dbd5df526400d80b8f8630a78e4ffc47073ddbcfc40aa00f6f5d,C:\zyh\work\宇树固件\real_unitree_r1_1.4.2\ota\backup\module\r1_arm_example\1.0.2.0\module\r1_arm_example\file\unitree\module\r1_arm_example\lib\python3.8\site-packages\scipy\sparse\csgraph\_matching.cpython-38-aarch64-linux-gnu.so,禁止的固件、压缩包、模型、共享库或抓包类型
_min_spanning_tree.cpython-38-aarch64-linux-gnu.so,历史固件研究材料,247000,0.236,f3e452b8000d74893ebf13e3cbfe5c5d2e192e0f9601da9415218f2fc962d034,C:\zyh\work\宇树固件\real_unitree_r1_1.4.2\ota\backup\module\r1_arm_example\1.0.2.0\module\r1_arm_example\file\unitree\module\r1_arm_example\lib\python3.8\site-packages\scipy\sparse\csgraph\_min_spanning_tree.cpython-38-aarch64-linux-gnu.so,禁止的固件、压缩包、模型、共享库或抓包类型
_reordering.cpython-38-aarch64-linux-gnu.so,历史固件研究材料,328848,0.314,fb3856fcf57c94708b86993331abb4c8225a138e32463690b9c7b57f3e91c88a,C:\zyh\work\宇树固件\real_unitree_r1_1.4.2\ota\backup\module\r1_arm_example\1.0.2.0\module\r1_arm_example\file\unitree\module\r1_arm_example\lib\python3.8\site-packages\scipy\sparse\csgraph\_reordering.cpython-38-aarch64-linux-gnu.so,禁止的固件、压缩包、模型、共享库或抓包类型
_shortest_path.cpython-38-aarch64-linux-gnu.so,历史固件研究材料,423208,0.404,9321bc50ffafbe15500bed0aea276d8448e71967186faa04ab50388f89746dc1,C:\zyh\work\宇树固件\real_unitree_r1_1.4.2\ota\backup\module\r1_arm_example\1.0.2.0\module\r1_arm_example\file\unitree\module\r1_arm_example\lib\python3.8\site-packages\scipy\sparse\csgraph\_shortest_path.cpython-38-aarch64-linux-gnu.so,禁止的固件、压缩包、模型、共享库或抓包类型
_tools.cpython-38-aarch64-linux-gnu.so,历史固件研究材料,179464,0.171,3f4b701a3217180e27e6cc7d788885a422964a20024217e127fd19545fa3fbef,C:\zyh\work\宇树固件\real_unitree_r1_1.4.2\ota\backup\module\r1_arm_example\1.0.2.0\module\r1_arm_example\file\unitree\module\r1_arm_example\lib\python3.8\site-packages\scipy\sparse\csgraph\_tools.cpython-38-aarch64-linux-gnu.so,禁止的固件、压缩包、模型、共享库或抓包类型
_traversal.cpython-38-aarch64-linux-gnu.so,历史固件研究材料,169520,0.162,a56cabef198fd1a524167d76b01c5130bd8a4d52a27a8e9a2c6616ad8a0fcad4,C:\zyh\work\宇树固件\real_unitree_r1_1.4.2\ota\backup\module\r1_arm_example\1.0.2.0\module\r1_arm_example\file\unitree\module\r1_arm_example\lib\python3.8\site-packages\scipy\sparse\csgraph\_traversal.cpython-38-aarch64-linux-gnu.so,禁止的固件、压缩包、模型、共享库或抓包类型
_superlu.cpython-38-aarch64-linux-gnu.so,历史固件研究材料,460809,0.439,1569f4e79327e2a83620b3dc1466bec7b3d9c68d58fad64cb1ff40a8b7226aee,C:\zyh\work\宇树固件\real_unitree_r1_1.4.2\ota\backup\module\r1_arm_example\1.0.2.0\module\r1_arm_example\file\unitree\module\r1_arm_example\lib\python3.8\site-packages\scipy\sparse\linalg\_dsolve\_superlu.cpython-38-aarch64-linux-gnu.so,禁止的固件、压缩包、模型、共享库或抓包类型
_arpack.cpython-38-aarch64-linux-gnu.so,历史固件研究材料,527265,0.503,b6a30ab9d7f2b3d5e9cd6bd4f04d80c2713075b4287df0253dca927aa8aacb57,C:\zyh\work\宇树固件\real_unitree_r1_1.4.2\ota\backup\module\r1_arm_example\1.0.2.0\module\r1_arm_example\file\unitree\module\r1_arm_example\lib\python3.8\site-packages\scipy\sparse\linalg\_eigen\arpack\_arpack.cpython-38-aarch64-linux-gnu.so,禁止的固件、压缩包、模型、共享库或抓包类型
_iterative.cpython-38-aarch64-linux-gnu.so,历史固件研究材料,329633,0.314,a276c91213eba5fe68737bc8fba9dc4c810145949a5a4a54121d1ddab96270a2,C:\zyh\work\宇树固件\real_unitree_r1_1.4.2\ota\backup\module\r1_arm_example\1.0.2.0\module\r1_arm_example\file\unitree\module\r1_arm_example\lib\python3.8\site-packages\scipy\sparse\linalg\_isolve\_iterative.cpython-38-aarch64-linux-gnu.so,禁止的固件、压缩包、模型、共享库或抓包类型
_cpropack.cpython-38-aarch64-linux-gnu.so,历史固件研究材料,264521,0.252,7afe778a837efa3eb800d603886f977012c781d218ed344c8358142aa9d27c00,C:\zyh\work\宇树固件\real_unitree_r1_1.4.2\ota\backup\module\r1_arm_example\1.0.2.0\module\r1_arm_example\file\unitree\module\r1_arm_example\lib\python3.8\site-packages\scipy\sparse\linalg\_propack\_cpropack.cpython-38-aarch64-linux-gnu.so,禁止的固件、压缩包、模型、共享库或抓包类型
_dpropack.cpython-38-aarch64-linux-gnu.so,历史固件研究材料,264473,0.252,c30577594cc2119009293135c948ba8c6233d3559eca7fb2c5c93edaefbbbcac,C:\zyh\work\宇树固件\real_unitree_r1_1.4.2\ota\backup\module\r1_arm_example\1.0.2.0\module\r1_arm_example\file\unitree\module\r1_arm_example\lib\python3.8\site-packages\scipy\sparse\linalg\_propack\_dpropack.cpython-38-aarch64-linux-gnu.so,禁止的固件、压缩包、模型、共享库或抓包类型
_spropack.cpython-38-aarch64-linux-gnu.so,历史固件研究材料,264473,0.252,2e80441a505dceb2f1c5ce4654908cee8103005ed145856788984bf05754ec97,C:\zyh\work\宇树固件\real_unitree_r1_1.4.2\ota\backup\module\r1_arm_example\1.0.2.0\module\r1_arm_example\file\unitree\module\r1_arm_example\lib\python3.8\site-packages\scipy\sparse\linalg\_propack\_spropack.cpython-38-aarch64-linux-gnu.so,禁止的固件、压缩包、模型、共享库或抓包类型
_zpropack.cpython-38-aarch64-linux-gnu.so,历史固件研究材料,264521,0.252,80ef59239c12f63a43266c4e35ddd61a942edbe5ffb25e0c5bb404b4c31e7d5f,C:\zyh\work\宇树固件\real_unitree_r1_1.4.2\ota\backup\module\r1_arm_example\1.0.2.0\module\r1_arm_example\file\unitree\module\r1_arm_example\lib\python3.8\site-packages\scipy\sparse\linalg\_propack\_zpropack.cpython-38-aarch64-linux-gnu.so,禁止的固件、压缩包、模型、共享库或抓包类型
_ckdtree.cpython-38-aarch64-linux-gnu.so,历史固件研究材料,858704,0.819,d0ae6d195e30c9bdaecbd432dfd930b6e34fd6ea32a2cd13597e9bfe35c42bd1,C:\zyh\work\宇树固件\real_unitree_r1_1.4.2\ota\backup\module\r1_arm_example\1.0.2.0\module\r1_arm_example\file\unitree\module\r1_arm_example\lib\python3.8\site-packages\scipy\spatial\_ckdtree.cpython-38-aarch64-linux-gnu.so,禁止的固件、压缩包、模型、共享库或抓包类型
_distance_pybind.cpython-38-aarch64-linux-gnu.so,历史固件研究材料,433832,0.414,9e5a7fc23491aa9d683156231225e3715001966365362984cb2727e64923da1b,C:\zyh\work\宇树固件\real_unitree_r1_1.4.2\ota\backup\module\r1_arm_example\1.0.2.0\module\r1_arm_example\file\unitree\module\r1_arm_example\lib\python3.8\site-packages\scipy\spatial\_distance_pybind.cpython-38-aarch64-linux-gnu.so,禁止的固件、压缩包、模型、共享库或抓包类型
_distance_wrap.cpython-38-aarch64-linux-gnu.so,历史固件研究材料,142584,0.136,d9918a21d50747624e4dc30c8e54afa237dd8a2acec8984715b4460dca71ac00,C:\zyh\work\宇树固件\real_unitree_r1_1.4.2\ota\backup\module\r1_arm_example\1.0.2.0\module\r1_arm_example\file\unitree\module\r1_arm_example\lib\python3.8\site-packages\scipy\spatial\_distance_wrap.cpython-38-aarch64-linux-gnu.so,禁止的固件、压缩包、模型、共享库或抓包类型
_hausdorff.cpython-38-aarch64-linux-gnu.so,历史固件研究材料,243616,0.232,c752076a5a934576695bdccd398c2535e8614ed9d5b329528ad4dc748e1f64fa,C:\zyh\work\宇树固件\real_unitree_r1_1.4.2\ota\backup\module\r1_arm_example\1.0.2.0\module\r1_arm_example\file\unitree\module\r1_arm_example\lib\python3.8\site-packages\scipy\spatial\_hausdorff.cpython-38-aarch64-linux-gnu.so,禁止的固件、压缩包、模型、共享库或抓包类型
_qhull.cpython-38-aarch64-linux-gnu.so,历史固件研究材料,1184049,1.129,a16bc8536ec66e96072dc01bd8bf35fff6700440217959e8347d59d564ebfb9e,C:\zyh\work\宇树固件\real_unitree_r1_1.4.2\ota\backup\module\r1_arm_example\1.0.2.0\module\r1_arm_example\file\unitree\module\r1_arm_example\lib\python3.8\site-packages\scipy\spatial\_qhull.cpython-38-aarch64-linux-gnu.so,禁止的固件、压缩包、模型、共享库或抓包类型
_voronoi.cpython-38-aarch64-linux-gnu.so,历史固件研究材料,242584,0.231,f9ae26f79433d7256537af08d24994e0f566385cf2ba646e46dcf0b0a59774c5,C:\zyh\work\宇树固件\real_unitree_r1_1.4.2\ota\backup\module\r1_arm_example\1.0.2.0\module\r1_arm_example\file\unitree\module\r1_arm_example\lib\python3.8\site-packages\scipy\spatial\_voronoi.cpython-38-aarch64-linux-gnu.so,禁止的固件、压缩包、模型、共享库或抓包类型
_rotation.cpython-38-aarch64-linux-gnu.so,历史固件研究材料,681448,0.650,239f79ec9bc2db26b19408281ea7e21d3dd758c5b3168a0dd0a85c23402bf0b6,C:\zyh\work\宇树固件\real_unitree_r1_1.4.2\ota\backup\module\r1_arm_example\1.0.2.0\module\r1_arm_example\file\unitree\module\r1_arm_example\lib\python3.8\site-packages\scipy\spatial\transform\_rotation.cpython-38-aarch64-linux-gnu.so,禁止的固件、压缩包、模型、共享库或抓包类型
_comb.cpython-38-aarch64-linux-gnu.so,历史固件研究材料,78336,0.075,9d4c70a2b8320e8ceb9cc6f5479ea578fe7ee2c73921cd236dc708254d7f38de,C:\zyh\work\宇树固件\real_unitree_r1_1.4.2\ota\backup\module\r1_arm_example\1.0.2.0\module\r1_arm_example\file\unitree\module\r1_arm_example\lib\python3.8\site-packages\scipy\special\_comb.cpython-38-aarch64-linux-gnu.so,禁止的固件、压缩包、模型、共享库或抓包类型
_ellip_harm_2.cpython-38-aarch64-linux-gnu.so,历史固件研究材料,199137,0.190,eb9dfc7693e399847455160f89d12bb92d4e131c86c254ab9e29a238e30cfd7d,C:\zyh\work\宇树固件\real_unitree_r1_1.4.2\ota\backup\module\r1_arm_example\1.0.2.0\module\r1_arm_example\file\unitree\module\r1_arm_example\lib\python3.8\site-packages\scipy\special\_ellip_harm_2.cpython-38-aarch64-linux-gnu.so,禁止的固件、压缩包、模型、共享库或抓包类型
_specfun.cpython-38-aarch64-linux-gnu.so,历史固件研究材料,460665,0.439,0b1e6de32b65d850619e86febd3722fc478bb7fd8de824c4b130538a3fcb4e11,C:\zyh\work\宇树固件\real_unitree_r1_1.4.2\ota\backup\module\r1_arm_example\1.0.2.0\module\r1_arm_example\file\unitree\module\r1_arm_example\lib\python3.8\site-packages\scipy\special\_specfun.cpython-38-aarch64-linux-gnu.so,禁止的固件、压缩包、模型、共享库或抓包类型
_test_internal.cpython-38-aarch64-linux-gnu.so,历史固件研究材料,247992,0.237,e5a7e33ebcf836cf4dde1946b0cf4bf4aa728027a8624a2df3850d88bc7204b4,C:\zyh\work\宇树固件\real_unitree_r1_1.4.2\ota\backup\module\r1_arm_example\1.0.2.0\module\r1_arm_example\file\unitree\module\r1_arm_example\lib\python3.8\site-packages\scipy\special\_test_internal.cpython-38-aarch64-linux-gnu.so,禁止的固件、压缩包、模型、共享库或抓包类型
_ufuncs.cpython-38-aarch64-linux-gnu.so,历史固件研究材料,1773617,1.691,95700b7be889a3b37332fc8a2ef1386fde485cfe7977fda792c2fde74f02b846,C:\zyh\work\宇树固件\real_unitree_r1_1.4.2\ota\backup\module\r1_arm_example\1.0.2.0\module\r1_arm_example\file\unitree\module\r1_arm_example\lib\python3.8\site-packages\scipy\special\_ufuncs.cpython-38-aarch64-linux-gnu.so,禁止的固件、压缩包、模型、共享库或抓包类型
_ufuncs_cxx.cpython-38-aarch64-linux-gnu.so,历史固件研究材料,470056,0.448,059c12229d28d6fc9b351b4bc87ed34d988eb1a57b374866ccb05c76c1af0244,C:\zyh\work\宇树固件\real_unitree_r1_1.4.2\ota\backup\module\r1_arm_example\1.0.2.0\module\r1_arm_example\file\unitree\module\r1_arm_example\lib\python3.8\site-packages\scipy\special\_ufuncs_cxx.cpython-38-aarch64-linux-gnu.so,禁止的固件、压缩包、模型、共享库或抓包类型
cython_special.cpython-38-aarch64-linux-gnu.so,历史固件研究材料,2494369,2.379,9c7bca004a8dd1b3d41eed949e8154bcb1c0ee9079d448b326f7ca49b91bb10f,C:\zyh\work\宇树固件\real_unitree_r1_1.4.2\ota\backup\module\r1_arm_example\1.0.2.0\module\r1_arm_example\file\unitree\module\r1_arm_example\lib\python3.8\site-packages\scipy\special\cython_special.cpython-38-aarch64-linux-gnu.so,禁止的固件、压缩包、模型、共享库或抓包类型
_biasedurn.cpython-38-aarch64-linux-gnu.so,历史固件研究材料,420656,0.401,b815a73334d45f4eefe79ec0147cdb65f29a06958a6345bf45e17886d80967a4,C:\zyh\work\宇树固件\real_unitree_r1_1.4.2\ota\backup\module\r1_arm_example\1.0.2.0\module\r1_arm_example\file\unitree\module\r1_arm_example\lib\python3.8\site-packages\scipy\stats\_biasedurn.cpython-38-aarch64-linux-gnu.so,禁止的固件、压缩包、模型、共享库或抓包类型
beta_ufunc.cpython-38-aarch64-linux-gnu.so,历史固件研究材料,477400,0.455,07753aacf0dcd35f2e9bccd0f1eb9a5221c25c2c087c6765e0ecdf6eea03c7d5,C:\zyh\work\宇树固件\real_unitree_r1_1.4.2\ota\backup\module\r1_arm_example\1.0.2.0\module\r1_arm_example\file\unitree\module\r1_arm_example\lib\python3.8\site-packages\scipy\stats\_boost\beta_ufunc.cpython-38-aarch64-linux-gnu.so,禁止的固件、压缩包、模型、共享库或抓包类型
binom_ufunc.cpython-38-aarch64-linux-gnu.so,历史固件研究材料,413144,0.394,9a72fbdd2f68a8e83b3fa009c7719e44cffbc2a139cc2575563d51b95f847ca3,C:\zyh\work\宇树固件\real_unitree_r1_1.4.2\ota\backup\module\r1_arm_example\1.0.2.0\module\r1_arm_example\file\unitree\module\r1_arm_example\lib\python3.8\site-packages\scipy\stats\_boost\binom_ufunc.cpython-38-aarch64-linux-gnu.so,禁止的固件、压缩包、模型、共享库或抓包类型
hypergeom_ufunc.cpython-38-aarch64-linux-gnu.so,历史固件研究材料,251096,0.239,58840bc4fd5aea5daab6dd7903917602f0ac5b83730b6e3debae136ac81c976c,C:\zyh\work\宇树固件\real_unitree_r1_1.4.2\ota\backup\module\r1_arm_example\1.0.2.0\module\r1_arm_example\file\unitree\module\r1_arm_example\lib\python3.8\site-packages\scipy\stats\_boost\hypergeom_ufunc.cpython-38-aarch64-linux-gnu.so,禁止的固件、压缩包、模型、共享库或抓包类型
invgauss_ufunc.cpython-38-aarch64-linux-gnu.so,历史固件研究材料,338136,0.322,0728a9b7451e9466e0007ad958023da72a94a0bc7fe62b8470648383f9229b23,C:\zyh\work\宇树固件\real_unitree_r1_1.4.2\ota\backup\module\r1_arm_example\1.0.2.0\module\r1_arm_example\file\unitree\module\r1_arm_example\lib\python3.8\site-packages\scipy\stats\_boost\invgauss_ufunc.cpython-38-aarch64-linux-gnu.so,禁止的固件、压缩包、模型、共享库或抓包类型
nbinom_ufunc.cpython-38-aarch64-linux-gnu.so,历史固件研究材料,413976,0.395,420209dddbf95a9e06d82e362165c5c23f77153e4b260abd714210289d803721,C:\zyh\work\宇树固件\real_unitree_r1_1.4.2\ota\backup\module\r1_arm_example\1.0.2.0\module\r1_arm_example\file\unitree\module\r1_arm_example\lib\python3.8\site-packages\scipy\stats\_boost\nbinom_ufunc.cpython-38-aarch64-linux-gnu.so,禁止的固件、压缩包、模型、共享库或抓包类型
ncf_ufunc.cpython-38-aarch64-linux-gnu.so,历史固件研究材料,335648,0.320,eb375a00557c95841981c9031cc7d9e7e2e55af1c5ec736b66f1ac77c2155f33,C:\zyh\work\宇树固件\real_unitree_r1_1.4.2\ota\backup\module\r1_arm_example\1.0.2.0\module\r1_arm_example\file\unitree\module\r1_arm_example\lib\python3.8\site-packages\scipy\stats\_boost\ncf_ufunc.cpython-38-aarch64-linux-gnu.so,禁止的固件、压缩包、模型、共享库或抓包类型
nct_ufunc.cpython-38-aarch64-linux-gnu.so,历史固件研究材料,483192,0.461,55c02b3ab2ee15f392084759b45d43629d136cd0fe212890fa6bb2a72f6eceee,C:\zyh\work\宇树固件\real_unitree_r1_1.4.2\ota\backup\module\r1_arm_example\1.0.2.0\module\r1_arm_example\file\unitree\module\r1_arm_example\lib\python3.8\site-packages\scipy\stats\_boost\nct_ufunc.cpython-38-aarch64-linux-gnu.so,禁止的固件、压缩包、模型、共享库或抓包类型
ncx2_ufunc.cpython-38-aarch64-linux-gnu.so,历史固件研究材料,407584,0.389,391163b26f6a35f4082fac880bc2f903f8cc8060c2029e873626e89e16688ae8,C:\zyh\work\宇树固件\real_unitree_r1_1.4.2\ota\backup\module\r1_arm_example\1.0.2.0\module\r1_arm_example\file\unitree\module\r1_arm_example\lib\python3.8\site-packages\scipy\stats\_boost\ncx2_ufunc.cpython-38-aarch64-linux-gnu.so,禁止的固件、压缩包、模型、共享库或抓包类型
skewnorm_ufunc.cpython-38-aarch64-linux-gnu.so,历史固件研究材料,359400,0.343,1fe131372c27394e1564b7bd847d36a33d9b854d1f94b0fa149951ece416fd69,C:\zyh\work\宇树固件\real_unitree_r1_1.4.2\ota\backup\module\r1_arm_example\1.0.2.0\module\r1_arm_example\file\unitree\module\r1_arm_example\lib\python3.8\site-packages\scipy\stats\_boost\skewnorm_ufunc.cpython-38-aarch64-linux-gnu.so,禁止的固件、压缩包、模型、共享库或抓包类型
levyst.cpython-38-aarch64-linux-gnu.so,历史固件研究材料,79904,0.076,1ae494e30ed10e480054b8e24815958a14ac49a1dc186572526c6399ee60bf16,C:\zyh\work\宇树固件\real_unitree_r1_1.4.2\ota\backup\module\r1_arm_example\1.0.2.0\module\r1_arm_example\file\unitree\module\r1_arm_example\lib\python3.8\site-packages\scipy\stats\_levy_stable\levyst.cpython-38-aarch64-linux-gnu.so,禁止的固件、压缩包、模型、共享库或抓包类型
_mvn.cpython-38-aarch64-linux-gnu.so,历史固件研究材料,80992,0.077,829263cf7238339a09dfb6a18119076b0dfffb279b5b4b004ae1fa3caa707f53,C:\zyh\work\宇树固件\real_unitree_r1_1.4.2\ota\backup\module\r1_arm_example\1.0.2.0\module\r1_arm_example\file\unitree\module\r1_arm_example\lib\python3.8\site-packages\scipy\stats\_mvn.cpython-38-aarch64-linux-gnu.so,禁止的固件、压缩包、模型、共享库或抓包类型
_qmc_cy.cpython-38-aarch64-linux-gnu.so,历史固件研究材料,259496,0.247,3d0007a983b8aa99e9f0584d07cdfb45507557ad9f8b32490d7a43cd2410aa93,C:\zyh\work\宇树固件\real_unitree_r1_1.4.2\ota\backup\module\r1_arm_example\1.0.2.0\module\r1_arm_example\file\unitree\module\r1_arm_example\lib\python3.8\site-packages\scipy\stats\_qmc_cy.cpython-38-aarch64-linux-gnu.so,禁止的固件、压缩包、模型、共享库或抓包类型
rcont.cpython-38-aarch64-linux-gnu.so,历史固件研究材料,386376,0.368,7c7b6bcfcdae312f034fcc1249305b087d1568112bf42256bcee054ff95c95d6,C:\zyh\work\宇树固件\real_unitree_r1_1.4.2\ota\backup\module\r1_arm_example\1.0.2.0\module\r1_arm_example\file\unitree\module\r1_arm_example\lib\python3.8\site-packages\scipy\stats\_rcont\rcont.cpython-38-aarch64-linux-gnu.so,禁止的固件、压缩包、模型、共享库或抓包类型
_sobol.cpython-38-aarch64-linux-gnu.so,历史固件研究材料,332000,0.317,30b30687e4bf9af0157212a3ad424330d6bf93ade2ee3076e07728b0d9e1edda,C:\zyh\work\宇树固件\real_unitree_r1_1.4.2\ota\backup\module\r1_arm_example\1.0.2.0\module\r1_arm_example\file\unitree\module\r1_arm_example\lib\python3.8\site-packages\scipy\stats\_sobol.cpython-38-aarch64-linux-gnu.so,禁止的固件、压缩包、模型、共享库或抓包类型
_statlib.cpython-38-aarch64-linux-gnu.so,历史固件研究材料,78744,0.075,4accd2a81bd862042e220bf33c17904e97307f086d3f0d9b65c043fbbe2a6e5b,C:\zyh\work\宇树固件\real_unitree_r1_1.4.2\ota\backup\module\r1_arm_example\1.0.2.0\module\r1_arm_example\file\unitree\module\r1_arm_example\lib\python3.8\site-packages\scipy\stats\_statlib.cpython-38-aarch64-linux-gnu.so,禁止的固件、压缩包、模型、共享库或抓包类型
_stats.cpython-38-aarch64-linux-gnu.so,历史固件研究材料,703552,0.671,462956eb558f3763bdd88fadb3c4d323ec32651fe1aa839b39ed93a7b1195db5,C:\zyh\work\宇树固件\real_unitree_r1_1.4.2\ota\backup\module\r1_arm_example\1.0.2.0\module\r1_arm_example\file\unitree\module\r1_arm_example\lib\python3.8\site-packages\scipy\stats\_stats.cpython-38-aarch64-linux-gnu.so,禁止的固件、压缩包、模型、共享库或抓包类型
_stats_pythran.cpython-38-aarch64-linux-gnu.so,历史固件研究材料,166472,0.159,6753e615efe3a7beca46f3223c073394e9eb2c6db0d5c5c796fa51048fa818f7,C:\zyh\work\宇树固件\real_unitree_r1_1.4.2\ota\backup\module\r1_arm_example\1.0.2.0\module\r1_arm_example\file\unitree\module\r1_arm_example\lib\python3.8\site-packages\scipy\stats\_stats_pythran.cpython-38-aarch64-linux-gnu.so,禁止的固件、压缩包、模型、共享库或抓包类型
unuran_wrapper.cpython-38-aarch64-linux-gnu.so,历史固件研究材料,1403464,1.338,4f6b85a10b4d4a7e3be7727226c8d1969f63b030fe8ca1168510e5420963fa2c,C:\zyh\work\宇树固件\real_unitree_r1_1.4.2\ota\backup\module\r1_arm_example\1.0.2.0\module\r1_arm_example\file\unitree\module\r1_arm_example\lib\python3.8\site-packages\scipy\stats\_unuran\unuran_wrapper.cpython-38-aarch64-linux-gnu.so,禁止的固件、压缩包、模型、共享库或抓包类型
libopenblasp-r0-dff490c2.3.18.so,历史固件研究材料,23401273,22.317,4c93ea099b2e32085bebea3aa514e46d11a5fae7c93a3f2e48bc491568fdaae7,C:\zyh\work\宇树固件\real_unitree_r1_1.4.2\ota\backup\module\r1_arm_example\1.0.2.0\module\r1_arm_example\file\unitree\module\r1_arm_example\lib\python3.8\site-packages\scipy.libs\libopenblasp-r0-dff490c2.3.18.so,禁止的固件、压缩包、模型、共享库或抓包类型
camera_ko.zip,历史固件研究材料,359203,0.343,09a1ba8202bff497b0118cef573b2d1191ac60e2b057ea81fd51aec85b76be08,C:\zyh\work\宇树固件\real_unitree_r1_1.4.2\ota\backup\module\r1_stereo_patch_pc1\0.0.1.40\module\r1_stereo_patch_pc1\file\unitree\module\r1_stereo_patch_pc1\camera_ko.zip,禁止的固件、压缩包、模型、共享库或抓包类型
client_server_transfer_full_img_y16.tar.gz,历史固件研究材料,29448,0.028,613b75cd10477efeb14ae46205a65d70c3eef41ce72d38a50d23747ecb8aa66e,C:\zyh\work\宇树固件\real_unitree_r1_1.4.2\ota\backup\module\r1_stereo_patch_pc1\0.0.1.40\module\r1_stereo_patch_pc1\file\unitree\module\r1_stereo_patch_pc1\client_server_transfer_full_img_y16.tar.gz,禁止的固件、压缩包、模型、共享库或抓包类型
libgstrtspserver-1.0.so,历史固件研究材料,403976,0.385,555362245603a3e55240f4c2f0aebc8025d247a6a64df7c2f21a999de363835c,C:\zyh\work\宇树固件\real_unitree_r1_1.4.2\ota\backup\module\unitree_patch\1.0.1.14\module\unitree_patch\file\unitree\lib\libgstrtspserver-1.0.so,禁止的固件、压缩包、模型、共享库或抓包类型
_zmq.cpython-38-aarch64-linux-gnu.so,历史固件研究材料,463281,0.442,e0e9b5745cc28a4d05087b9bb38ea6e24aaef3b3d82d3a6fad15aa1ec0136b70,C:\zyh\work\宇树固件\real_unitree_r1_1.4.2\ota\backup\module\unitree_patch\1.0.1.14\module\unitree_patch\file\usr\local\lib\python3.8\dist-packages\zmq\backend\cython\_zmq.cpython-38-aarch64-linux-gnu.so,禁止的固件、压缩包、模型、共享库或抓包类型
librkaudio_vqe.so,历史固件研究材料,8851392,8.441,9b78095b74b9e952d74032db1d995b0f143a5766b60e698f386b9967396443db,C:\zyh\work\宇树固件\real_unitree_r1_1.4.2\ota\backup\module\vui_service\2.2.0.19\module\vui_service\file\unitree\module\vui_service\deps\rkap\librkaudio_vqe.so,禁止的固件、压缩包、模型、共享库或抓包类型
librkauth_tool.so,历史固件研究材料,665032,0.634,1c6ddbc5ba931f151991f4ecc6edc3c7d1ff60917a4c1f00e93fee6d256363ff,C:\zyh\work\宇树固件\real_unitree_r1_1.4.2\ota\backup\module\vui_service\2.2.0.19\module\vui_service\file\unitree\module\vui_service\deps\rkap\librkauth_tool.so,禁止的固件、压缩包、模型、共享库或抓包类型
librknnrt.so,历史固件研究材料,7726232,7.368,d31fc19c85b85f6091b2bd0f6af9d962d5264a4e410bfb536402ec92bac738e8,C:\zyh\work\宇树固件\real_unitree_r1_1.4.2\ota\backup\module\vui_service\2.2.0.19\module\vui_service\file\unitree\module\vui_service\deps\rkap\librknnrt.so,禁止的固件、压缩包、模型、共享库或抓包类型
model4.bin,历史固件研究材料,4298644,4.100,e14947d46625c8a9c1c19a60ce17149776b7f445be37aac2f141c1c42fd3ddbc,C:\zyh\work\宇树固件\real_unitree_r1_1.4.2\ota\backup\module\vui_service\2.2.0.19\module\vui_service\file\unitree\module\vui_service\deps\rkap\model4.bin,禁止的固件、压缩包、模型、共享库或抓包类型
model5.bin,历史固件研究材料,704268,0.672,8207a82dbcfdfc638f15db17ad1eff8ec0e3119bddc79b19c03de22d423ec917,C:\zyh\work\宇树固件\real_unitree_r1_1.4.2\ota\backup\module\vui_service\2.2.0.19\module\vui_service\file\unitree\module\vui_service\deps\rkap\model5.bin,禁止的固件、压缩包、模型、共享库或抓包类型
model6.bin,历史固件研究材料,255496,0.244,ee6ffcc381218f1fc4afad2dba979b389f0c648fe47f256b1e3f1eea767baa69,C:\zyh\work\宇树固件\real_unitree_r1_1.4.2\ota\backup\module\vui_service\2.2.0.19\module\vui_service\file\unitree\module\vui_service\deps\rkap\model6.bin,禁止的固件、压缩包、模型、共享库或抓包类型
rkeqdrc_para_ai_16000_1ch_16bit.bin,历史固件研究材料,2176,0.002,ec9b3f09f8eee93358ddf48c4001bd9df124948d08a799c4144adb6039ad7979,C:\zyh\work\宇树固件\real_unitree_r1_1.4.2\ota\backup\module\vui_service\2.2.0.19\module\vui_service\file\unitree\module\vui_service\deps\rkap\rkeqdrc_para_ai_16000_1ch_16bit.bin,禁止的固件、压缩包、模型、共享库或抓包类型
r1-待验证(1).zip,历史固件研究材料,511091,0.487,808e00eb4801e83091357cbef2fe30db9f230596ca9b375db7b989452be560b2,C:\zyh\work\宇树固件\real_unitree_r1_1.4.2\r1-待验证(1).zip,禁止的固件、压缩包、模型、共享库或抓包类型
init_check.bin,历史固件研究材料,186,0.000,4652af23cb4787c6e4bf36bfa9f53f9d4ef9fd2d61b33449ca60d890943baef6,C:\zyh\work\宇树固件\real_unitree_r1_1.4.2\tools\_archive\payloads\init_check.bin,禁止的固件、压缩包、模型、共享库或抓包类型
init_live_raw.bin,历史固件研究材料,170,0.000,23436ddf530c3acc51d813cd0ea2a12a4adefe04284f5592da55ba673cb578ee,C:\zyh\work\宇树固件\real_unitree_r1_1.4.2\tools\_archive\payloads\init_live_raw.bin,禁止的固件、压缩包、模型、共享库或抓包类型
master_service.LOG.1,历史固件研究材料,97004916,92.511,585e5e94b81916069bf84e47b62be70e238cd266aede9c41ad867970e68d81c0,C:\zyh\work\宇树固件\real_unitree_r1_1.4.2\var\log\master_service\master_service.LOG.1,超过 50 MiB
robot_state_service.LOG.1,历史固件研究材料,100000054,95.367,c9e5c72dca2b29832394d82e8ff45b239b1e5df6f9a1da41bb3fbbfbde9c2baa,C:\zyh\work\宇树固件\real_unitree_r1_1.4.2\var\log\robot_state\robot_state_service.LOG.1,超过 50 MiB
real_unitree_r1_1.4.2.zip,历史固件研究材料,1169446416,1115.271,5c6f01a1c9b6e50cfffd3c095a1b10fc7f9e0d3affa53a82aef34c708acd1422,C:\zyh\work\宇树固件\real_unitree_r1_1.4.2.zip,超过 50 MiB；禁止的固件、压缩包、模型、共享库或抓包类型
doggo2_base.apk,历史固件研究材料,185490971,176.898,71c9a34b1ec972f944007d4d8474e1bc3391dca1192fa2b46bc7b19be02a9e27,C:\zyh\work\宇树固件\security_reports\live_check\doggo2_base.apk,超过 50 MiB；禁止的固件、压缩包、模型、共享库或抓包类型
libcrypto.so,历史固件研究材料,2711264,2.586,9007706842cfdca68526afe5d7753631a313ca1a30733f99d5e1424733de5aa5,C:\zyh\work\宇树固件\unitree_R1_Air_Edu_Pro_1.4.2.8\extracted\modules_unpacked\ai_sport_1.0.2.154\ai_sport\module\ai_sport\file\unitree\module\ai_sport\lib\libcrypto.so,禁止的固件、压缩包、模型、共享库或抓包类型
libdds_security_ac.so,历史固件研究材料,370696,0.354,7be3bc1317615bf9481d5088ebaf324d9920c766d2c633261dd42427cd875698,C:\zyh\work\宇树固件\unitree_R1_Air_Edu_Pro_1.4.2.8\extracted\modules_unpacked\ai_sport_1.0.2.154\ai_sport\module\ai_sport\file\unitree\module\ai_sport\lib\libdds_security_ac.so,禁止的固件、压缩包、模型、共享库或抓包类型
libdds_security_auth.so,历史固件研究材料,330472,0.315,b91f64e23045e088d69290d1b981f98af8b169983b3005fa2425b4075827077a,C:\zyh\work\宇树固件\unitree_R1_Air_Edu_Pro_1.4.2.8\extracted\modules_unpacked\ai_sport_1.0.2.154\ai_sport\module\ai_sport\file\unitree\module\ai_sport\lib\libdds_security_auth.so,禁止的固件、压缩包、模型、共享库或抓包类型
libdds_security_crypto.so,历史固件研究材料,511280,0.488,27f9ebe25934fc3e3d0d0fc3c1ba14772a5b0fb5e93b9706de5154cd6fb5cd4b,C:\zyh\work\宇树固件\unitree_R1_Air_Edu_Pro_1.4.2.8\extracted\modules_unpacked\ai_sport_1.0.2.154\ai_sport\module\ai_sport\file\unitree\module\ai_sport\lib\libdds_security_crypto.so,禁止的固件、压缩包、模型、共享库或抓包类型
libddsc.so,历史固件研究材料,9557696,9.115,5d4f23b0f8928ac7361889960ae780ab8a7d0d528766dfc198765261e772b377,C:\zyh\work\宇树固件\unitree_R1_Air_Edu_Pro_1.4.2.8\extracted\modules_unpacked\ai_sport_1.0.2.154\ai_sport\module\ai_sport\file\unitree\module\ai_sport\lib\libddsc.so,禁止的固件、压缩包、模型、共享库或抓包类型
libddscxx.so,历史固件研究材料,3153856,3.008,db2601bfeac87b3b994f2f4928ebd2432ad105d834725d75a17a097a8b701cd5,C:\zyh\work\宇树固件\unitree_R1_Air_Edu_Pro_1.4.2.8\extracted\modules_unpacked\ai_sport_1.0.2.154\ai_sport\module\ai_sport\file\unitree\module\ai_sport\lib\libddscxx.so,禁止的固件、压缩包、模型、共享库或抓包类型
libonnxruntime.so,历史固件研究材料,12729976,12.140,006437cc7da2dd9a8a116e3fb0c96fe9c4ec8645fccbb731f3b02082a6fbf70e,C:\zyh\work\宇树固件\unitree_R1_Air_Edu_Pro_1.4.2.8\extracted\modules_unpacked\ai_sport_1.0.2.154\ai_sport\module\ai_sport\file\unitree\module\ai_sport\lib\libonnxruntime.so,禁止的固件、压缩包、模型、共享库或抓包类型
libssl.so,历史固件研究材料,568960,0.543,7b6aee772354a922c9ba426b501b870eb159acb09218a75932eed599bb662416,C:\zyh\work\宇树固件\unitree_R1_Air_Edu_Pro_1.4.2.8\extracted\modules_unpacked\ai_sport_1.0.2.154\ai_sport\module\ai_sport\file\unitree\module\ai_sport\lib\libssl.so,禁止的固件、压缩包、模型、共享库或抓包类型
policy_17k.onnx,历史固件研究材料,2338186,2.230,dfb66bb295fce8ffe96c460221236670c19a0ab2605be4ae81a19888cb5320a9,C:\zyh\work\宇树固件\unitree_R1_Air_Edu_Pro_1.4.2.8\extracted\modules_unpacked\ai_sport_1.0.2.154\ai_sport\module\ai_sport\file\unitree\module\ai_sport\net\motions\amp_locomotion\2026-04-01_14-10-14\policy_17k.onnx,禁止的固件、压缩包、模型、共享库或抓包类型
policy_40k.onnx,历史固件研究材料,2338186,2.230,15abd0a8d48f1702e2dc232871b8684e1c81423cc9ffab258fa74bf51589e6d6,C:\zyh\work\宇树固件\unitree_R1_Air_Edu_Pro_1.4.2.8\extracted\modules_unpacked\ai_sport_1.0.2.154\ai_sport\module\ai_sport\file\unitree\module\ai_sport\net\motions\amp_locomotion\2026-04-03_09-11-48\policy_40k.onnx,禁止的固件、压缩包、模型、共享库或抓包类型
policy_36k.onnx,历史固件研究材料,2338186,2.230,5ef87fcae57c6badb58e59da7980a289c77c2d33a004ce9ae0c622ae6c868d8f,C:\zyh\work\宇树固件\unitree_R1_Air_Edu_Pro_1.4.2.8\extracted\modules_unpacked\ai_sport_1.0.2.154\ai_sport\module\ai_sport\file\unitree\module\ai_sport\net\motions\amp_locomotion\2026-04-07_13-24-17\policy_36k.onnx,禁止的固件、压缩包、模型、共享库或抓包类型
policy_42.5.onnx,历史固件研究材料,2338186,2.230,d6d81d37d8b47aa5b6e273e48b7fff560bdb876fc67cbdc28d985b8595a4365f,C:\zyh\work\宇树固件\unitree_R1_Air_Edu_Pro_1.4.2.8\extracted\modules_unpacked\ai_sport_1.0.2.154\ai_sport\module\ai_sport\file\unitree\module\ai_sport\net\motions\amp_locomotion\2026-04-07_13-42-10\policy_42.5.onnx,禁止的固件、压缩包、模型、共享库或抓包类型
actor.onnx,历史固件研究材料,2390075,2.279,a573209745da93a209a1854c07c94e1472901fb65e1f400f97c5771271ac5b6f,C:\zyh\work\宇树固件\unitree_R1_Air_Edu_Pro_1.4.2.8\extracted\modules_unpacked\ai_sport_1.0.2.154\ai_sport\module\ai_sport\file\unitree\module\ai_sport\net\motions\amp_motion\20250722_14-33-53__30600\actor.onnx,禁止的固件、压缩包、模型、共享库或抓包类型
actor.onnx,历史固件研究材料,2540171,2.422,ca08504c5d6d9a33e64f203ea86a2362c8ade7db93b0cd348542e8ee7766879a,C:\zyh\work\宇树固件\unitree_R1_Air_Edu_Pro_1.4.2.8\extracted\modules_unpacked\ai_sport_1.0.2.154\ai_sport\module\ai_sport\file\unitree\module\ai_sport\net\motions\amp_motion_22dof\20250915_15-25-57__58600\actor.onnx,禁止的固件、压缩包、模型、共享库或抓包类型
actor.onnx,历史固件研究材料,2540171,2.422,6437233a134ed33509c10af6ccc2b55f09dc01891b15f72d9dbd3d9916f24fa8,C:\zyh\work\宇树固件\unitree_R1_Air_Edu_Pro_1.4.2.8\extracted\modules_unpacked\ai_sport_1.0.2.154\ai_sport\module\ai_sport\file\unitree\module\ai_sport\net\motions\amp_motion_22dof\20250919_16-11-28__68000\actor.onnx,禁止的固件、压缩包、模型、共享库或抓包类型
policy_37k.onnx,历史固件研究材料,2121504,2.023,e40a0202e91273eb744e66647744f16f816a84da8dae71df13789d1236b69086,C:\zyh\work\宇树固件\unitree_R1_Air_Edu_Pro_1.4.2.8\extracted\modules_unpacked\ai_sport_1.0.2.154\ai_sport\module\ai_sport\file\unitree\module\ai_sport\net\motions\arm_sdk_locomotion\2026-04-07_13-26-00\policy_37k.onnx,禁止的固件、压缩包、模型、共享库或抓包类型
policy.onnx,历史固件研究材料,936775,0.893,7f46a610fe63eec1a579b06d632232e41b70a5523e59e37473cb530ca3372ddc,C:\zyh\work\宇树固件\unitree_R1_Air_Edu_Pro_1.4.2.8\extracted\modules_unpacked\ai_sport_1.0.2.154\ai_sport\module\ai_sport\file\unitree\module\ai_sport\net\motions\dance_niuniu\policy.onnx,禁止的固件、压缩包、模型、共享库或抓包类型
policy.onnx,历史固件研究材料,936775,0.893,cb50a97888bcd7f9e7574928b00c19f91059eae6277015182cda79f76c02cd4d,C:\zyh\work\宇树固件\unitree_R1_Air_Edu_Pro_1.4.2.8\extracted\modules_unpacked\ai_sport_1.0.2.154\ai_sport\module\ai_sport\file\unitree\module\ai_sport\net\motions\dance_weibosite\policy.onnx,禁止的固件、压缩包、模型、共享库或抓包类型
dance1subject2.20k.onnx,历史固件研究材料,936775,0.893,1dc4bc8ae47dd8cdd8eef74465a1749bd7370cd4ed4fb07ba707eb4e0848e08e,C:\zyh\work\宇树固件\unitree_R1_Air_Edu_Pro_1.4.2.8\extracted\modules_unpacked\ai_sport_1.0.2.154\ai_sport\module\ai_sport\file\unitree\module\ai_sport\net\motions\dances\dance1_subject2\0602\dance1subject2.20k.onnx,禁止的固件、压缩包、模型、共享库或抓包类型
dance1_subject2_hard_80k-120k.onnx,历史固件研究材料,936775,0.893,e7621336467dc54d9cde2db5dab2ee1389c027646df3269f33ab1fd1a5cca08c,C:\zyh\work\宇树固件\unitree_R1_Air_Edu_Pro_1.4.2.8\extracted\modules_unpacked\ai_sport_1.0.2.154\ai_sport\module\ai_sport\file\unitree\module\ai_sport\net\motions\dances\dance1_subject2\dance1_subject2_hard_80k-120k.onnx,禁止的固件、压缩包、模型、共享库或抓包类型
policy_25k.onnx,历史固件研究材料,936775,0.893,b1b068d3b53fcb3752cd4b8917923196b69a43b1894d2788b216dc0f037d6392,C:\zyh\work\宇树固件\unitree_R1_Air_Edu_Pro_1.4.2.8\extracted\modules_unpacked\ai_sport_1.0.2.154\ai_sport\module\ai_sport\file\unitree\module\ai_sport\net\motions\dances\dance1_subject2\new_urdf\policy_25k.onnx,禁止的固件、压缩包、模型、共享库或抓包类型
policy_37k.onnx,历史固件研究材料,936775,0.893,b59eb6f0125384c0c21d2384c673fcce84d3046cc766fd29339526444639491e,C:\zyh\work\宇树固件\unitree_R1_Air_Edu_Pro_1.4.2.8\extracted\modules_unpacked\ai_sport_1.0.2.154\ai_sport\module\ai_sport\file\unitree\module\ai_sport\net\motions\dances\dance1_subject2\policy_37k.onnx,禁止的固件、压缩包、模型、共享库或抓包类型
policy_80k.onnx,历史固件研究材料,936775,0.893,63ef804ee57268b96827457d75ef69b1ad628d28e439dc237dc8f96d349d851c,C:\zyh\work\宇树固件\unitree_R1_Air_Edu_Pro_1.4.2.8\extracted\modules_unpacked\ai_sport_1.0.2.154\ai_sport\module\ai_sport\file\unitree\module\ai_sport\net\motions\dances\dance1_subject2_niuniuwu\policy_80k.onnx,禁止的固件、压缩包、模型、共享库或抓包类型
gongfu.20.5k.onnx,历史固件研究材料,936775,0.893,1e21281ad6e105635be529f0b400216a988011a9f101059b0cc15b54ff232bd3,C:\zyh\work\宇树固件\unitree_R1_Air_Edu_Pro_1.4.2.8\extracted\modules_unpacked\ai_sport_1.0.2.154\ai_sport\module\ai_sport\file\unitree\module\ai_sport\net\motions\dances\gongfu\0602\gongfu.20.5k.onnx,禁止的固件、压缩包、模型、共享库或抓包类型
gongfu_jiequandao_hard_80k-110k.onnx,历史固件研究材料,936775,0.893,fe50a0f7cda725011931f23262bde1c129edf59b697f634a3ee152ff92e2b325,C:\zyh\work\宇树固件\unitree_R1_Air_Edu_Pro_1.4.2.8\extracted\modules_unpacked\ai_sport_1.0.2.154\ai_sport\module\ai_sport\file\unitree\module\ai_sport\net\motions\dances\gongfu_jiequandao\gongfu_jiequandao_hard_80k-110k.onnx,禁止的固件、压缩包、模型、共享库或抓包类型
policy_50k.onnx,历史固件研究材料,936775,0.893,babcb6a885d77a110946c2f1023a1f97d85c50bb3dc87dce816b1ba7c9e6da8a,C:\zyh\work\宇树固件\unitree_R1_Air_Edu_Pro_1.4.2.8\extracted\modules_unpacked\ai_sport_1.0.2.154\ai_sport\module\ai_sport\file\unitree\module\ai_sport\net\motions\dances\gongfu_jiequandao\new_urdf\policy_50k.onnx,禁止的固件、压缩包、模型、共享库或抓包类型
policy_80k.onnx,历史固件研究材料,936775,0.893,0b422836c7012b03784d6aac955f5f0493b0c7af299d3a0b67bae3f36842cb31,C:\zyh\work\宇树固件\unitree_R1_Air_Edu_Pro_1.4.2.8\extracted\modules_unpacked\ai_sport_1.0.2.154\ai_sport\module\ai_sport\file\unitree\module\ai_sport\net\motions\dances\gongfu_jiequandao\policy_80k.onnx,禁止的固件、压缩包、模型、共享库或抓包类型
gunfanqishen_hard_80k-100k.onnx,历史固件研究材料,936775,0.893,63aed093c47d24b5e19fdcb85ee45d63f1c0d005f201da185601240cceb21731,C:\zyh\work\宇树固件\unitree_R1_Air_Edu_Pro_1.4.2.8\extracted\modules_unpacked\ai_sport_1.0.2.154\ai_sport\module\ai_sport\file\unitree\module\ai_sport\net\motions\dances\gunfanqishen\gunfanqishen_hard_80k-100k.onnx,禁止的固件、压缩包、模型、共享库或抓包类型
policy_80k.onnx,历史固件研究材料,936775,0.893,87ffcea64dec4a54a86ad21784b5d37fbf876230106b433d674d777b2d272a73,C:\zyh\work\宇树固件\unitree_R1_Air_Edu_Pro_1.4.2.8\extracted\modules_unpacked\ai_sport_1.0.2.154\ai_sport\module\ai_sport\file\unitree\module\ai_sport\net\motions\dances\gunfanqishen\policy_80k.onnx,禁止的固件、压缩包、模型、共享库或抓包类型
jiequandao.16k.onnx,历史固件研究材料,936775,0.893,c5f0c8db24fc40b6e5cb0466df0f27e0d5cc150166208c612e913a3a81337be5,C:\zyh\work\宇树固件\unitree_R1_Air_Edu_Pro_1.4.2.8\extracted\modules_unpacked\ai_sport_1.0.2.154\ai_sport\module\ai_sport\file\unitree\module\ai_sport\net\motions\dances\jiequandao\0602\jiequandao.16k.onnx,禁止的固件、压缩包、模型、共享库或抓包类型
niuniu.15k.onnx,历史固件研究材料,936775,0.893,557128484061f5b2b11598283d8b3dfea52ab362c64eb6d35ba60596d98f50d1,C:\zyh\work\宇树固件\unitree_R1_Air_Edu_Pro_1.4.2.8\extracted\modules_unpacked\ai_sport_1.0.2.154\ai_sport\module\ai_sport\file\unitree\module\ai_sport\net\motions\dances\niuniu\0602\niuniu.15k.onnx,禁止的固件、压缩包、模型、共享库或抓包类型
qishen1_25k.onnx,历史固件研究材料,936775,0.893,bbd132d4d72c592d475a47687417a42cfae424b083fc31e149d3b134542a1cf9,C:\zyh\work\宇树固件\unitree_R1_Air_Edu_Pro_1.4.2.8\extracted\modules_unpacked\ai_sport_1.0.2.154\ai_sport\module\ai_sport\file\unitree\module\ai_sport\net\motions\dances\qishen1\qishen1_25k.onnx,禁止的固件、压缩包、模型、共享库或抓包类型
policy_23k.onnx,历史固件研究材料,936775,0.893,4ac990899403c5154d9736999839be77dc6c58e3095665ce077e2a0e07ef8b9e,C:\zyh\work\宇树固件\unitree_R1_Air_Edu_Pro_1.4.2.8\extracted\modules_unpacked\ai_sport_1.0.2.154\ai_sport\module\ai_sport\file\unitree\module\ai_sport\net\motions\dances\weibosite\policy_23k.onnx,禁止的固件、压缩包、模型、共享库或抓包类型
edu_fix_20k.onnx,历史固件研究材料,893749,0.852,e7db7dc3ce38493cb6e8051548eb8c5071dc961a81c796b1bf692d86f79af44b,C:\zyh\work\宇树固件\unitree_R1_Air_Edu_Pro_1.4.2.8\extracted\modules_unpacked\ai_sport_1.0.2.154\ai_sport\module\ai_sport\file\unitree\module\ai_sport\net\motions\dances_air\dance1_subject2\edu_fix_20k.onnx,禁止的固件、压缩包、模型、共享库或抓包类型
new_policy_30k.onnx,历史固件研究材料,893749,0.852,c5b08d3fee28d7da951895393addd2f9f8fe5bbea1e531629bbb0410d61ad9fe,C:\zyh\work\宇树固件\unitree_R1_Air_Edu_Pro_1.4.2.8\extracted\modules_unpacked\ai_sport_1.0.2.154\ai_sport\module\ai_sport\file\unitree\module\ai_sport\net\motions\dances_air\dance1_subject2\new_policy_30k.onnx,禁止的固件、压缩包、模型、共享库或抓包类型
air_urdf_40k.onnx,历史固件研究材料,893749,0.852,fdbcf61b018cee69c6dbb8491d4280c8ee41665034c24689a865a40eb3706298,C:\zyh\work\宇树固件\unitree_R1_Air_Edu_Pro_1.4.2.8\extracted\modules_unpacked\ai_sport_1.0.2.154\ai_sport\module\ai_sport\file\unitree\module\ai_sport\net\motions\dances_air\dance1_subject2_niuniuwu\air_urdf_40k.onnx,禁止的固件、压缩包、模型、共享库或抓包类型
edu_fix_15k.onnx,历史固件研究材料,893749,0.852,4fce479ca872a1057cc96a5bd778a4064a0ebc29cc3c0130362f35f9cfac853b,C:\zyh\work\宇树固件\unitree_R1_Air_Edu_Pro_1.4.2.8\extracted\modules_unpacked\ai_sport_1.0.2.154\ai_sport\module\ai_sport\file\unitree\module\ai_sport\net\motions\dances_air\gongfu\edu_fix_15k.onnx,禁止的固件、压缩包、模型、共享库或抓包类型
new_policy_25k.onnx,历史固件研究材料,893749,0.852,5a0504d7f10c534dbd6b184d68325668f16afc17c64f7b64190693c939932253,C:\zyh\work\宇树固件\unitree_R1_Air_Edu_Pro_1.4.2.8\extracted\modules_unpacked\ai_sport_1.0.2.154\ai_sport\module\ai_sport\file\unitree\module\ai_sport\net\motions\dances_air\gongfu\new_policy_25k.onnx,禁止的固件、压缩包、模型、共享库或抓包类型
edu_fix_15k.onnx,历史固件研究材料,893749,0.852,adb879da2211b8c24b3a402de2632911cb63506bd029432ea834618138b5605b,C:\zyh\work\宇树固件\unitree_R1_Air_Edu_Pro_1.4.2.8\extracted\modules_unpacked\ai_sport_1.0.2.154\ai_sport\module\ai_sport\file\unitree\module\ai_sport\net\motions\dances_air\jiequandao\edu_fix_15k.onnx,禁止的固件、压缩包、模型、共享库或抓包类型
new_policy_20k.onnx,历史固件研究材料,893749,0.852,c97f73f809cacda13187dcdd68a768f882f4c0015f0255851b3b9740cfd383ad,C:\zyh\work\宇树固件\unitree_R1_Air_Edu_Pro_1.4.2.8\extracted\modules_unpacked\ai_sport_1.0.2.154\ai_sport\module\ai_sport\file\unitree\module\ai_sport\net\motions\dances_air\jiequandao\new_policy_20k.onnx,禁止的固件、压缩包、模型、共享库或抓包类型
policy_12k.onnx,历史固件研究材料,893749,0.852,a8c52e939cf4c6db4c5f86665057601d838ba526042d2729f2e3e2003f2e726c,C:\zyh\work\宇树固件\unitree_R1_Air_Edu_Pro_1.4.2.8\extracted\modules_unpacked\ai_sport_1.0.2.154\ai_sport\module\ai_sport\file\unitree\module\ai_sport\net\motions\dances_air\weibosite\policy_12k.onnx,禁止的固件、压缩包、模型、共享库或抓包类型
policy_new_10k.onnx,历史固件研究材料,893749,0.852,c64400c259dac0c915c2f80652b1b42e9450a9abffa751612c94fa2bafceb392,C:\zyh\work\宇树固件\unitree_R1_Air_Edu_Pro_1.4.2.8\extracted\modules_unpacked\ai_sport_1.0.2.154\ai_sport\module\ai_sport\file\unitree\module\ai_sport\net\motions\dances_air\weibosite\policy_new_10k.onnx,禁止的固件、压缩包、模型、共享库或抓包类型
20500amp1_r1air_walkrun_indelay.onnx,历史固件研究材料,2083639,1.987,1c7844dc51e0135c821fb88e5a2eefcfe52cefef1fc7bf99121335eff79b8cd3,C:\zyh\work\宇树固件\unitree_R1_Air_Edu_Pro_1.4.2.8\extracted\modules_unpacked\ai_sport_1.0.2.154\ai_sport\module\ai_sport\file\unitree\module\ai_sport\net\motions\locomotion_20dofs\20500amp1_r1air_walkrun_indelay.onnx,禁止的固件、压缩包、模型、共享库或抓包类型
20500amp6_26to20_rough.onnx,历史固件研究材料,2083639,1.987,61e709ef6ee951d4a0554f3425b4f85f7da82696efbfdae035bce2f1f0bcb0ca,C:\zyh\work\宇树固件\unitree_R1_Air_Edu_Pro_1.4.2.8\extracted\modules_unpacked\ai_sport_1.0.2.154\ai_sport\module\ai_sport\file\unitree\module\ai_sport\net\motions\locomotion_20dofs\20500amp6_26to20_rough.onnx,禁止的固件、压缩包、模型、共享库或抓包类型
20500r1air_rough.onnx,历史固件研究材料,2083639,1.987,457191ec85815089717065985e3fb319bd3ae6078e4e09b954b9404ea405fee1,C:\zyh\work\宇树固件\unitree_R1_Air_Edu_Pro_1.4.2.8\extracted\modules_unpacked\ai_sport_1.0.2.154\ai_sport\module\ai_sport\file\unitree\module\ai_sport\net\motions\locomotion_20dofs\20500r1air_rough.onnx,禁止的固件、压缩包、模型、共享库或抓包类型
22500amp1_r1air_walkrun_indelay.onnx,历史固件研究材料,2083639,1.987,01e28730134c7473c68431837d6c3d0d2f91ec7fcad64369b3bb37e6746cd743,C:\zyh\work\宇树固件\unitree_R1_Air_Edu_Pro_1.4.2.8\extracted\modules_unpacked\ai_sport_1.0.2.154\ai_sport\module\ai_sport\file\unitree\module\ai_sport\net\motions\locomotion_20dofs\22500amp1_r1air_walkrun_indelay.onnx,禁止的固件、压缩包、模型、共享库或抓包类型
23500r1air_rough.onnx,历史固件研究材料,2083639,1.987,9923b354fc2482522b520d242877e19c64230386dc457044222d61694d43a0b8,C:\zyh\work\宇树固件\unitree_R1_Air_Edu_Pro_1.4.2.8\extracted\modules_unpacked\ai_sport_1.0.2.154\ai_sport\module\ai_sport\file\unitree\module\ai_sport\net\motions\locomotion_20dofs\23500r1air_rough.onnx,禁止的固件、压缩包、模型、共享库或抓包类型
29000r1air_rough.onnx,历史固件研究材料,2083639,1.987,726cd59b185ba46251cdefb15160ffed162eea982f7e25aa2bca2cad85ff66eb,C:\zyh\work\宇树固件\unitree_R1_Air_Edu_Pro_1.4.2.8\extracted\modules_unpacked\ai_sport_1.0.2.154\ai_sport\module\ai_sport\file\unitree\module\ai_sport\net\motions\locomotion_20dofs\29000r1air_rough.onnx,禁止的固件、压缩包、模型、共享库或抓包类型
30000r1air_rough.onnx,历史固件研究材料,2083639,1.987,492e4c573fa89048cae8b0e92fe62073067a567f93c6e93f0e1fd3d5d63a7571,C:\zyh\work\宇树固件\unitree_R1_Air_Edu_Pro_1.4.2.8\extracted\modules_unpacked\ai_sport_1.0.2.154\ai_sport\module\ai_sport\file\unitree\module\ai_sport\net\motions\locomotion_20dofs\30000r1air_rough.onnx,禁止的固件、压缩包、模型、共享库或抓包类型
63000r1air_rough.onnx,历史固件研究材料,2083639,1.987,0f5d1e00b04fd21d8daaea83aefad9103806ad633de965b089fdec5722b8b18a,C:\zyh\work\宇树固件\unitree_R1_Air_Edu_Pro_1.4.2.8\extracted\modules_unpacked\ai_sport_1.0.2.154\ai_sport\module\ai_sport\file\unitree\module\ai_sport\net\motions\locomotion_20dofs\63000r1air_rough.onnx,禁止的固件、压缩包、模型、共享库或抓包类型
87500r1air_rough.onnx,历史固件研究材料,2083639,1.987,e7708f411c4b23d20c9b7bba252cfa98f58e33e8a703f2095138aa0331f27361,C:\zyh\work\宇树固件\unitree_R1_Air_Edu_Pro_1.4.2.8\extracted\modules_unpacked\ai_sport_1.0.2.154\ai_sport\module\ai_sport\file\unitree\module\ai_sport\net\motions\locomotion_20dofs\87500r1air_rough.onnx,禁止的固件、压缩包、模型、共享库或抓包类型
amp1_rottorso_r1air_locomotion_rough.onnx,历史固件研究材料,2083639,1.987,bba86eb3c6c650c5ff36e6664942e9f1b030f92bbb9ee477cc490c78850c51fe,C:\zyh\work\宇树固件\unitree_R1_Air_Edu_Pro_1.4.2.8\extracted\modules_unpacked\ai_sport_1.0.2.154\ai_sport\module\ai_sport\file\unitree\module\ai_sport\net\motions\locomotion_20dofs\amp1_rottorso_r1air_locomotion_rough.onnx,禁止的固件、压缩包、模型、共享库或抓包类型
amp3_hardrough_r1air_locomotion_rough.onnx,历史固件研究材料,2083639,1.987,a64b8d20597c752d7582f81527d36c2e931e03476346e96e5662564ee6fef9f9,C:\zyh\work\宇树固件\unitree_R1_Air_Edu_Pro_1.4.2.8\extracted\modules_unpacked\ai_sport_1.0.2.154\ai_sport\module\ai_sport\file\unitree\module\ai_sport\net\motions\locomotion_20dofs\amp3_hardrough_r1air_locomotion_rough.onnx,禁止的固件、压缩包、模型、共享库或抓包类型
amp6_26to20_r1air_locomotion_new.onnx,历史固件研究材料,2083639,1.987,95b0f99889121e6560313264bdb1d12639672587cfa7f3efe024a507a5996463,C:\zyh\work\宇树固件\unitree_R1_Air_Edu_Pro_1.4.2.8\extracted\modules_unpacked\ai_sport_1.0.2.154\ai_sport\module\ai_sport\file\unitree\module\ai_sport\net\motions\locomotion_20dofs\amp6_26to20_r1air_locomotion_new.onnx,禁止的固件、压缩包、模型、共享库或抓包类型
amp6_26to20_rough.onnx,历史固件研究材料,2083639,1.987,81aba0de93b99de4d0ca7eda75ea4385d6b5eafaa69061f20a48c7340cb20fb7,C:\zyh\work\宇树固件\unitree_R1_Air_Edu_Pro_1.4.2.8\extracted\modules_unpacked\ai_sport_1.0.2.154\ai_sport\module\ai_sport\file\unitree\module\ai_sport\net\motions\locomotion_20dofs\amp6_26to20_rough.onnx,禁止的固件、压缩包、模型、共享库或抓包类型
amp7_r1air_locomotion_rough.onnx,历史固件研究材料,2083639,1.987,6e3593021c5025c3f5c8fa76bd522e62ec2ae8e743d515a8337a0cde1e015420,C:\zyh\work\宇树固件\unitree_R1_Air_Edu_Pro_1.4.2.8\extracted\modules_unpacked\ai_sport_1.0.2.154\ai_sport\module\ai_sport\file\unitree\module\ai_sport\net\motions\locomotion_20dofs\amp7_r1air_locomotion_rough.onnx,禁止的固件、压缩包、模型、共享库或抓包类型
r1air_locomotion_new.onnx,历史固件研究材料,2083639,1.987,d00c3b0229e2289532f18e465372be9720d112f1fa991698b17db9fc43a1e092,C:\zyh\work\宇树固件\unitree_R1_Air_Edu_Pro_1.4.2.8\extracted\modules_unpacked\ai_sport_1.0.2.154\ai_sport\module\ai_sport\file\unitree\module\ai_sport\net\motions\locomotion_20dofs\r1air_locomotion_new.onnx,禁止的固件、压缩包、模型、共享库或抓包类型
r1air_locomotion_old.onnx,历史固件研究材料,2083639,1.987,54af23231b70fc6e644f09aefa6dc18430b54a10e55f508e6a3cb54bb985d124,C:\zyh\work\宇树固件\unitree_R1_Air_Edu_Pro_1.4.2.8\extracted\modules_unpacked\ai_sport_1.0.2.154\ai_sport\module\ai_sport\file\unitree\module\ai_sport\net\motions\locomotion_20dofs\r1air_locomotion_old.onnx,禁止的固件、压缩包、模型、共享库或抓包类型
r1air_locomotion_rough.onnx,历史固件研究材料,2083639,1.987,82c58c621c07d89eb24c801567b97626eb948ef1cb5730b4421e14e2021c0212,C:\zyh\work\宇树固件\unitree_R1_Air_Edu_Pro_1.4.2.8\extracted\modules_unpacked\ai_sport_1.0.2.154\ai_sport\module\ai_sport\file\unitree\module\ai_sport\net\motions\locomotion_20dofs\r1air_locomotion_rough.onnx,禁止的固件、压缩包、模型、共享库或抓包类型
actor.onnx,历史固件研究材料,5228977,4.987,c26d249c65d467a0d5ba6cf5b7235ba36d646de4c201cd324e4416a6b3c50c69,C:\zyh\work\宇树固件\unitree_R1_Air_Edu_Pro_1.4.2.8\extracted\modules_unpacked\ai_sport_1.0.2.154\ai_sport\module\ai_sport\file\unitree\module\ai_sport\net\motions\locomotion_24dof_straight_knee\2026-02-01_02-39-41_25000\actor.onnx,禁止的固件、压缩包、模型、共享库或抓包类型
actor.onnx,历史固件研究材料,5228977,4.987,b7a2d340c236414ea9fa4612fba0f7e883cec60038eca32103fc869146f607b5,C:\zyh\work\宇树固件\unitree_R1_Air_Edu_Pro_1.4.2.8\extracted\modules_unpacked\ai_sport_1.0.2.154\ai_sport\module\ai_sport\file\unitree\module\ai_sport\net\motions\locomotion_24dof_walk\2026-02-02_09-46-55_16800\actor.onnx,禁止的固件、压缩包、模型、共享库或抓包类型
r1air_armsdk_loco_new.onnx,历史固件研究材料,1915671,1.827,7f67d3dc32c83b19af5150db0e481b9e3c3ab0d59826f76941f56967eef903bc,C:\zyh\work\宇树固件\unitree_R1_Air_Edu_Pro_1.4.2.8\extracted\modules_unpacked\ai_sport_1.0.2.154\ai_sport\module\ai_sport\file\unitree\module\ai_sport\net\motions\locomotion_armsdk\r1air_armsdk_loco_new.onnx,禁止的固件、压缩包、模型、共享库或抓包类型
r1air_armsdk_loco_new_alljoint.onnx,历史固件研究材料,2083639,1.987,e20deff0e77cfb5c194a4fd8590f452a9420d490e7914c53695a4b7f11c7a307,C:\zyh\work\宇树固件\unitree_R1_Air_Edu_Pro_1.4.2.8\extracted\modules_unpacked\ai_sport_1.0.2.154\ai_sport\module\ai_sport\file\unitree\module\ai_sport\net\motions\locomotion_armsdk\r1air_armsdk_loco_new_alljoint.onnx,禁止的固件、压缩包、模型、共享库或抓包类型
r1air_armsdk_loco_old.onnx,历史固件研究材料,1915671,1.827,d3571610489bf192064e8f0ccd547a4e4f7901261c14ac8524a9391ba5b27d0f,C:\zyh\work\宇树固件\unitree_R1_Air_Edu_Pro_1.4.2.8\extracted\modules_unpacked\ai_sport_1.0.2.154\ai_sport\module\ai_sport\file\unitree\module\ai_sport\net\motions\locomotion_armsdk\r1air_armsdk_loco_old.onnx,禁止的固件、压缩包、模型、共享库或抓包类型
policy.onnx,历史固件研究材料,2206520,2.104,ee9586e8c6ee9aabfc5107971837f6c6aa04d534612a99edc81ebaeb503c781e,C:\zyh\work\宇树固件\unitree_R1_Air_Edu_Pro_1.4.2.8\extracted\modules_unpacked\ai_sport_1.0.2.154\ai_sport\module\ai_sport\file\unitree\module\ai_sport\net\motions\locomotion_armsdk_gait\policy.onnx,禁止的固件、压缩包、模型、共享库或抓包类型
policy.onnx,历史固件研究材料,2206520,2.104,2e28a7a34068755f8a3abab684866fd6e29a24e47a806d2e2033850f7cc9bc97,C:\zyh\work\宇树固件\unitree_R1_Air_Edu_Pro_1.4.2.8\extracted\modules_unpacked\ai_sport_1.0.2.154\ai_sport\module\ai_sport\file\unitree\module\ai_sport\net\motions\locomotion_gait\policy.onnx,禁止的固件、压缩包、模型、共享库或抓包类型
model.onnx,历史固件研究材料,11990942,11.435,2259da3adb62f877b08f8f06d54b423912c7dcf79ebcb5c7941c892475162c77,C:\zyh\work\宇树固件\unitree_R1_Air_Edu_Pro_1.4.2.8\extracted\modules_unpacked\ai_sport_1.0.2.154\ai_sport\module\ai_sport\file\unitree\module\ai_sport\net\motions\mimic_actor\2025-07-08_17-33-53_actor2_resume\exported\model.onnx,禁止的固件、压缩包、模型、共享库或抓包类型
model.onnx,历史固件研究材料,11991343,11.436,3b3cab2ac29b3358593700a8fd46a83f7a02996efd09eab586e60213b3b492ed,C:\zyh\work\宇树固件\unitree_R1_Air_Edu_Pro_1.4.2.8\extracted\modules_unpacked\ai_sport_1.0.2.154\ai_sport\module\ai_sport\file\unitree\module\ai_sport\net\motions\mimic_actor\2025-08-04_20-57-13_actor_new\exported\model.onnx,禁止的固件、压缩包、模型、共享库或抓包类型
model.onnx,历史固件研究材料,11990942,11.435,e392366e7051f8e164e209523140636d94747e4d63a05335d4565e85346ef90e,C:\zyh\work\宇树固件\unitree_R1_Air_Edu_Pro_1.4.2.8\extracted\modules_unpacked\ai_sport_1.0.2.154\ai_sport\module\ai_sport\file\unitree\module\ai_sport\net\motions\mimic_punch\2025-07-21_18-11-48_punch_resume_new_usd_0717\exported\model.onnx,禁止的固件、压缩包、模型、共享库或抓包类型
model.onnx,历史固件研究材料,11991343,11.436,6fcc4263b71e1fa3891027ff7350b470e3d5062da5b6701ec3845f776b9ce7b5,C:\zyh\work\宇树固件\unitree_R1_Air_Edu_Pro_1.4.2.8\extracted\modules_unpacked\ai_sport_1.0.2.154\ai_sport\module\ai_sport\file\unitree\module\ai_sport\net\motions\mimic_punch\2025-07-27_15-55-47_mu_p_resume\exported\model.onnx,禁止的固件、压缩包、模型、共享库或抓包类型
model.onnx,历史固件研究材料,12669760,12.083,315bc2c1fcd834d6345af3f7e703c801f702cc6d8dc9cb89dd7dda13b7b897c2,C:\zyh\work\宇树固件\unitree_R1_Air_Edu_Pro_1.4.2.8\extracted\modules_unpacked\ai_sport_1.0.2.154\ai_sport\module\ai_sport\file\unitree\module\ai_sport\net\motions\mimic_punch\2025-07-30_08-26-56_norm_adapt_l_speed\exported\model.onnx,禁止的固件、压缩包、模型、共享库或抓包类型
r1_air_tangqi_facedown.onnx,历史固件研究材料,889103,0.848,b77a9f10cff3d7b03e65803e97dd46d8b0622ceb7017318f8d835655222564a3,C:\zyh\work\宇树固件\unitree_R1_Air_Edu_Pro_1.4.2.8\extracted\modules_unpacked\ai_sport_1.0.2.154\ai_sport\module\ai_sport\file\unitree\module\ai_sport\net\motions\qishen\r1_air_tangqi_facedown.onnx,禁止的固件、压缩包、模型、共享库或抓包类型
r1_air_tangqi_faceup.onnx,历史固件研究材料,889103,0.848,74d26661f274f78e1c9109b1f565f4f6c334a9c7db98398af54a7d61ac009c78,C:\zyh\work\宇树固件\unitree_R1_Air_Edu_Pro_1.4.2.8\extracted\modules_unpacked\ai_sport_1.0.2.154\ai_sport\module\ai_sport\file\unitree\module\ai_sport\net\motions\qishen\r1_air_tangqi_faceup.onnx,禁止的固件、压缩包、模型、共享库或抓包类型
r1_mimic_hello1_Sep06_17-15-29_model_50000.onnx,历史固件研究材料,1595905,1.522,351ed3f20ecdeaa087a10b14b8c57b83eb0e6d4048176980b87d8ec6761c7cf7,C:\zyh\work\宇树固件\unitree_R1_Air_Edu_Pro_1.4.2.8\extracted\modules_unpacked\ai_sport_1.0.2.154\ai_sport\module\ai_sport\file\unitree\module\ai_sport\net\motions\simple_motion\r1_mimic_hello1_Sep06_17-15-29_model_50000.onnx,禁止的固件、压缩包、模型、共享库或抓包类型
r1_tangxia_qili.onnx,历史固件研究材料,889103,0.848,7d4180933fe0399e4a380793f9bb830f1f71b8f67ca5c7eea3c84b9498e6c8f4,C:\zyh\work\宇树固件\unitree_R1_Air_Edu_Pro_1.4.2.8\extracted\modules_unpacked\ai_sport_1.0.2.154\ai_sport\module\ai_sport\file\unitree\module\ai_sport\net\motions\tangxia\r1_tangxia_qili.onnx,禁止的固件、压缩包、模型、共享库或抓包类型
libeigenpy.so,历史固件研究材料,19474744,18.573,9f7cd528722bd0278e5d4e21a5dd7d6eb132ef61ed6a8447aeb8bfbd86f96883,C:\zyh\work\宇树固件\unitree_R1_Air_Edu_Pro_1.4.2.8\extracted\modules_unpacked\r1_arm_example_1.0.2.0\r1_arm_example\module\r1_arm_example\file\unitree\module\r1_arm_example\lib\libeigenpy.so,禁止的固件、压缩包、模型、共享库或抓包类型
libhpp-fcl.so,历史固件研究材料,3663584,3.494,c000c8f8f18311e263e309ab1b957b6d7883e198a0a1cc054db933b6c975bfef,C:\zyh\work\宇树固件\unitree_R1_Air_Edu_Pro_1.4.2.8\extracted\modules_unpacked\r1_arm_example_1.0.2.0\r1_arm_example\module\r1_arm_example\file\unitree\module\r1_arm_example\lib\libhpp-fcl.so,禁止的固件、压缩包、模型、共享库或抓包类型
_casadi.cpython-38-aarch64-linux-gnu.so,历史固件研究材料,5800272,5.532,a986d6c1bdb78965fec03b0455f62a309190e78f4e2da5e5aef4a5a09014a3fb,C:\zyh\work\宇树固件\unitree_R1_Air_Edu_Pro_1.4.2.8\extracted\modules_unpacked\r1_arm_example_1.0.2.0\r1_arm_example\module\r1_arm_example\file\unitree\module\r1_arm_example\lib\python3.8\site-packages\casadi\_casadi.cpython-38-aarch64-linux-gnu.so,禁止的固件、压缩包、模型、共享库或抓包类型
hppfcl.cpython-38-aarch64-linux-gnu.so,历史固件研究材料,6311232,6.019,2d64070ef6326e5091ffdb95cb5e086b99123d111c04413ec7a24b04eeadbec0,C:\zyh\work\宇树固件\unitree_R1_Air_Edu_Pro_1.4.2.8\extracted\modules_unpacked\r1_arm_example_1.0.2.0\r1_arm_example\module\r1_arm_example\file\unitree\module\r1_arm_example\lib\python3.8\site-packages\hppfcl\hppfcl.cpython-38-aarch64-linux-gnu.so,禁止的固件、压缩包、模型、共享库或抓包类型
_camera.cpython-38-aarch64-linux-gnu.so,历史固件研究材料,264433,0.252,05fa8882475c9d8f6d45901f1a0f7912959de21415756f0872660f547c5f2be2,C:\zyh\work\宇树固件\unitree_R1_Air_Edu_Pro_1.4.2.8\extracted\modules_unpacked\r1_arm_example_1.0.2.0\r1_arm_example\module\r1_arm_example\file\unitree\module\r1_arm_example\lib\python3.8\site-packages\pygame\_camera.cpython-38-aarch64-linux-gnu.so,禁止的固件、压缩包、模型、共享库或抓包类型
_freetype.cpython-38-aarch64-linux-gnu.so,历史固件研究材料,266377,0.254,31ffb83500eaf25e9dce67e89c3eb434f9f6397231388f57b6dc718f7e81e1aa,C:\zyh\work\宇树固件\unitree_R1_Air_Edu_Pro_1.4.2.8\extracted\modules_unpacked\r1_arm_example_1.0.2.0\r1_arm_example\module\r1_arm_example\file\unitree\module\r1_arm_example\lib\python3.8\site-packages\pygame\_freetype.cpython-38-aarch64-linux-gnu.so,禁止的固件、压缩包、模型、共享库或抓包类型
audio.cpython-38-aarch64-linux-gnu.so,历史固件研究材料,397257,0.379,d38b3bed4992e851015e2acb858b4dbcdabb4dedd19f6a9347c1b5a0eb0fd82e,C:\zyh\work\宇树固件\unitree_R1_Air_Edu_Pro_1.4.2.8\extracted\modules_unpacked\r1_arm_example_1.0.2.0\r1_arm_example\module\r1_arm_example\file\unitree\module\r1_arm_example\lib\python3.8\site-packages\pygame\_sdl2\audio.cpython-38-aarch64-linux-gnu.so,禁止的固件、压缩包、模型、共享库或抓包类型
controller.cpython-38-aarch64-linux-gnu.so,历史固件研究材料,266209,0.254,1eca41b37a2d13ac1bfe5b3230ab57c04f4579cc591a43ea30dbe03657dac95d,C:\zyh\work\宇树固件\unitree_R1_Air_Edu_Pro_1.4.2.8\extracted\modules_unpacked\r1_arm_example_1.0.2.0\r1_arm_example\module\r1_arm_example\file\unitree\module\r1_arm_example\lib\python3.8\site-packages\pygame\_sdl2\controller.cpython-38-aarch64-linux-gnu.so,禁止的固件、压缩包、模型、共享库或抓包类型
mixer.cpython-38-aarch64-linux-gnu.so,历史固件研究材料,331497,0.316,18e0a306464961613c876d2ad69626a004727d4efada1cef0846f60773c10256,C:\zyh\work\宇树固件\unitree_R1_Air_Edu_Pro_1.4.2.8\extracted\modules_unpacked\r1_arm_example_1.0.2.0\r1_arm_example\module\r1_arm_example\file\unitree\module\r1_arm_example\lib\python3.8\site-packages\pygame\_sdl2\mixer.cpython-38-aarch64-linux-gnu.so,禁止的固件、压缩包、模型、共享库或抓包类型
sdl2.cpython-38-aarch64-linux-gnu.so,历史固件研究材料,199281,0.190,a2dd6c51146437e9fa6d67c575f791dc5af5458e681cfb196e4dd8e9c8f7c620,C:\zyh\work\宇树固件\unitree_R1_Air_Edu_Pro_1.4.2.8\extracted\modules_unpacked\r1_arm_example_1.0.2.0\r1_arm_example\module\r1_arm_example\file\unitree\module\r1_arm_example\lib\python3.8\site-packages\pygame\_sdl2\sdl2.cpython-38-aarch64-linux-gnu.so,禁止的固件、压缩包、模型、共享库或抓包类型
touch.cpython-38-aarch64-linux-gnu.so,历史固件研究材料,199097,0.190,66e8e86e3c444faaac68a13d9d78d1fc575667b3cac2b3528edf96bdbd0e8bd0,C:\zyh\work\宇树固件\unitree_R1_Air_Edu_Pro_1.4.2.8\extracted\modules_unpacked\r1_arm_example_1.0.2.0\r1_arm_example\module\r1_arm_example\file\unitree\module\r1_arm_example\lib\python3.8\site-packages\pygame\_sdl2\touch.cpython-38-aarch64-linux-gnu.so,禁止的固件、压缩包、模型、共享库或抓包类型
video.cpython-38-aarch64-linux-gnu.so,历史固件研究材料,530129,0.506,068894065e7617b3c69566e5702b86e7e7c5233550368887284ea388336e254f,C:\zyh\work\宇树固件\unitree_R1_Air_Edu_Pro_1.4.2.8\extracted\modules_unpacked\r1_arm_example_1.0.2.0\r1_arm_example\module\r1_arm_example\file\unitree\module\r1_arm_example\lib\python3.8\site-packages\pygame\_sdl2\video.cpython-38-aarch64-linux-gnu.so,禁止的固件、压缩包、模型、共享库或抓包类型
_sprite.cpython-38-aarch64-linux-gnu.so,历史固件研究材料,664209,0.633,92de48c4f3d4401da5df05b0a7f226b160f583847c443f41793fe89db4734b1a,C:\zyh\work\宇树固件\unitree_R1_Air_Edu_Pro_1.4.2.8\extracted\modules_unpacked\r1_arm_example_1.0.2.0\r1_arm_example\module\r1_arm_example\file\unitree\module\r1_arm_example\lib\python3.8\site-packages\pygame\_sprite.cpython-38-aarch64-linux-gnu.so,禁止的固件、压缩包、模型、共享库或抓包类型
base.cpython-38-aarch64-linux-gnu.so,历史固件研究材料,198681,0.189,2b69dfd6feba142467a77ae38badeeb120c59ae8bed809b4bf1ed7480aa0303e,C:\zyh\work\宇树固件\unitree_R1_Air_Edu_Pro_1.4.2.8\extracted\modules_unpacked\r1_arm_example_1.0.2.0\r1_arm_example\module\r1_arm_example\file\unitree\module\r1_arm_example\lib\python3.8\site-packages\pygame\base.cpython-38-aarch64-linux-gnu.so,禁止的固件、压缩包、模型、共享库或抓包类型
bufferproxy.cpython-38-aarch64-linux-gnu.so,历史固件研究材料,199601,0.190,12f59127d6e25114680272fb3138f69c22d0e76cf51dbabccc21722c4fe3bc5f,C:\zyh\work\宇树固件\unitree_R1_Air_Edu_Pro_1.4.2.8\extracted\modules_unpacked\r1_arm_example_1.0.2.0\r1_arm_example\module\r1_arm_example\file\unitree\module\r1_arm_example\lib\python3.8\site-packages\pygame\bufferproxy.cpython-38-aarch64-linux-gnu.so,禁止的固件、压缩包、模型、共享库或抓包类型
color.cpython-38-aarch64-linux-gnu.so,历史固件研究材料,200417,0.191,9b7f7dd4fd3a962f36a0b20a453efce01db43ea43f4ed179c52e0644bb14070d,C:\zyh\work\宇树固件\unitree_R1_Air_Edu_Pro_1.4.2.8\extracted\modules_unpacked\r1_arm_example_1.0.2.0\r1_arm_example\module\r1_arm_example\file\unitree\module\r1_arm_example\lib\python3.8\site-packages\pygame\color.cpython-38-aarch64-linux-gnu.so,禁止的固件、压缩包、模型、共享库或抓包类型
constants.cpython-38-aarch64-linux-gnu.so,历史固件研究材料,263041,0.251,683567183b242f36aab93a2a4fbdbd5ef206f35bfb7d9511a2930cc41c96f9bc,C:\zyh\work\宇树固件\unitree_R1_Air_Edu_Pro_1.4.2.8\extracted\modules_unpacked\r1_arm_example_1.0.2.0\r1_arm_example\module\r1_arm_example\file\unitree\module\r1_arm_example\lib\python3.8\site-packages\pygame\constants.cpython-38-aarch64-linux-gnu.so,禁止的固件、压缩包、模型、共享库或抓包类型
display.cpython-38-aarch64-linux-gnu.so,历史固件研究材料,200305,0.191,0d4ee6b2dfd1fbd21526dccc74080fda18a1efc72c1fe601e4dc6e8e3c319a59,C:\zyh\work\宇树固件\unitree_R1_Air_Edu_Pro_1.4.2.8\extracted\modules_unpacked\r1_arm_example_1.0.2.0\r1_arm_example\module\r1_arm_example\file\unitree\module\r1_arm_example\lib\python3.8\site-packages\pygame\display.cpython-38-aarch64-linux-gnu.so,禁止的固件、压缩包、模型、共享库或抓包类型
legacy_logos.zip,历史固件研究材料,51315,0.049,ebd0baf233badaa6aeede431df3e94f692e70e100c5caef6459e0f6ad95231d6,C:\zyh\work\宇树固件\unitree_R1_Air_Edu_Pro_1.4.2.8\extracted\modules_unpacked\r1_arm_example_1.0.2.0\r1_arm_example\module\r1_arm_example\file\unitree\module\r1_arm_example\lib\python3.8\site-packages\pygame\docs\generated\_static\legacy_logos.zip,禁止的固件、压缩包、模型、共享库或抓包类型
draw.cpython-38-aarch64-linux-gnu.so,历史固件研究材料,199497,0.190,db582560c384ddd5ac894c2c85543351503a57eb165076191c84aa6decd04683,C:\zyh\work\宇树固件\unitree_R1_Air_Edu_Pro_1.4.2.8\extracted\modules_unpacked\r1_arm_example_1.0.2.0\r1_arm_example\module\r1_arm_example\file\unitree\module\r1_arm_example\lib\python3.8\site-packages\pygame\draw.cpython-38-aarch64-linux-gnu.so,禁止的固件、压缩包、模型、共享库或抓包类型
event.cpython-38-aarch64-linux-gnu.so,历史固件研究材料,199081,0.190,040b3f396959a7ec85162cb237e3c3aa4ce92a6cc3c9ef3fd0cf3e9b4e03c0e5,C:\zyh\work\宇树固件\unitree_R1_Air_Edu_Pro_1.4.2.8\extracted\modules_unpacked\r1_arm_example_1.0.2.0\r1_arm_example\module\r1_arm_example\file\unitree\module\r1_arm_example\lib\python3.8\site-packages\pygame\event.cpython-38-aarch64-linux-gnu.so,禁止的固件、压缩包、模型、共享库或抓包类型
font.cpython-38-aarch64-linux-gnu.so,历史固件研究材料,200881,0.192,3b75497cf161acd27614cf990ab3ff2624747fba5c3ced38c9dcb967ea295779,C:\zyh\work\宇树固件\unitree_R1_Air_Edu_Pro_1.4.2.8\extracted\modules_unpacked\r1_arm_example_1.0.2.0\r1_arm_example\module\r1_arm_example\file\unitree\module\r1_arm_example\lib\python3.8\site-packages\pygame\font.cpython-38-aarch64-linux-gnu.so,禁止的固件、压缩包、模型、共享库或抓包类型
gfxdraw.cpython-38-aarch64-linux-gnu.so,历史固件研究材料,198865,0.190,71710cbe299e9119b8bd6abc9153057fa20feb4de48cf3784526f072efe7c9ec,C:\zyh\work\宇树固件\unitree_R1_Air_Edu_Pro_1.4.2.8\extracted\modules_unpacked\r1_arm_example_1.0.2.0\r1_arm_example\module\r1_arm_example\file\unitree\module\r1_arm_example\lib\python3.8\site-packages\pygame\gfxdraw.cpython-38-aarch64-linux-gnu.so,禁止的固件、压缩包、模型、共享库或抓包类型
image.cpython-38-aarch64-linux-gnu.so,历史固件研究材料,198417,0.189,f12b0ffe72e9531e06d710d405ec405ad9fa2d2c0b9da80e307ebf5a915e8713,C:\zyh\work\宇树固件\unitree_R1_Air_Edu_Pro_1.4.2.8\extracted\modules_unpacked\r1_arm_example_1.0.2.0\r1_arm_example\module\r1_arm_example\file\unitree\module\r1_arm_example\lib\python3.8\site-packages\pygame\image.cpython-38-aarch64-linux-gnu.so,禁止的固件、压缩包、模型、共享库或抓包类型
imageext.cpython-38-aarch64-linux-gnu.so,历史固件研究材料,200185,0.191,2715f5ffa0f08105e9251bc06f810ef46cf186099e3fbeb63b7055bd8836136c,C:\zyh\work\宇树固件\unitree_R1_Air_Edu_Pro_1.4.2.8\extracted\modules_unpacked\r1_arm_example_1.0.2.0\r1_arm_example\module\r1_arm_example\file\unitree\module\r1_arm_example\lib\python3.8\site-packages\pygame\imageext.cpython-38-aarch64-linux-gnu.so,禁止的固件、压缩包、模型、共享库或抓包类型
joystick.cpython-38-aarch64-linux-gnu.so,历史固件研究材料,200153,0.191,a006e3b3c95001be91ae6dfcb8c0e582b46607a1bbc120e851cfd306385588ba,C:\zyh\work\宇树固件\unitree_R1_Air_Edu_Pro_1.4.2.8\extracted\modules_unpacked\r1_arm_example_1.0.2.0\r1_arm_example\module\r1_arm_example\file\unitree\module\r1_arm_example\lib\python3.8\site-packages\pygame\joystick.cpython-38-aarch64-linux-gnu.so,禁止的固件、压缩包、模型、共享库或抓包类型
key.cpython-38-aarch64-linux-gnu.so,历史固件研究材料,199809,0.191,3922a5a3082526d61c7f1a5a7adbc032f9763234671317ccf5b9b32f5c1e2e10,C:\zyh\work\宇树固件\unitree_R1_Air_Edu_Pro_1.4.2.8\extracted\modules_unpacked\r1_arm_example_1.0.2.0\r1_arm_example\module\r1_arm_example\file\unitree\module\r1_arm_example\lib\python3.8\site-packages\pygame\key.cpython-38-aarch64-linux-gnu.so,禁止的固件、压缩包、模型、共享库或抓包类型
mask.cpython-38-aarch64-linux-gnu.so,历史固件研究材料,198545,0.189,4c36f7758e05bbb09f1bf5afe7cf5d8c494d13eb7cdd8b471ca4b4e56bd1154d,C:\zyh\work\宇树固件\unitree_R1_Air_Edu_Pro_1.4.2.8\extracted\modules_unpacked\r1_arm_example_1.0.2.0\r1_arm_example\module\r1_arm_example\file\unitree\module\r1_arm_example\lib\python3.8\site-packages\pygame\mask.cpython-38-aarch64-linux-gnu.so,禁止的固件、压缩包、模型、共享库或抓包类型
math.cpython-38-aarch64-linux-gnu.so,历史固件研究材料,264289,0.252,f6fc6dac72c578e430b951bb53a6ad2eb283e89c34f2e35cff2879ffc0e64d33,C:\zyh\work\宇树固件\unitree_R1_Air_Edu_Pro_1.4.2.8\extracted\modules_unpacked\r1_arm_example_1.0.2.0\r1_arm_example\module\r1_arm_example\file\unitree\module\r1_arm_example\lib\python3.8\site-packages\pygame\math.cpython-38-aarch64-linux-gnu.so,禁止的固件、压缩包、模型、共享库或抓包类型
mixer.cpython-38-aarch64-linux-gnu.so,历史固件研究材料,199201,0.190,19bfefd8d7eea74f60bead36359a9974c554f716add38f5c4fa31cda046cc305,C:\zyh\work\宇树固件\unitree_R1_Air_Edu_Pro_1.4.2.8\extracted\modules_unpacked\r1_arm_example_1.0.2.0\r1_arm_example\module\r1_arm_example\file\unitree\module\r1_arm_example\lib\python3.8\site-packages\pygame\mixer.cpython-38-aarch64-linux-gnu.so,禁止的固件、压缩包、模型、共享库或抓包类型
mixer_music.cpython-38-aarch64-linux-gnu.so,历史固件研究材料,198481,0.189,df2c5a48ed974a4162b2efcaef31f34a04dc8c269b0b78c2d98818189b3f4b76,C:\zyh\work\宇树固件\unitree_R1_Air_Edu_Pro_1.4.2.8\extracted\modules_unpacked\r1_arm_example_1.0.2.0\r1_arm_example\module\r1_arm_example\file\unitree\module\r1_arm_example\lib\python3.8\site-packages\pygame\mixer_music.cpython-38-aarch64-linux-gnu.so,禁止的固件、压缩包、模型、共享库或抓包类型
mouse.cpython-38-aarch64-linux-gnu.so,历史固件研究材料,199945,0.191,93feff2585c8604ca4cf78e2e903844c4bd072dba15fde52425c6d3b4f24fcd8,C:\zyh\work\宇树固件\unitree_R1_Air_Edu_Pro_1.4.2.8\extracted\modules_unpacked\r1_arm_example_1.0.2.0\r1_arm_example\module\r1_arm_example\file\unitree\module\r1_arm_example\lib\python3.8\site-packages\pygame\mouse.cpython-38-aarch64-linux-gnu.so,禁止的固件、压缩包、模型、共享库或抓包类型
newbuffer.cpython-38-aarch64-linux-gnu.so,历史固件研究材料,199457,0.190,218ecb3d1de681f4a09bee1140f68731e8a86f27b9d2fdcedfaf57d78eb2b98f,C:\zyh\work\宇树固件\unitree_R1_Air_Edu_Pro_1.4.2.8\extracted\modules_unpacked\r1_arm_example_1.0.2.0\r1_arm_example\module\r1_arm_example\file\unitree\module\r1_arm_example\lib\python3.8\site-packages\pygame\newbuffer.cpython-38-aarch64-linux-gnu.so,禁止的固件、压缩包、模型、共享库或抓包类型
pixelarray.cpython-38-aarch64-linux-gnu.so,历史固件研究材料,200697,0.191,ad552fd0a80327c0fd250d07bb756d1015a208a85483515a7b1dee389cff7a04,C:\zyh\work\宇树固件\unitree_R1_Air_Edu_Pro_1.4.2.8\extracted\modules_unpacked\r1_arm_example_1.0.2.0\r1_arm_example\module\r1_arm_example\file\unitree\module\r1_arm_example\lib\python3.8\site-packages\pygame\pixelarray.cpython-38-aarch64-linux-gnu.so,禁止的固件、压缩包、模型、共享库或抓包类型
pixelcopy.cpython-38-aarch64-linux-gnu.so,历史固件研究材料,199281,0.190,ac9b94a173342cbb85f60406b055d3274bef8c723b42a1c014c9bf3400652ce3,C:\zyh\work\宇树固件\unitree_R1_Air_Edu_Pro_1.4.2.8\extracted\modules_unpacked\r1_arm_example_1.0.2.0\r1_arm_example\module\r1_arm_example\file\unitree\module\r1_arm_example\lib\python3.8\site-packages\pygame\pixelcopy.cpython-38-aarch64-linux-gnu.so,禁止的固件、压缩包、模型、共享库或抓包类型
pypm.cpython-38-aarch64-linux-gnu.so,历史固件研究材料,265617,0.253,578f67ee91f70135194e12a67cc0be9a92732aabdcc3d5e815a06cd9069537b9,C:\zyh\work\宇树固件\unitree_R1_Air_Edu_Pro_1.4.2.8\extracted\modules_unpacked\r1_arm_example_1.0.2.0\r1_arm_example\module\r1_arm_example\file\unitree\module\r1_arm_example\lib\python3.8\site-packages\pygame\pypm.cpython-38-aarch64-linux-gnu.so,禁止的固件、压缩包、模型、共享库或抓包类型
rect.cpython-38-aarch64-linux-gnu.so,历史固件研究材料,200329,0.191,d1cf23033224c1f42527f359fbfa47eb98fec6c1944c3e06861ce38d163c4a15,C:\zyh\work\宇树固件\unitree_R1_Air_Edu_Pro_1.4.2.8\extracted\modules_unpacked\r1_arm_example_1.0.2.0\r1_arm_example\module\r1_arm_example\file\unitree\module\r1_arm_example\lib\python3.8\site-packages\pygame\rect.cpython-38-aarch64-linux-gnu.so,禁止的固件、压缩包、模型、共享库或抓包类型
rwobject.cpython-38-aarch64-linux-gnu.so,历史固件研究材料,198273,0.189,e856b5e09258c38265cb79384cbd8d3607df780a6b27e26943b1aea31a7bfbc3,C:\zyh\work\宇树固件\unitree_R1_Air_Edu_Pro_1.4.2.8\extracted\modules_unpacked\r1_arm_example_1.0.2.0\r1_arm_example\module\r1_arm_example\file\unitree\module\r1_arm_example\lib\python3.8\site-packages\pygame\rwobject.cpython-38-aarch64-linux-gnu.so,禁止的固件、压缩包、模型、共享库或抓包类型
scrap.cpython-38-aarch64-linux-gnu.so,历史固件研究材料,198393,0.189,93c63c076d34adf2111f09ba834220f4fddb298bd6a0c3da0917d2b40b910b65,C:\zyh\work\宇树固件\unitree_R1_Air_Edu_Pro_1.4.2.8\extracted\modules_unpacked\r1_arm_example_1.0.2.0\r1_arm_example\module\r1_arm_example\file\unitree\module\r1_arm_example\lib\python3.8\site-packages\pygame\scrap.cpython-38-aarch64-linux-gnu.so,禁止的固件、压缩包、模型、共享库或抓包类型
surface.cpython-38-aarch64-linux-gnu.so,历史固件研究材料,396777,0.378,005a4deef552198142a5100b7a860169cf26686456f7cd53d3eb7584d2b99faa,C:\zyh\work\宇树固件\unitree_R1_Air_Edu_Pro_1.4.2.8\extracted\modules_unpacked\r1_arm_example_1.0.2.0\r1_arm_example\module\r1_arm_example\file\unitree\module\r1_arm_example\lib\python3.8\site-packages\pygame\surface.cpython-38-aarch64-linux-gnu.so,禁止的固件、压缩包、模型、共享库或抓包类型
surflock.cpython-38-aarch64-linux-gnu.so,历史固件研究材料,198921,0.190,46c319f40a022355154cccd66a04f67178f01a7ce6ac966033863fbf7965a8a7,C:\zyh\work\宇树固件\unitree_R1_Air_Edu_Pro_1.4.2.8\extracted\modules_unpacked\r1_arm_example_1.0.2.0\r1_arm_example\module\r1_arm_example\file\unitree\module\r1_arm_example\lib\python3.8\site-packages\pygame\surflock.cpython-38-aarch64-linux-gnu.so,禁止的固件、压缩包、模型、共享库或抓包类型
time.cpython-38-aarch64-linux-gnu.so,历史固件研究材料,199705,0.190,889bcb58bfe32e8ef753c1fdf6ca0c28f70d3e0447e248e7451632d51503311d,C:\zyh\work\宇树固件\unitree_R1_Air_Edu_Pro_1.4.2.8\extracted\modules_unpacked\r1_arm_example_1.0.2.0\r1_arm_example\module\r1_arm_example\file\unitree\module\r1_arm_example\lib\python3.8\site-packages\pygame\time.cpython-38-aarch64-linux-gnu.so,禁止的固件、压缩包、模型、共享库或抓包类型
transform.cpython-38-aarch64-linux-gnu.so,历史固件研究材料,198577,0.189,e2a615e95d743afb2a7d0a76d425fcce03ec27147974533c250974011e4b2866,C:\zyh\work\宇树固件\unitree_R1_Air_Edu_Pro_1.4.2.8\extracted\modules_unpacked\r1_arm_example_1.0.2.0\r1_arm_example\module\r1_arm_example\file\unitree\module\r1_arm_example\lib\python3.8\site-packages\pygame\transform.cpython-38-aarch64-linux-gnu.so,禁止的固件、压缩包、模型、共享库或抓包类型
libdw-0-46ed0dd9.176.so,历史固件研究材料,530569,0.506,f8587ea2954cb9f37769952823c72a96178ec48a33ed39cae93e3543cd5c11a7,C:\zyh\work\宇树固件\unitree_R1_Air_Edu_Pro_1.4.2.8\extracted\modules_unpacked\r1_arm_example_1.0.2.0\r1_arm_example\module\r1_arm_example\file\unitree\module\r1_arm_example\lib\python3.8\site-packages\pygame.libs\libdw-0-46ed0dd9.176.so,禁止的固件、压缩包、模型、共享库或抓包类型
libelf-0-ef69846b.176.so,历史固件研究材料,199897,0.191,9ba1686fb1bb3aed17d2b3703cef0e30b58479602404a7d50f6239723ce90ae7,C:\zyh\work\宇树固件\unitree_R1_Air_Edu_Pro_1.4.2.8\extracted\modules_unpacked\r1_arm_example_1.0.2.0\r1_arm_example\module\r1_arm_example\file\unitree\module\r1_arm_example\lib\python3.8\site-packages\pygame.libs\libelf-0-ef69846b.176.so,禁止的固件、压缩包、模型、共享库或抓包类型
libpulsecommon-14-04b39759.2.so,历史固件研究材料,676185,0.645,6a0341e902409350c7f72d1015923927976541ce9e3e45e8781976ebd02409de,C:\zyh\work\宇树固件\unitree_R1_Air_Edu_Pro_1.4.2.8\extracted\modules_unpacked\r1_arm_example_1.0.2.0\r1_arm_example\module\r1_arm_example\file\unitree\module\r1_arm_example\lib\python3.8\site-packages\pygame.libs\libpulsecommon-14-04b39759.2.so,禁止的固件、压缩包、模型、共享库或抓包类型
_ccallback_c.cpython-38-aarch64-linux-gnu.so,历史固件研究材料,92696,0.088,556bb7a0ac4539a7e0c5a06b89b383d5984ebabfe4989a6f30ff5fbfacdd44cb,C:\zyh\work\宇树固件\unitree_R1_Air_Edu_Pro_1.4.2.8\extracted\modules_unpacked\r1_arm_example_1.0.2.0\r1_arm_example\module\r1_arm_example\file\unitree\module\r1_arm_example\lib\python3.8\site-packages\scipy\_lib\_ccallback_c.cpython-38-aarch64-linux-gnu.so,禁止的固件、压缩包、模型、共享库或抓包类型
_fpumode.cpython-38-aarch64-linux-gnu.so,历史固件研究材料,70128,0.067,ae7913948c5846fce88e419d46a745334629110ff1be941715b218740fa23a47,C:\zyh\work\宇树固件\unitree_R1_Air_Edu_Pro_1.4.2.8\extracted\modules_unpacked\r1_arm_example_1.0.2.0\r1_arm_example\module\r1_arm_example\file\unitree\module\r1_arm_example\lib\python3.8\site-packages\scipy\_lib\_fpumode.cpython-38-aarch64-linux-gnu.so,禁止的固件、压缩包、模型、共享库或抓包类型
_test_ccallback.cpython-38-aarch64-linux-gnu.so,历史固件研究材料,73024,0.070,d4c2cedd76b404a87e823210e6379358673ef6382ec8f3505e586096b8d61221,C:\zyh\work\宇树固件\unitree_R1_Air_Edu_Pro_1.4.2.8\extracted\modules_unpacked\r1_arm_example_1.0.2.0\r1_arm_example\module\r1_arm_example\file\unitree\module\r1_arm_example\lib\python3.8\site-packages\scipy\_lib\_test_ccallback.cpython-38-aarch64-linux-gnu.so,禁止的固件、压缩包、模型、共享库或抓包类型
_uarray.cpython-38-aarch64-linux-gnu.so,历史固件研究材料,196208,0.187,e930dbb1c44d1f30ac020acd000d5e2c1d6059a85fdc94dd319813f12e8b386a,C:\zyh\work\宇树固件\unitree_R1_Air_Edu_Pro_1.4.2.8\extracted\modules_unpacked\r1_arm_example_1.0.2.0\r1_arm_example\module\r1_arm_example\file\unitree\module\r1_arm_example\lib\python3.8\site-packages\scipy\_lib\_uarray\_uarray.cpython-38-aarch64-linux-gnu.so,禁止的固件、压缩包、模型、共享库或抓包类型
messagestream.cpython-38-aarch64-linux-gnu.so,历史固件研究材料,83704,0.080,57323d6de15988e796e452fa83565a5c4fdff36de1b37aabf71d2c1cb9a3b7bb,C:\zyh\work\宇树固件\unitree_R1_Air_Edu_Pro_1.4.2.8\extracted\modules_unpacked\r1_arm_example_1.0.2.0\r1_arm_example\module\r1_arm_example\file\unitree\module\r1_arm_example\lib\python3.8\site-packages\scipy\_lib\messagestream.cpython-38-aarch64-linux-gnu.so,禁止的固件、压缩包、模型、共享库或抓包类型
_hierarchy.cpython-38-aarch64-linux-gnu.so,历史固件研究材料,415744,0.396,37a162fe81019546fe2985bc653e0c8f9b36c11f878f63d3b398bb00296b7d5d,C:\zyh\work\宇树固件\unitree_R1_Air_Edu_Pro_1.4.2.8\extracted\modules_unpacked\r1_arm_example_1.0.2.0\r1_arm_example\module\r1_arm_example\file\unitree\module\r1_arm_example\lib\python3.8\site-packages\scipy\cluster\_hierarchy.cpython-38-aarch64-linux-gnu.so,禁止的固件、压缩包、模型、共享库或抓包类型
_vq.cpython-38-aarch64-linux-gnu.so,历史固件研究材料,155592,0.148,ecc18fda6523db7840cd2eacbbc7bb831db1040abcf8debdc6ce40a2c3e27a0d,C:\zyh\work\宇树固件\unitree_R1_Air_Edu_Pro_1.4.2.8\extracted\modules_unpacked\r1_arm_example_1.0.2.0\r1_arm_example\module\r1_arm_example\file\unitree\module\r1_arm_example\lib\python3.8\site-packages\scipy\cluster\_vq.cpython-38-aarch64-linux-gnu.so,禁止的固件、压缩包、模型、共享库或抓包类型
convolve.cpython-38-aarch64-linux-gnu.so,历史固件研究材料,249496,0.238,eea2ab972803beed541c583552815e3eece1e3be102182ea7f456dcbcfd36dde,C:\zyh\work\宇树固件\unitree_R1_Air_Edu_Pro_1.4.2.8\extracted\modules_unpacked\r1_arm_example_1.0.2.0\r1_arm_example\module\r1_arm_example\file\unitree\module\r1_arm_example\lib\python3.8\site-packages\scipy\fftpack\convolve.cpython-38-aarch64-linux-gnu.so,禁止的固件、压缩包、模型、共享库或抓包类型
_dop.cpython-38-aarch64-linux-gnu.so,历史固件研究材料,198697,0.189,605d1bcccb2c8794d6f69561f23c29f1b2d76832a6c4ea6f576eb9cc20e5d2cf,C:\zyh\work\宇树固件\unitree_R1_Air_Edu_Pro_1.4.2.8\extracted\modules_unpacked\r1_arm_example_1.0.2.0\r1_arm_example\module\r1_arm_example\file\unitree\module\r1_arm_example\lib\python3.8\site-packages\scipy\integrate\_dop.cpython-38-aarch64-linux-gnu.so,禁止的固件、压缩包、模型、共享库或抓包类型
_lsoda.cpython-38-aarch64-linux-gnu.so,历史固件研究材料,198905,0.190,97280c268bef114424ee15673375e13ba7592e4e571aaac196e80b6115233f67,C:\zyh\work\宇树固件\unitree_R1_Air_Edu_Pro_1.4.2.8\extracted\modules_unpacked\r1_arm_example_1.0.2.0\r1_arm_example\module\r1_arm_example\file\unitree\module\r1_arm_example\lib\python3.8\site-packages\scipy\integrate\_lsoda.cpython-38-aarch64-linux-gnu.so,禁止的固件、压缩包、模型、共享库或抓包类型
_odepack.cpython-38-aarch64-linux-gnu.so,历史固件研究材料,198185,0.189,db7e0fea646583e3ed7cfd6dde84f8b9483103b0694070c873f743316164aea4,C:\zyh\work\宇树固件\unitree_R1_Air_Edu_Pro_1.4.2.8\extracted\modules_unpacked\r1_arm_example_1.0.2.0\r1_arm_example\module\r1_arm_example\file\unitree\module\r1_arm_example\lib\python3.8\site-packages\scipy\integrate\_odepack.cpython-38-aarch64-linux-gnu.so,禁止的固件、压缩包、模型、共享库或抓包类型
_quadpack.cpython-38-aarch64-linux-gnu.so,历史固件研究材料,198257,0.189,f5a404eeab103ba809e9fffc32351820a25ebba2d1ed0d3435f68f2fc37a00e3,C:\zyh\work\宇树固件\unitree_R1_Air_Edu_Pro_1.4.2.8\extracted\modules_unpacked\r1_arm_example_1.0.2.0\r1_arm_example\module\r1_arm_example\file\unitree\module\r1_arm_example\lib\python3.8\site-packages\scipy\integrate\_quadpack.cpython-38-aarch64-linux-gnu.so,禁止的固件、压缩包、模型、共享库或抓包类型
_vode.cpython-38-aarch64-linux-gnu.so,历史固件研究材料,264457,0.252,938c484f784686af2ccda00003c06793929632381595b4f7f3cdc010fa2c619b,C:\zyh\work\宇树固件\unitree_R1_Air_Edu_Pro_1.4.2.8\extracted\modules_unpacked\r1_arm_example_1.0.2.0\r1_arm_example\module\r1_arm_example\file\unitree\module\r1_arm_example\lib\python3.8\site-packages\scipy\integrate\_vode.cpython-38-aarch64-linux-gnu.so,禁止的固件、压缩包、模型、共享库或抓包类型
_bspl.cpython-38-aarch64-linux-gnu.so,历史固件研究材料,334680,0.319,a983cdf1181f8a9006ef718a7e22f8ad2e73181b5a1ea693934e3e716bc41c86,C:\zyh\work\宇树固件\unitree_R1_Air_Edu_Pro_1.4.2.8\extracted\modules_unpacked\r1_arm_example_1.0.2.0\r1_arm_example\module\r1_arm_example\file\unitree\module\r1_arm_example\lib\python3.8\site-packages\scipy\interpolate\_bspl.cpython-38-aarch64-linux-gnu.so,禁止的固件、压缩包、模型、共享库或抓包类型
_fitpack.cpython-38-aarch64-linux-gnu.so,历史固件研究材料,263497,0.251,42cd0a68503b1aa4abf06eca4462ed4b1934a978f2e1308f21c249ab3560aa61,C:\zyh\work\宇树固件\unitree_R1_Air_Edu_Pro_1.4.2.8\extracted\modules_unpacked\r1_arm_example_1.0.2.0\r1_arm_example\module\r1_arm_example\file\unitree\module\r1_arm_example\lib\python3.8\site-packages\scipy\interpolate\_fitpack.cpython-38-aarch64-linux-gnu.so,禁止的固件、压缩包、模型、共享库或抓包类型
_ppoly.cpython-38-aarch64-linux-gnu.so,历史固件研究材料,404864,0.386,2c5e675d73c5a5b7b87eb771f760929bfd9d38df3a756f31528181962578399d,C:\zyh\work\宇树固件\unitree_R1_Air_Edu_Pro_1.4.2.8\extracted\modules_unpacked\r1_arm_example_1.0.2.0\r1_arm_example\module\r1_arm_example\file\unitree\module\r1_arm_example\lib\python3.8\site-packages\scipy\interpolate\_ppoly.cpython-38-aarch64-linux-gnu.so,禁止的固件、压缩包、模型、共享库或抓包类型
_rgi_cython.cpython-38-aarch64-linux-gnu.so,历史固件研究材料,252712,0.241,0725a2df8b86f2a09b3673c533fc1b33fc943febd2f4f82df9d3b9beba55087f,C:\zyh\work\宇树固件\unitree_R1_Air_Edu_Pro_1.4.2.8\extracted\modules_unpacked\r1_arm_example_1.0.2.0\r1_arm_example\module\r1_arm_example\file\unitree\module\r1_arm_example\lib\python3.8\site-packages\scipy\interpolate\_rgi_cython.cpython-38-aarch64-linux-gnu.so,禁止的固件、压缩包、模型、共享库或抓包类型
dfitpack.cpython-38-aarch64-linux-gnu.so,历史固件研究材料,395209,0.377,168b6e576674fb8046988942416107fb6563e912a34857e0a514367eac3fb14e,C:\zyh\work\宇树固件\unitree_R1_Air_Edu_Pro_1.4.2.8\extracted\modules_unpacked\r1_arm_example_1.0.2.0\r1_arm_example\module\r1_arm_example\file\unitree\module\r1_arm_example\lib\python3.8\site-packages\scipy\interpolate\dfitpack.cpython-38-aarch64-linux-gnu.so,禁止的固件、压缩包、模型、共享库或抓包类型
interpnd.cpython-38-aarch64-linux-gnu.so,历史固件研究材料,406408,0.388,a02a5bcd242101afbe94f5626ec2baec92bfab1ed83c5f4ed9a6ea3f78da70b2,C:\zyh\work\宇树固件\unitree_R1_Air_Edu_Pro_1.4.2.8\extracted\modules_unpacked\r1_arm_example_1.0.2.0\r1_arm_example\module\r1_arm_example\file\unitree\module\r1_arm_example\lib\python3.8\site-packages\scipy\interpolate\interpnd.cpython-38-aarch64-linux-gnu.so,禁止的固件、压缩包、模型、共享库或抓包类型
_test_fortran.cpython-38-aarch64-linux-gnu.so,历史固件研究材料,198473,0.189,8aac24aebc4e55e05226ac6819c29aca35db90eaec5800f9978acaa83db4c22a,C:\zyh\work\宇树固件\unitree_R1_Air_Edu_Pro_1.4.2.8\extracted\modules_unpacked\r1_arm_example_1.0.2.0\r1_arm_example\module\r1_arm_example\file\unitree\module\r1_arm_example\lib\python3.8\site-packages\scipy\io\_test_fortran.cpython-38-aarch64-linux-gnu.so,禁止的固件、压缩包、模型、共享库或抓包类型
_mio5_utils.cpython-38-aarch64-linux-gnu.so,历史固件研究材料,250848,0.239,5dff1ee36bb2fc78dc48d483ad040c52293cd0744ce331e9d0d10f5ac6324083,C:\zyh\work\宇树固件\unitree_R1_Air_Edu_Pro_1.4.2.8\extracted\modules_unpacked\r1_arm_example_1.0.2.0\r1_arm_example\module\r1_arm_example\file\unitree\module\r1_arm_example\lib\python3.8\site-packages\scipy\io\matlab\_mio5_utils.cpython-38-aarch64-linux-gnu.so,禁止的固件、压缩包、模型、共享库或抓包类型
_mio_utils.cpython-38-aarch64-linux-gnu.so,历史固件研究材料,80576,0.077,a55714d1b262eae0ecf925b7078aba7a3a6e36aea4e022f25ad1034130c90141,C:\zyh\work\宇树固件\unitree_R1_Air_Edu_Pro_1.4.2.8\extracted\modules_unpacked\r1_arm_example_1.0.2.0\r1_arm_example\module\r1_arm_example\file\unitree\module\r1_arm_example\lib\python3.8\site-packages\scipy\io\matlab\_mio_utils.cpython-38-aarch64-linux-gnu.so,禁止的固件、压缩包、模型、共享库或抓包类型
_streams.cpython-38-aarch64-linux-gnu.so,历史固件研究材料,161616,0.154,1d0e582d308640962a26412247e665723391772c9f46917c96091af1548214ec,C:\zyh\work\宇树固件\unitree_R1_Air_Edu_Pro_1.4.2.8\extracted\modules_unpacked\r1_arm_example_1.0.2.0\r1_arm_example\module\r1_arm_example\file\unitree\module\r1_arm_example\lib\python3.8\site-packages\scipy\io\matlab\_streams.cpython-38-aarch64-linux-gnu.so,禁止的固件、压缩包、模型、共享库或抓包类型
_decomp_update.cpython-38-aarch64-linux-gnu.so,历史固件研究材料,321472,0.307,cb73a03d9001bfe6b3342a3acb62f8fad39036ad298e34aae7ca6a24706c2b81,C:\zyh\work\宇树固件\unitree_R1_Air_Edu_Pro_1.4.2.8\extracted\modules_unpacked\r1_arm_example_1.0.2.0\r1_arm_example\module\r1_arm_example\file\unitree\module\r1_arm_example\lib\python3.8\site-packages\scipy\linalg\_decomp_update.cpython-38-aarch64-linux-gnu.so,禁止的固件、压缩包、模型、共享库或抓包类型
_fblas.cpython-38-aarch64-linux-gnu.so,历史固件研究材料,723761,0.690,48acbfb38310c3b06e8f27b1aca982525a5ac911d67f281af8b56fba1dcfed8d,C:\zyh\work\宇树固件\unitree_R1_Air_Edu_Pro_1.4.2.8\extracted\modules_unpacked\r1_arm_example_1.0.2.0\r1_arm_example\module\r1_arm_example\file\unitree\module\r1_arm_example\lib\python3.8\site-packages\scipy\linalg\_fblas.cpython-38-aarch64-linux-gnu.so,禁止的固件、压缩包、模型、共享库或抓包类型
_flapack.cpython-38-aarch64-linux-gnu.so,历史固件研究材料,2168593,2.068,77daf42b3a2684d63174f026b276de07bb7e26358b27236a0d297e28cf7de4fb,C:\zyh\work\宇树固件\unitree_R1_Air_Edu_Pro_1.4.2.8\extracted\modules_unpacked\r1_arm_example_1.0.2.0\r1_arm_example\module\r1_arm_example\file\unitree\module\r1_arm_example\lib\python3.8\site-packages\scipy\linalg\_flapack.cpython-38-aarch64-linux-gnu.so,禁止的固件、压缩包、模型、共享库或抓包类型
_flinalg.cpython-38-aarch64-linux-gnu.so,历史固件研究材料,198329,0.189,e25660792a29e5707b79a502ef9c0d5d6c5027409626b164bc555cabed705600,C:\zyh\work\宇树固件\unitree_R1_Air_Edu_Pro_1.4.2.8\extracted\modules_unpacked\r1_arm_example_1.0.2.0\r1_arm_example\module\r1_arm_example\file\unitree\module\r1_arm_example\lib\python3.8\site-packages\scipy\linalg\_flinalg.cpython-38-aarch64-linux-gnu.so,禁止的固件、压缩包、模型、共享库或抓包类型
_interpolative.cpython-38-aarch64-linux-gnu.so,历史固件研究材料,526561,0.502,0f1c793cdc5100c8106fa374577f9a9d96c5a221bea17424281fa5f3977106a1,C:\zyh\work\宇树固件\unitree_R1_Air_Edu_Pro_1.4.2.8\extracted\modules_unpacked\r1_arm_example_1.0.2.0\r1_arm_example\module\r1_arm_example\file\unitree\module\r1_arm_example\lib\python3.8\site-packages\scipy\linalg\_interpolative.cpython-38-aarch64-linux-gnu.so,禁止的固件、压缩包、模型、共享库或抓包类型
_matfuncs_expm.cpython-38-aarch64-linux-gnu.so,历史固件研究材料,401808,0.383,dcb4abfecc31668a3dd73b590ea196e6df1e8c6b65fa0342f0c3fcec566e73ac,C:\zyh\work\宇树固件\unitree_R1_Air_Edu_Pro_1.4.2.8\extracted\modules_unpacked\r1_arm_example_1.0.2.0\r1_arm_example\module\r1_arm_example\file\unitree\module\r1_arm_example\lib\python3.8\site-packages\scipy\linalg\_matfuncs_expm.cpython-38-aarch64-linux-gnu.so,禁止的固件、压缩包、模型、共享库或抓包类型
_solve_toeplitz.cpython-38-aarch64-linux-gnu.so,历史固件研究材料,254592,0.243,ce3c3497585027879239a160559be022305aa93d73bb7788031c438dbaf5b5ee,C:\zyh\work\宇树固件\unitree_R1_Air_Edu_Pro_1.4.2.8\extracted\modules_unpacked\r1_arm_example_1.0.2.0\r1_arm_example\module\r1_arm_example\file\unitree\module\r1_arm_example\lib\python3.8\site-packages\scipy\linalg\_solve_toeplitz.cpython-38-aarch64-linux-gnu.so,禁止的固件、压缩包、模型、共享库或抓包类型
cython_blas.cpython-38-aarch64-linux-gnu.so,历史固件研究材料,397689,0.379,68fb0db2ae523e7450036e985eb8cd7f96ccec3783e52e40deff7892314757a0,C:\zyh\work\宇树固件\unitree_R1_Air_Edu_Pro_1.4.2.8\extracted\modules_unpacked\r1_arm_example_1.0.2.0\r1_arm_example\module\r1_arm_example\file\unitree\module\r1_arm_example\lib\python3.8\site-packages\scipy\linalg\cython_blas.cpython-38-aarch64-linux-gnu.so,禁止的固件、压缩包、模型、共享库或抓包类型
cython_lapack.cpython-38-aarch64-linux-gnu.so,历史固件研究材料,865801,0.826,33e5269372c462a0f803d8b3d1b6c59f649454fe48b139fac0b80ece4bf6fa11,C:\zyh\work\宇树固件\unitree_R1_Air_Edu_Pro_1.4.2.8\extracted\modules_unpacked\r1_arm_example_1.0.2.0\r1_arm_example\module\r1_arm_example\file\unitree\module\r1_arm_example\lib\python3.8\site-packages\scipy\linalg\cython_lapack.cpython-38-aarch64-linux-gnu.so,禁止的固件、压缩包、模型、共享库或抓包类型
_ctest.cpython-38-aarch64-linux-gnu.so,历史固件研究材料,70736,0.067,919a747ef7fad149bfc8a9133b8e522bf3b85f1d8a97d8487efdc6eaebdcda95,C:\zyh\work\宇树固件\unitree_R1_Air_Edu_Pro_1.4.2.8\extracted\modules_unpacked\r1_arm_example_1.0.2.0\r1_arm_example\module\r1_arm_example\file\unitree\module\r1_arm_example\lib\python3.8\site-packages\scipy\ndimage\_ctest.cpython-38-aarch64-linux-gnu.so,禁止的固件、压缩包、模型、共享库或抓包类型
_cytest.cpython-38-aarch64-linux-gnu.so,历史固件研究材料,82144,0.078,c9d71ee16fbf5b9b85065122aa990170ec1af34bd29b3fb9c45a98453664a456,C:\zyh\work\宇树固件\unitree_R1_Air_Edu_Pro_1.4.2.8\extracted\modules_unpacked\r1_arm_example_1.0.2.0\r1_arm_example\module\r1_arm_example\file\unitree\module\r1_arm_example\lib\python3.8\site-packages\scipy\ndimage\_cytest.cpython-38-aarch64-linux-gnu.so,禁止的固件、压缩包、模型、共享库或抓包类型
_nd_image.cpython-38-aarch64-linux-gnu.so,历史固件研究材料,144120,0.137,535d930899e1c61d838f56852c6c22a0a7e976c60d1b4a76d1a2e4a2261cd6b5,C:\zyh\work\宇树固件\unitree_R1_Air_Edu_Pro_1.4.2.8\extracted\modules_unpacked\r1_arm_example_1.0.2.0\r1_arm_example\module\r1_arm_example\file\unitree\module\r1_arm_example\lib\python3.8\site-packages\scipy\ndimage\_nd_image.cpython-38-aarch64-linux-gnu.so,禁止的固件、压缩包、模型、共享库或抓包类型
_ni_label.cpython-38-aarch64-linux-gnu.so,历史固件研究材料,330072,0.315,e99e6208386f1afb9e15efefab9ab99b1702544ea46c727bd62660988a0c71bc,C:\zyh\work\宇树固件\unitree_R1_Air_Edu_Pro_1.4.2.8\extracted\modules_unpacked\r1_arm_example_1.0.2.0\r1_arm_example\module\r1_arm_example\file\unitree\module\r1_arm_example\lib\python3.8\site-packages\scipy\ndimage\_ni_label.cpython-38-aarch64-linux-gnu.so,禁止的固件、压缩包、模型、共享库或抓包类型
__odrpack.cpython-38-aarch64-linux-gnu.so,历史固件研究材料,329401,0.314,1b01ed17ecaf71ed54a28fd5d368633e269e13623f33a5e4c1790fba20859068,C:\zyh\work\宇树固件\unitree_R1_Air_Edu_Pro_1.4.2.8\extracted\modules_unpacked\r1_arm_example_1.0.2.0\r1_arm_example\module\r1_arm_example\file\unitree\module\r1_arm_example\lib\python3.8\site-packages\scipy\odr\__odrpack.cpython-38-aarch64-linux-gnu.so,禁止的固件、压缩包、模型、共享库或抓包类型
__nnls.cpython-38-aarch64-linux-gnu.so,历史固件研究材料,198329,0.189,1fa09a40a808b92fef9842fb84b879efb63d0fc39cffb3da0fa442d6ea23a690,C:\zyh\work\宇树固件\unitree_R1_Air_Edu_Pro_1.4.2.8\extracted\modules_unpacked\r1_arm_example_1.0.2.0\r1_arm_example\module\r1_arm_example\file\unitree\module\r1_arm_example\lib\python3.8\site-packages\scipy\optimize\__nnls.cpython-38-aarch64-linux-gnu.so,禁止的固件、压缩包、模型、共享库或抓包类型
_bglu_dense.cpython-38-aarch64-linux-gnu.so,历史固件研究材料,333448,0.318,9fdb630cb13d2b5d4ee97df700262ce7eed19ca7fd96f215103ca2a579ccb599,C:\zyh\work\宇树固件\unitree_R1_Air_Edu_Pro_1.4.2.8\extracted\modules_unpacked\r1_arm_example_1.0.2.0\r1_arm_example\module\r1_arm_example\file\unitree\module\r1_arm_example\lib\python3.8\site-packages\scipy\optimize\_bglu_dense.cpython-38-aarch64-linux-gnu.so,禁止的固件、压缩包、模型、共享库或抓包类型
_cobyla.cpython-38-aarch64-linux-gnu.so,历史固件研究材料,198649,0.189,1ba79736b0de5795136464e6e68894464003b7253e9e766f4682bdec84694ba1,C:\zyh\work\宇树固件\unitree_R1_Air_Edu_Pro_1.4.2.8\extracted\modules_unpacked\r1_arm_example_1.0.2.0\r1_arm_example\module\r1_arm_example\file\unitree\module\r1_arm_example\lib\python3.8\site-packages\scipy\optimize\_cobyla.cpython-38-aarch64-linux-gnu.so,禁止的固件、压缩包、模型、共享库或抓包类型
_direct.cpython-38-aarch64-linux-gnu.so,历史固件研究材料,72904,0.070,90feff19c923497f926a252c0d2dd3042f7075067c6697e1b1da82b8a7c89f1f,C:\zyh\work\宇树固件\unitree_R1_Air_Edu_Pro_1.4.2.8\extracted\modules_unpacked\r1_arm_example_1.0.2.0\r1_arm_example\module\r1_arm_example\file\unitree\module\r1_arm_example\lib\python3.8\site-packages\scipy\optimize\_direct.cpython-38-aarch64-linux-gnu.so,禁止的固件、压缩包、模型、共享库或抓包类型
_group_columns.cpython-38-aarch64-linux-gnu.so,历史固件研究材料,157048,0.150,88b778c0ae4c05b426c0917e8e6387af1956ce982f575c7c09442d06bccfb610,C:\zyh\work\宇树固件\unitree_R1_Air_Edu_Pro_1.4.2.8\extracted\modules_unpacked\r1_arm_example_1.0.2.0\r1_arm_example\module\r1_arm_example\file\unitree\module\r1_arm_example\lib\python3.8\site-packages\scipy\optimize\_group_columns.cpython-38-aarch64-linux-gnu.so,禁止的固件、压缩包、模型、共享库或抓包类型
_lbfgsb.cpython-38-aarch64-linux-gnu.so,历史固件研究材料,264297,0.252,ca3f3c9c8d9f1feaf114b04fa6fcf76a43ba568ec3616d4e78851652ae7822d0,C:\zyh\work\宇树固件\unitree_R1_Air_Edu_Pro_1.4.2.8\extracted\modules_unpacked\r1_arm_example_1.0.2.0\r1_arm_example\module\r1_arm_example\file\unitree\module\r1_arm_example\lib\python3.8\site-packages\scipy\optimize\_lbfgsb.cpython-38-aarch64-linux-gnu.so,禁止的固件、压缩包、模型、共享库或抓包类型
_lsap.cpython-38-aarch64-linux-gnu.so,历史固件研究材料,72968,0.070,6fa8f79e163a2a11cfef95f2ea2abad851717cbbab2eea8388da6f1df7c422d3,C:\zyh\work\宇树固件\unitree_R1_Air_Edu_Pro_1.4.2.8\extracted\modules_unpacked\r1_arm_example_1.0.2.0\r1_arm_example\module\r1_arm_example\file\unitree\module\r1_arm_example\lib\python3.8\site-packages\scipy\optimize\_lsap.cpython-38-aarch64-linux-gnu.so,禁止的固件、压缩包、模型、共享库或抓包类型
_minpack.cpython-38-aarch64-linux-gnu.so,历史固件研究材料,75952,0.072,b90889ac7e32a5e09b5158aebba8857d347e93a01657683b6b0e09fe19e4ad0d,C:\zyh\work\宇树固件\unitree_R1_Air_Edu_Pro_1.4.2.8\extracted\modules_unpacked\r1_arm_example_1.0.2.0\r1_arm_example\module\r1_arm_example\file\unitree\module\r1_arm_example\lib\python3.8\site-packages\scipy\optimize\_minpack.cpython-38-aarch64-linux-gnu.so,禁止的固件、压缩包、模型、共享库或抓包类型
_minpack2.cpython-38-aarch64-linux-gnu.so,历史固件研究材料,77648,0.074,63451e2d96faa8b2663a2ef472ab5ad88b667ed1d64c16d9e8c9556f6650957b,C:\zyh\work\宇树固件\unitree_R1_Air_Edu_Pro_1.4.2.8\extracted\modules_unpacked\r1_arm_example_1.0.2.0\r1_arm_example\module\r1_arm_example\file\unitree\module\r1_arm_example\lib\python3.8\site-packages\scipy\optimize\_minpack2.cpython-38-aarch64-linux-gnu.so,禁止的固件、压缩包、模型、共享库或抓包类型
_moduleTNC.cpython-38-aarch64-linux-gnu.so,历史固件研究材料,156256,0.149,323b8de2241851798ec84892fe752671b9407809dd8b38a582f1b80bafe03e22,C:\zyh\work\宇树固件\unitree_R1_Air_Edu_Pro_1.4.2.8\extracted\modules_unpacked\r1_arm_example_1.0.2.0\r1_arm_example\module\r1_arm_example\file\unitree\module\r1_arm_example\lib\python3.8\site-packages\scipy\optimize\_moduleTNC.cpython-38-aarch64-linux-gnu.so,禁止的固件、压缩包、模型、共享库或抓包类型
_slsqp.cpython-38-aarch64-linux-gnu.so,历史固件研究材料,78624,0.075,04d896eef8e3683ef060447a1b444c08963607e284eb0f317035faca18b84752,C:\zyh\work\宇树固件\unitree_R1_Air_Edu_Pro_1.4.2.8\extracted\modules_unpacked\r1_arm_example_1.0.2.0\r1_arm_example\module\r1_arm_example\file\unitree\module\r1_arm_example\lib\python3.8\site-packages\scipy\optimize\_slsqp.cpython-38-aarch64-linux-gnu.so,禁止的固件、压缩包、模型、共享库或抓包类型
_trlib.cpython-38-aarch64-linux-gnu.so,历史固件研究材料,397025,0.379,79d3f1846258e11b203e078bb046584142a38285089fba6bd80932b0fafd931e,C:\zyh\work\宇树固件\unitree_R1_Air_Edu_Pro_1.4.2.8\extracted\modules_unpacked\r1_arm_example_1.0.2.0\r1_arm_example\module\r1_arm_example\file\unitree\module\r1_arm_example\lib\python3.8\site-packages\scipy\optimize\_trlib\_trlib.cpython-38-aarch64-linux-gnu.so,禁止的固件、压缩包、模型、共享库或抓包类型
_zeros.cpython-38-aarch64-linux-gnu.so,历史固件研究材料,71648,0.068,4b93d7f46b2c21c4d77fde047efbd734f9925a94fc5d0776b05e6e3cfa6ed7d9,C:\zyh\work\宇树固件\unitree_R1_Air_Edu_Pro_1.4.2.8\extracted\modules_unpacked\r1_arm_example_1.0.2.0\r1_arm_example\module\r1_arm_example\file\unitree\module\r1_arm_example\lib\python3.8\site-packages\scipy\optimize\_zeros.cpython-38-aarch64-linux-gnu.so,禁止的固件、压缩包、模型、共享库或抓包类型
_sigtools.cpython-38-aarch64-linux-gnu.so,历史固件研究材料,144040,0.137,0e4db3602f592a5e4dbef130894334839241d38e55b2a5f0d16b0934a11a7dab,C:\zyh\work\宇树固件\unitree_R1_Air_Edu_Pro_1.4.2.8\extracted\modules_unpacked\r1_arm_example_1.0.2.0\r1_arm_example\module\r1_arm_example\file\unitree\module\r1_arm_example\lib\python3.8\site-packages\scipy\signal\_sigtools.cpython-38-aarch64-linux-gnu.so,禁止的固件、压缩包、模型、共享库或抓包类型
_sosfilt.cpython-38-aarch64-linux-gnu.so,历史固件研究材料,318616,0.304,c5a22ad551eaa36795b61c5ffd1561fa0cae4429dcc2a594b12448430796ef37,C:\zyh\work\宇树固件\unitree_R1_Air_Edu_Pro_1.4.2.8\extracted\modules_unpacked\r1_arm_example_1.0.2.0\r1_arm_example\module\r1_arm_example\file\unitree\module\r1_arm_example\lib\python3.8\site-packages\scipy\signal\_sosfilt.cpython-38-aarch64-linux-gnu.so,禁止的固件、压缩包、模型、共享库或抓包类型
_spectral.cpython-38-aarch64-linux-gnu.so,历史固件研究材料,90464,0.086,1a2926b6f8e273f4062e5da6fe33ac8001aef3b2e9f6f771078c509308aedcc5,C:\zyh\work\宇树固件\unitree_R1_Air_Edu_Pro_1.4.2.8\extracted\modules_unpacked\r1_arm_example_1.0.2.0\r1_arm_example\module\r1_arm_example\file\unitree\module\r1_arm_example\lib\python3.8\site-packages\scipy\signal\_spectral.cpython-38-aarch64-linux-gnu.so,禁止的固件、压缩包、模型、共享库或抓包类型
_spline.cpython-38-aarch64-linux-gnu.so,历史固件研究材料,77712,0.074,f4e0373fbe18012d586e13d6ba7c0d7c1f2779eebff3135e7dc3ef3c0a15e959,C:\zyh\work\宇树固件\unitree_R1_Air_Edu_Pro_1.4.2.8\extracted\modules_unpacked\r1_arm_example_1.0.2.0\r1_arm_example\module\r1_arm_example\file\unitree\module\r1_arm_example\lib\python3.8\site-packages\scipy\signal\_spline.cpython-38-aarch64-linux-gnu.so,禁止的固件、压缩包、模型、共享库或抓包类型
_upfirdn_apply.cpython-38-aarch64-linux-gnu.so,历史固件研究材料,327496,0.312,9f40b3ab50567c5e38812bf8078676aa5d51e4cc4b336bb9594dd7f765476b4c,C:\zyh\work\宇树固件\unitree_R1_Air_Edu_Pro_1.4.2.8\extracted\modules_unpacked\r1_arm_example_1.0.2.0\r1_arm_example\module\r1_arm_example\file\unitree\module\r1_arm_example\lib\python3.8\site-packages\scipy\signal\_upfirdn_apply.cpython-38-aarch64-linux-gnu.so,禁止的固件、压缩包、模型、共享库或抓包类型
_csparsetools.cpython-38-aarch64-linux-gnu.so,历史固件研究材料,566416,0.540,0adb66f2d0105d3b838da94b9456fb98bfafcf230b262606093d1d04a973bdf8,C:\zyh\work\宇树固件\unitree_R1_Air_Edu_Pro_1.4.2.8\extracted\modules_unpacked\r1_arm_example_1.0.2.0\r1_arm_example\module\r1_arm_example\file\unitree\module\r1_arm_example\lib\python3.8\site-packages\scipy\sparse\_csparsetools.cpython-38-aarch64-linux-gnu.so,禁止的固件、压缩包、模型、共享库或抓包类型
_sparsetools.cpython-38-aarch64-linux-gnu.so,历史固件研究材料,3387672,3.231,fe300bde557a33513878d0f1ade71394851962230a0c817cddb00be7697e83af,C:\zyh\work\宇树固件\unitree_R1_Air_Edu_Pro_1.4.2.8\extracted\modules_unpacked\r1_arm_example_1.0.2.0\r1_arm_example\module\r1_arm_example\file\unitree\module\r1_arm_example\lib\python3.8\site-packages\scipy\sparse\_sparsetools.cpython-38-aarch64-linux-gnu.so,禁止的固件、压缩包、模型、共享库或抓包类型
_flow.cpython-38-aarch64-linux-gnu.so,历史固件研究材料,337032,0.321,66521260b2b89e5eba8251e440e685e8d76f22c992e47ddc2406b7c23d0e8e28,C:\zyh\work\宇树固件\unitree_R1_Air_Edu_Pro_1.4.2.8\extracted\modules_unpacked\r1_arm_example_1.0.2.0\r1_arm_example\module\r1_arm_example\file\unitree\module\r1_arm_example\lib\python3.8\site-packages\scipy\sparse\csgraph\_flow.cpython-38-aarch64-linux-gnu.so,禁止的固件、压缩包、模型、共享库或抓包类型
_tools.cpython-38-aarch64-linux-gnu.so,历史固件研究材料,179464,0.171,3f4b701a3217180e27e6cc7d788885a422964a20024217e127fd19545fa3fbef,C:\zyh\work\宇树固件\unitree_R1_Air_Edu_Pro_1.4.2.8\extracted\modules_unpacked\r1_arm_example_1.0.2.0\r1_arm_example\module\r1_arm_example\file\unitree\module\r1_arm_example\lib\python3.8\site-packages\scipy\sparse\csgraph\_tools.cpython-38-aarch64-linux-gnu.so,禁止的固件、压缩包、模型、共享库或抓包类型
_ckdtree.cpython-38-aarch64-linux-gnu.so,历史固件研究材料,858704,0.819,d0ae6d195e30c9bdaecbd432dfd930b6e34fd6ea32a2cd13597e9bfe35c42bd1,C:\zyh\work\宇树固件\unitree_R1_Air_Edu_Pro_1.4.2.8\extracted\modules_unpacked\r1_arm_example_1.0.2.0\r1_arm_example\module\r1_arm_example\file\unitree\module\r1_arm_example\lib\python3.8\site-packages\scipy\spatial\_ckdtree.cpython-38-aarch64-linux-gnu.so,禁止的固件、压缩包、模型、共享库或抓包类型
_distance_wrap.cpython-38-aarch64-linux-gnu.so,历史固件研究材料,142584,0.136,d9918a21d50747624e4dc30c8e54afa237dd8a2acec8984715b4460dca71ac00,C:\zyh\work\宇树固件\unitree_R1_Air_Edu_Pro_1.4.2.8\extracted\modules_unpacked\r1_arm_example_1.0.2.0\r1_arm_example\module\r1_arm_example\file\unitree\module\r1_arm_example\lib\python3.8\site-packages\scipy\spatial\_distance_wrap.cpython-38-aarch64-linux-gnu.so,禁止的固件、压缩包、模型、共享库或抓包类型
_hausdorff.cpython-38-aarch64-linux-gnu.so,历史固件研究材料,243616,0.232,c752076a5a934576695bdccd398c2535e8614ed9d5b329528ad4dc748e1f64fa,C:\zyh\work\宇树固件\unitree_R1_Air_Edu_Pro_1.4.2.8\extracted\modules_unpacked\r1_arm_example_1.0.2.0\r1_arm_example\module\r1_arm_example\file\unitree\module\r1_arm_example\lib\python3.8\site-packages\scipy\spatial\_hausdorff.cpython-38-aarch64-linux-gnu.so,禁止的固件、压缩包、模型、共享库或抓包类型
_qhull.cpython-38-aarch64-linux-gnu.so,历史固件研究材料,1184049,1.129,a16bc8536ec66e96072dc01bd8bf35fff6700440217959e8347d59d564ebfb9e,C:\zyh\work\宇树固件\unitree_R1_Air_Edu_Pro_1.4.2.8\extracted\modules_unpacked\r1_arm_example_1.0.2.0\r1_arm_example\module\r1_arm_example\file\unitree\module\r1_arm_example\lib\python3.8\site-packages\scipy\spatial\_qhull.cpython-38-aarch64-linux-gnu.so,禁止的固件、压缩包、模型、共享库或抓包类型
_voronoi.cpython-38-aarch64-linux-gnu.so,历史固件研究材料,242584,0.231,f9ae26f79433d7256537af08d24994e0f566385cf2ba646e46dcf0b0a59774c5,C:\zyh\work\宇树固件\unitree_R1_Air_Edu_Pro_1.4.2.8\extracted\modules_unpacked\r1_arm_example_1.0.2.0\r1_arm_example\module\r1_arm_example\file\unitree\module\r1_arm_example\lib\python3.8\site-packages\scipy\spatial\_voronoi.cpython-38-aarch64-linux-gnu.so,禁止的固件、压缩包、模型、共享库或抓包类型
_comb.cpython-38-aarch64-linux-gnu.so,历史固件研究材料,78336,0.075,9d4c70a2b8320e8ceb9cc6f5479ea578fe7ee2c73921cd236dc708254d7f38de,C:\zyh\work\宇树固件\unitree_R1_Air_Edu_Pro_1.4.2.8\extracted\modules_unpacked\r1_arm_example_1.0.2.0\r1_arm_example\module\r1_arm_example\file\unitree\module\r1_arm_example\lib\python3.8\site-packages\scipy\special\_comb.cpython-38-aarch64-linux-gnu.so,禁止的固件、压缩包、模型、共享库或抓包类型
_ellip_harm_2.cpython-38-aarch64-linux-gnu.so,历史固件研究材料,199137,0.190,eb9dfc7693e399847455160f89d12bb92d4e131c86c254ab9e29a238e30cfd7d,C:\zyh\work\宇树固件\unitree_R1_Air_Edu_Pro_1.4.2.8\extracted\modules_unpacked\r1_arm_example_1.0.2.0\r1_arm_example\module\r1_arm_example\file\unitree\module\r1_arm_example\lib\python3.8\site-packages\scipy\special\_ellip_harm_2.cpython-38-aarch64-linux-gnu.so,禁止的固件、压缩包、模型、共享库或抓包类型
_specfun.cpython-38-aarch64-linux-gnu.so,历史固件研究材料,460665,0.439,0b1e6de32b65d850619e86febd3722fc478bb7fd8de824c4b130538a3fcb4e11,C:\zyh\work\宇树固件\unitree_R1_Air_Edu_Pro_1.4.2.8\extracted\modules_unpacked\r1_arm_example_1.0.2.0\r1_arm_example\module\r1_arm_example\file\unitree\module\r1_arm_example\lib\python3.8\site-packages\scipy\special\_specfun.cpython-38-aarch64-linux-gnu.so,禁止的固件、压缩包、模型、共享库或抓包类型
_test_internal.cpython-38-aarch64-linux-gnu.so,历史固件研究材料,247992,0.237,e5a7e33ebcf836cf4dde1946b0cf4bf4aa728027a8624a2df3850d88bc7204b4,C:\zyh\work\宇树固件\unitree_R1_Air_Edu_Pro_1.4.2.8\extracted\modules_unpacked\r1_arm_example_1.0.2.0\r1_arm_example\module\r1_arm_example\file\unitree\module\r1_arm_example\lib\python3.8\site-packages\scipy\special\_test_internal.cpython-38-aarch64-linux-gnu.so,禁止的固件、压缩包、模型、共享库或抓包类型
_ufuncs.cpython-38-aarch64-linux-gnu.so,历史固件研究材料,1773617,1.691,95700b7be889a3b37332fc8a2ef1386fde485cfe7977fda792c2fde74f02b846,C:\zyh\work\宇树固件\unitree_R1_Air_Edu_Pro_1.4.2.8\extracted\modules_unpacked\r1_arm_example_1.0.2.0\r1_arm_example\module\r1_arm_example\file\unitree\module\r1_arm_example\lib\python3.8\site-packages\scipy\special\_ufuncs.cpython-38-aarch64-linux-gnu.so,禁止的固件、压缩包、模型、共享库或抓包类型
_ufuncs_cxx.cpython-38-aarch64-linux-gnu.so,历史固件研究材料,470056,0.448,059c12229d28d6fc9b351b4bc87ed34d988eb1a57b374866ccb05c76c1af0244,C:\zyh\work\宇树固件\unitree_R1_Air_Edu_Pro_1.4.2.8\extracted\modules_unpacked\r1_arm_example_1.0.2.0\r1_arm_example\module\r1_arm_example\file\unitree\module\r1_arm_example\lib\python3.8\site-packages\scipy\special\_ufuncs_cxx.cpython-38-aarch64-linux-gnu.so,禁止的固件、压缩包、模型、共享库或抓包类型
cython_special.cpython-38-aarch64-linux-gnu.so,历史固件研究材料,2494369,2.379,9c7bca004a8dd1b3d41eed949e8154bcb1c0ee9079d448b326f7ca49b91bb10f,C:\zyh\work\宇树固件\unitree_R1_Air_Edu_Pro_1.4.2.8\extracted\modules_unpacked\r1_arm_example_1.0.2.0\r1_arm_example\module\r1_arm_example\file\unitree\module\r1_arm_example\lib\python3.8\site-packages\scipy\special\cython_special.cpython-38-aarch64-linux-gnu.so,禁止的固件、压缩包、模型、共享库或抓包类型
_biasedurn.cpython-38-aarch64-linux-gnu.so,历史固件研究材料,420656,0.401,b815a73334d45f4eefe79ec0147cdb65f29a06958a6345bf45e17886d80967a4,C:\zyh\work\宇树固件\unitree_R1_Air_Edu_Pro_1.4.2.8\extracted\modules_unpacked\r1_arm_example_1.0.2.0\r1_arm_example\module\r1_arm_example\file\unitree\module\r1_arm_example\lib\python3.8\site-packages\scipy\stats\_biasedurn.cpython-38-aarch64-linux-gnu.so,禁止的固件、压缩包、模型、共享库或抓包类型
beta_ufunc.cpython-38-aarch64-linux-gnu.so,历史固件研究材料,477400,0.455,07753aacf0dcd35f2e9bccd0f1eb9a5221c25c2c087c6765e0ecdf6eea03c7d5,C:\zyh\work\宇树固件\unitree_R1_Air_Edu_Pro_1.4.2.8\extracted\modules_unpacked\r1_arm_example_1.0.2.0\r1_arm_example\module\r1_arm_example\file\unitree\module\r1_arm_example\lib\python3.8\site-packages\scipy\stats\_boost\beta_ufunc.cpython-38-aarch64-linux-gnu.so,禁止的固件、压缩包、模型、共享库或抓包类型
ncf_ufunc.cpython-38-aarch64-linux-gnu.so,历史固件研究材料,335648,0.320,eb375a00557c95841981c9031cc7d9e7e2e55af1c5ec736b66f1ac77c2155f33,C:\zyh\work\宇树固件\unitree_R1_Air_Edu_Pro_1.4.2.8\extracted\modules_unpacked\r1_arm_example_1.0.2.0\r1_arm_example\module\r1_arm_example\file\unitree\module\r1_arm_example\lib\python3.8\site-packages\scipy\stats\_boost\ncf_ufunc.cpython-38-aarch64-linux-gnu.so,禁止的固件、压缩包、模型、共享库或抓包类型
nct_ufunc.cpython-38-aarch64-linux-gnu.so,历史固件研究材料,483192,0.461,55c02b3ab2ee15f392084759b45d43629d136cd0fe212890fa6bb2a72f6eceee,C:\zyh\work\宇树固件\unitree_R1_Air_Edu_Pro_1.4.2.8\extracted\modules_unpacked\r1_arm_example_1.0.2.0\r1_arm_example\module\r1_arm_example\file\unitree\module\r1_arm_example\lib\python3.8\site-packages\scipy\stats\_boost\nct_ufunc.cpython-38-aarch64-linux-gnu.so,禁止的固件、压缩包、模型、共享库或抓包类型
ncx2_ufunc.cpython-38-aarch64-linux-gnu.so,历史固件研究材料,407584,0.389,391163b26f6a35f4082fac880bc2f903f8cc8060c2029e873626e89e16688ae8,C:\zyh\work\宇树固件\unitree_R1_Air_Edu_Pro_1.4.2.8\extracted\modules_unpacked\r1_arm_example_1.0.2.0\r1_arm_example\module\r1_arm_example\file\unitree\module\r1_arm_example\lib\python3.8\site-packages\scipy\stats\_boost\ncx2_ufunc.cpython-38-aarch64-linux-gnu.so,禁止的固件、压缩包、模型、共享库或抓包类型
_mvn.cpython-38-aarch64-linux-gnu.so,历史固件研究材料,80992,0.077,829263cf7238339a09dfb6a18119076b0dfffb279b5b4b004ae1fa3caa707f53,C:\zyh\work\宇树固件\unitree_R1_Air_Edu_Pro_1.4.2.8\extracted\modules_unpacked\r1_arm_example_1.0.2.0\r1_arm_example\module\r1_arm_example\file\unitree\module\r1_arm_example\lib\python3.8\site-packages\scipy\stats\_mvn.cpython-38-aarch64-linux-gnu.so,禁止的固件、压缩包、模型、共享库或抓包类型
_qmc_cy.cpython-38-aarch64-linux-gnu.so,历史固件研究材料,259496,0.247,3d0007a983b8aa99e9f0584d07cdfb45507557ad9f8b32490d7a43cd2410aa93,C:\zyh\work\宇树固件\unitree_R1_Air_Edu_Pro_1.4.2.8\extracted\modules_unpacked\r1_arm_example_1.0.2.0\r1_arm_example\module\r1_arm_example\file\unitree\module\r1_arm_example\lib\python3.8\site-packages\scipy\stats\_qmc_cy.cpython-38-aarch64-linux-gnu.so,禁止的固件、压缩包、模型、共享库或抓包类型
rcont.cpython-38-aarch64-linux-gnu.so,历史固件研究材料,386376,0.368,7c7b6bcfcdae312f034fcc1249305b087d1568112bf42256bcee054ff95c95d6,C:\zyh\work\宇树固件\unitree_R1_Air_Edu_Pro_1.4.2.8\extracted\modules_unpacked\r1_arm_example_1.0.2.0\r1_arm_example\module\r1_arm_example\file\unitree\module\r1_arm_example\lib\python3.8\site-packages\scipy\stats\_rcont\rcont.cpython-38-aarch64-linux-gnu.so,禁止的固件、压缩包、模型、共享库或抓包类型
_sobol.cpython-38-aarch64-linux-gnu.so,历史固件研究材料,332000,0.317,30b30687e4bf9af0157212a3ad424330d6bf93ade2ee3076e07728b0d9e1edda,C:\zyh\work\宇树固件\unitree_R1_Air_Edu_Pro_1.4.2.8\extracted\modules_unpacked\r1_arm_example_1.0.2.0\r1_arm_example\module\r1_arm_example\file\unitree\module\r1_arm_example\lib\python3.8\site-packages\scipy\stats\_sobol.cpython-38-aarch64-linux-gnu.so,禁止的固件、压缩包、模型、共享库或抓包类型
_statlib.cpython-38-aarch64-linux-gnu.so,历史固件研究材料,78744,0.075,4accd2a81bd862042e220bf33c17904e97307f086d3f0d9b65c043fbbe2a6e5b,C:\zyh\work\宇树固件\unitree_R1_Air_Edu_Pro_1.4.2.8\extracted\modules_unpacked\r1_arm_example_1.0.2.0\r1_arm_example\module\r1_arm_example\file\unitree\module\r1_arm_example\lib\python3.8\site-packages\scipy\stats\_statlib.cpython-38-aarch64-linux-gnu.so,禁止的固件、压缩包、模型、共享库或抓包类型
_stats.cpython-38-aarch64-linux-gnu.so,历史固件研究材料,703552,0.671,462956eb558f3763bdd88fadb3c4d323ec32651fe1aa839b39ed93a7b1195db5,C:\zyh\work\宇树固件\unitree_R1_Air_Edu_Pro_1.4.2.8\extracted\modules_unpacked\r1_arm_example_1.0.2.0\r1_arm_example\module\r1_arm_example\file\unitree\module\r1_arm_example\lib\python3.8\site-packages\scipy\stats\_stats.cpython-38-aarch64-linux-gnu.so,禁止的固件、压缩包、模型、共享库或抓包类型
_stats_pythran.cpython-38-aarch64-linux-gnu.so,历史固件研究材料,166472,0.159,6753e615efe3a7beca46f3223c073394e9eb2c6db0d5c5c796fa51048fa818f7,C:\zyh\work\宇树固件\unitree_R1_Air_Edu_Pro_1.4.2.8\extracted\modules_unpacked\r1_arm_example_1.0.2.0\r1_arm_example\module\r1_arm_example\file\unitree\module\r1_arm_example\lib\python3.8\site-packages\scipy\stats\_stats_pythran.cpython-38-aarch64-linux-gnu.so,禁止的固件、压缩包、模型、共享库或抓包类型
libopenblasp-r0-dff490c2.3.18.so,历史固件研究材料,23401273,22.317,4c93ea099b2e32085bebea3aa514e46d11a5fae7c93a3f2e48bc491568fdaae7,C:\zyh\work\宇树固件\unitree_R1_Air_Edu_Pro_1.4.2.8\extracted\modules_unpacked\r1_arm_example_1.0.2.0\r1_arm_example\module\r1_arm_example\file\unitree\module\r1_arm_example\lib\python3.8\site-packages\scipy.libs\libopenblasp-r0-dff490c2.3.18.so,禁止的固件、压缩包、模型、共享库或抓包类型
camera_ko.zip,历史固件研究材料,361103,0.344,ac6ed402cc798a2ef13dee00ac5036b22cfb8b8ef371e4ad71b3f70ef4177c71,C:\zyh\work\宇树固件\unitree_R1_Air_Edu_Pro_1.4.2.8\extracted\modules_unpacked\r1_stereo_patch_pc1_0.0.1.40\r1_stereo_patch_pc1_0.0.1.40\module\r1_stereo_patch_pc1\file\unitree\module\r1_stereo_patch_pc1\camera_ko.zip,禁止的固件、压缩包、模型、共享库或抓包类型
client_server_transfer_full_img_y16.tar.gz,历史固件研究材料,29448,0.028,613b75cd10477efeb14ae46205a65d70c3eef41ce72d38a50d23747ecb8aa66e,C:\zyh\work\宇树固件\unitree_R1_Air_Edu_Pro_1.4.2.8\extracted\modules_unpacked\r1_stereo_patch_pc1_0.0.1.40\r1_stereo_patch_pc1_0.0.1.40\module\r1_stereo_patch_pc1\file\unitree\module\r1_stereo_patch_pc1\client_server_transfer_full_img_y16.tar.gz,禁止的固件、压缩包、模型、共享库或抓包类型
multi_pipe_stereo_infer.tar.gz,历史固件研究材料,7019025,6.694,e60a43e1de1781538e006848d9b58d398c2c7f8927ab1e8c86085db9da5e1e8b,C:\zyh\work\宇树固件\unitree_R1_Air_Edu_Pro_1.4.2.8\extracted\modules_unpacked\r1_stereo_patch_x5_0.0.0.9\r1_stereo_patch_x5_0.0.0.9\module\r1_stereo_patch_x5\file\unitree\module\r1_stereo_patch_x5\multi_pipe_stereo_infer.tar.gz,禁止的固件、压缩包、模型、共享库或抓包类型
libgstrtspserver-1.0.so,历史固件研究材料,403976,0.385,555362245603a3e55240f4c2f0aebc8025d247a6a64df7c2f21a999de363835c,C:\zyh\work\宇树固件\unitree_R1_Air_Edu_Pro_1.4.2.8\extracted\modules_unpacked\unitree_patch_1.0.1.14\unitree_patch_1.0.1.14\module\unitree_patch\file\unitree\lib\libgstrtspserver-1.0.so,禁止的固件、压缩包、模型、共享库或抓包类型
ota_engine_1.3.1.6.upk,历史固件研究材料,37321844,35.593,4e212878f31858a9ef55f34f70ed6450829fe8245deaf9a8d5bad61094028471,C:\zyh\work\宇树固件\unitree_R1_Air_Edu_Pro_1.4.2.8\extracted\modules_unpacked\unitree_patch_1.0.1.14\unitree_patch_1.0.1.14\module\unitree_patch\file\unitree\var\data\ota_update\ota_engine\ota_engine_1.3.1.6.upk,禁止的固件、压缩包、模型、共享库或抓包类型
_zmq.cpython-38-aarch64-linux-gnu.so,历史固件研究材料,463281,0.442,e0e9b5745cc28a4d05087b9bb38ea6e24aaef3b3d82d3a6fad15aa1ec0136b70,C:\zyh\work\宇树固件\unitree_R1_Air_Edu_Pro_1.4.2.8\extracted\modules_unpacked\unitree_patch_1.0.1.14\unitree_patch_1.0.1.14\module\unitree_patch\file\usr\local\lib\python3.8\dist-packages\zmq\backend\cython\_zmq.cpython-38-aarch64-linux-gnu.so,禁止的固件、压缩包、模型、共享库或抓包类型
librkaudio_vqe.so,历史固件研究材料,8851392,8.441,9b78095b74b9e952d74032db1d995b0f143a5766b60e698f386b9967396443db,C:\zyh\work\宇树固件\unitree_R1_Air_Edu_Pro_1.4.2.8\extracted\modules_unpacked\vui_service_2.2.0.19\vui_service_2.2.0.19\module\vui_service\file\unitree\module\vui_service\deps\rkap\librkaudio_vqe.so,禁止的固件、压缩包、模型、共享库或抓包类型
librkauth_tool.so,历史固件研究材料,665032,0.634,1c6ddbc5ba931f151991f4ecc6edc3c7d1ff60917a4c1f00e93fee6d256363ff,C:\zyh\work\宇树固件\unitree_R1_Air_Edu_Pro_1.4.2.8\extracted\modules_unpacked\vui_service_2.2.0.19\vui_service_2.2.0.19\module\vui_service\file\unitree\module\vui_service\deps\rkap\librkauth_tool.so,禁止的固件、压缩包、模型、共享库或抓包类型
librknnrt.so,历史固件研究材料,7726232,7.368,d31fc19c85b85f6091b2bd0f6af9d962d5264a4e410bfb536402ec92bac738e8,C:\zyh\work\宇树固件\unitree_R1_Air_Edu_Pro_1.4.2.8\extracted\modules_unpacked\vui_service_2.2.0.19\vui_service_2.2.0.19\module\vui_service\file\unitree\module\vui_service\deps\rkap\librknnrt.so,禁止的固件、压缩包、模型、共享库或抓包类型
model4.bin,历史固件研究材料,4298644,4.100,e14947d46625c8a9c1c19a60ce17149776b7f445be37aac2f141c1c42fd3ddbc,C:\zyh\work\宇树固件\unitree_R1_Air_Edu_Pro_1.4.2.8\extracted\modules_unpacked\vui_service_2.2.0.19\vui_service_2.2.0.19\module\vui_service\file\unitree\module\vui_service\deps\rkap\model4.bin,禁止的固件、压缩包、模型、共享库或抓包类型
model5.bin,历史固件研究材料,704268,0.672,8207a82dbcfdfc638f15db17ad1eff8ec0e3119bddc79b19c03de22d423ec917,C:\zyh\work\宇树固件\unitree_R1_Air_Edu_Pro_1.4.2.8\extracted\modules_unpacked\vui_service_2.2.0.19\vui_service_2.2.0.19\module\vui_service\file\unitree\module\vui_service\deps\rkap\model5.bin,禁止的固件、压缩包、模型、共享库或抓包类型
model6.bin,历史固件研究材料,255496,0.244,ee6ffcc381218f1fc4afad2dba979b389f0c648fe47f256b1e3f1eea767baa69,C:\zyh\work\宇树固件\unitree_R1_Air_Edu_Pro_1.4.2.8\extracted\modules_unpacked\vui_service_2.2.0.19\vui_service_2.2.0.19\module\vui_service\file\unitree\module\vui_service\deps\rkap\model6.bin,禁止的固件、压缩包、模型、共享库或抓包类型
rkeqdrc_para_ai_16000_1ch_16bit.bin,历史固件研究材料,2176,0.002,ec9b3f09f8eee93358ddf48c4001bd9df124948d08a799c4144adb6039ad7979,C:\zyh\work\宇树固件\unitree_R1_Air_Edu_Pro_1.4.2.8\extracted\modules_unpacked\vui_service_2.2.0.19\vui_service_2.2.0.19\module\vui_service\file\unitree\module\vui_service\deps\rkap\rkeqdrc_para_ai_16000_1ch_16bit.bin,禁止的固件、压缩包、模型、共享库或抓包类型
libaudioprocess_limiter.so,历史固件研究材料,241056,0.230,25c96f0bad9141cec9628740aa2da558846ea981874d1332a995c89b52ccbacd,C:\zyh\work\宇树固件\unitree_R1_Air_Edu_Pro_1.4.2.8\extracted\modules_unpacked\vui_service_2.2.0.19\vui_service_2.2.0.19\module\vui_service\file\unitree\module\vui_service\deps\unitreeap\libaudioprocess_limiter.so,禁止的固件、压缩包、模型、共享库或抓包类型
package_1.4.2.8_R1_Air_Edu_Pro_1781247112840.tar,历史固件研究材料,911796736,869.557,a4a8575908a6de13d565df068029fc942c076abe29e2f3f412f5781edfa38252,C:\zyh\work\宇树固件\unitree_R1_Air_Edu_Pro_1.4.2.8\extracted\package_1.4.2.8_R1_Air_Edu_Pro_1781247112840.tar,超过 50 MiB；禁止的固件、压缩包、模型、共享库或抓包类型
ai_sport_1.0.2.154.tar,历史固件研究材料,255506432,243.670,26409e3ae0d8d3f95f534dfadd6244a08c4b4b7157288695ef66eb9a2cf524a6,C:\zyh\work\宇树固件\unitree_R1_Air_Edu_Pro_1.4.2.8\extracted\package_1.4.2.8_R1_Air_Edu_Pro_upk\module\ai_sport\1.0.2.154\file\ai_sport_1.0.2.154.tar,超过 50 MiB；禁止的固件、压缩包、模型、共享库或抓包类型
ai_sport_1.0.2.154.upk,历史固件研究材料,255506548,243.670,2550fa1249b681b8ee31f2e0907c2bf3ffb43041477475df7c204a0f4076c0df,C:\zyh\work\宇树固件\unitree_R1_Air_Edu_Pro_1.4.2.8\extracted\package_1.4.2.8_R1_Air_Edu_Pro_upk\module\ai_sport\1.0.2.154\file\ai_sport_1.0.2.154.upk,超过 50 MiB；禁止的固件、压缩包、模型、共享库或抓包类型
basic_service_3.0.0.5.tar,历史固件研究材料,22119424,21.095,5e0121377691c7c018b1006783b2209e5860d409e2996a57b4f26f5ad3c523af,C:\zyh\work\宇树固件\unitree_R1_Air_Edu_Pro_1.4.2.8\extracted\package_1.4.2.8_R1_Air_Edu_Pro_upk\module\basic_service\3.0.0.5\file\basic_service_3.0.0.5.tar,禁止的固件、压缩包、模型、共享库或抓包类型
basic_service_3.0.0.5.upk,历史固件研究材料,22119540,21.095,59eb5e84c4a9fbcc560dc58fd1b059a717c4df75345cf2a65da68776601feecc,C:\zyh\work\宇树固件\unitree_R1_Air_Edu_Pro_1.4.2.8\extracted\package_1.4.2.8_R1_Air_Edu_Pro_upk\module\basic_service\3.0.0.5\file\basic_service_3.0.0.5.upk,禁止的固件、压缩包、模型、共享库或抓包类型
chat_go_1.9.2.89.tar,历史固件研究材料,12442112,11.866,971d92b85d803ca85468951337acf75e9c3463323ed95162d5bbed0bfe492228,C:\zyh\work\宇树固件\unitree_R1_Air_Edu_Pro_1.4.2.8\extracted\package_1.4.2.8_R1_Air_Edu_Pro_upk\module\chat_go\1.9.2.89\file\chat_go_1.9.2.89.tar,禁止的固件、压缩包、模型、共享库或抓包类型
chat_go_1.9.2.89.upk,历史固件研究材料,12442228,11.866,417845e19ef0670fc09dce01108cad62bcb39ca45aceb6a543ae2d77b52f4e88,C:\zyh\work\宇树固件\unitree_R1_Air_Edu_Pro_1.4.2.8\extracted\package_1.4.2.8_R1_Air_Edu_Pro_upk\module\chat_go\1.9.2.89\file\chat_go_1.9.2.89.upk,禁止的固件、压缩包、模型、共享库或抓包类型
network_manager_2.0.0.5.tar,历史固件研究材料,1401344,1.336,3b399ea63c404261ab70e6c6ef77e0a65fd7ff8718552fc2b88e1bce91686a4f,C:\zyh\work\宇树固件\unitree_R1_Air_Edu_Pro_1.4.2.8\extracted\package_1.4.2.8_R1_Air_Edu_Pro_upk\module\network_manager\2.0.0.5\file\network_manager_2.0.0.5.tar,禁止的固件、压缩包、模型、共享库或抓包类型
network_manager_2.0.0.5.upk,历史固件研究材料,1401460,1.337,de2dd5e37844c8b48a79226680435f7d097f17e5fde74d5f8e74e35013a4c8ef,C:\zyh\work\宇树固件\unitree_R1_Air_Edu_Pro_1.4.2.8\extracted\package_1.4.2.8_R1_Air_Edu_Pro_upk\module\network_manager\2.0.0.5\file\network_manager_2.0.0.5.upk,禁止的固件、压缩包、模型、共享库或抓包类型
r1_arm_example_1.0.2.0.tar,历史固件研究材料,402268672,383.633,02e19ffd4fdf9669cc5ad715e79702d6c26da4c9a9297a935a7e3a3d03fea82b,C:\zyh\work\宇树固件\unitree_R1_Air_Edu_Pro_1.4.2.8\extracted\package_1.4.2.8_R1_Air_Edu_Pro_upk\module\r1_arm_example\1.0.2.0\file\r1_arm_example_1.0.2.0.tar,超过 50 MiB；禁止的固件、压缩包、模型、共享库或抓包类型
r1_arm_example_1.0.2.0.upk,历史固件研究材料,402268788,383.633,a075bd47cdf5afd11fb116234c8485b7fae010ff87afe5713fe017883c9b6531,C:\zyh\work\宇树固件\unitree_R1_Air_Edu_Pro_1.4.2.8\extracted\package_1.4.2.8_R1_Air_Edu_Pro_upk\module\r1_arm_example\1.0.2.0\file\r1_arm_example_1.0.2.0.upk,超过 50 MiB；禁止的固件、压缩包、模型、共享库或抓包类型
r1_stereo_patch_pc1_0.0.1.40.tar,历史固件研究材料,432640,0.413,a4c847d3f7f0cef2d0a44ef242ec280ce53a45280ef13818d6ba6eadec89938d,C:\zyh\work\宇树固件\unitree_R1_Air_Edu_Pro_1.4.2.8\extracted\package_1.4.2.8_R1_Air_Edu_Pro_upk\module\r1_stereo_patch_pc1\0.0.1.40\file\r1_stereo_patch_pc1_0.0.1.40.tar,禁止的固件、压缩包、模型、共享库或抓包类型
r1_stereo_patch_pc1_0.0.1.40.upk,历史固件研究材料,432756,0.413,97d68cd7089b8cce53578444153dddeeed30ebf6f938bed29b9cbe4cf36ac108,C:\zyh\work\宇树固件\unitree_R1_Air_Edu_Pro_1.4.2.8\extracted\package_1.4.2.8_R1_Air_Edu_Pro_upk\module\r1_stereo_patch_pc1\0.0.1.40\file\r1_stereo_patch_pc1_0.0.1.40.upk,禁止的固件、压缩包、模型、共享库或抓包类型
r1_stereo_patch_x5_0.0.0.9.tar,历史固件研究材料,7032832,6.707,871ed51f997b441e5985f992d453663364748baa61228404ad5cf24a017e90fd,C:\zyh\work\宇树固件\unitree_R1_Air_Edu_Pro_1.4.2.8\extracted\package_1.4.2.8_R1_Air_Edu_Pro_upk\module\r1_stereo_patch_x5\0.0.0.9\file\r1_stereo_patch_x5_0.0.0.9.tar,禁止的固件、压缩包、模型、共享库或抓包类型
r1_stereo_patch_x5_0.0.0.9.upk,历史固件研究材料,7032948,6.707,372da7adf0d68ae86a748a0cc8cb9f3092c78e758dfbc03a2604108ee2e7f714,C:\zyh\work\宇树固件\unitree_R1_Air_Edu_Pro_1.4.2.8\extracted\package_1.4.2.8_R1_Air_Edu_Pro_upk\module\r1_stereo_patch_x5\0.0.0.9\file\r1_stereo_patch_x5_0.0.0.9.upk,禁止的固件、压缩包、模型、共享库或抓包类型
robot_state_3.0.0.7.tar,历史固件研究材料,16646144,15.875,d4262665c6e44229ccefb113fd10f66022042c218861987015a4708b5556d1db,C:\zyh\work\宇树固件\unitree_R1_Air_Edu_Pro_1.4.2.8\extracted\package_1.4.2.8_R1_Air_Edu_Pro_upk\module\robot_state\3.0.0.7\file\robot_state_3.0.0.7.tar,禁止的固件、压缩包、模型、共享库或抓包类型
robot_state_3.0.0.7.upk,历史固件研究材料,16646260,15.875,d7e490b9c97ba1210c1ecf8fa180ee1d9813bdd18bcfbd368eeac2d788ce2a9d,C:\zyh\work\宇树固件\unitree_R1_Air_Edu_Pro_1.4.2.8\extracted\package_1.4.2.8_R1_Air_Edu_Pro_upk\module\robot_state\3.0.0.7\file\robot_state_3.0.0.7.upk,禁止的固件、压缩包、模型、共享库或抓包类型
robot_type_service_1.0.0.3.tar,历史固件研究材料,28462592,27.144,6e970264e856bd8340189ed335e7b08f2b03fc4d6a048a5be41a034d5ba9b8d8,C:\zyh\work\宇树固件\unitree_R1_Air_Edu_Pro_1.4.2.8\extracted\package_1.4.2.8_R1_Air_Edu_Pro_upk\module\robot_type_service\1.0.0.3\file\robot_type_service_1.0.0.3.tar,禁止的固件、压缩包、模型、共享库或抓包类型
robot_type_service_1.0.0.3.upk,历史固件研究材料,28462708,27.144,8e3afce82a13df01dda96d8fabb54c31063265dc3de8ceac1dfba3da64589c0d,C:\zyh\work\宇树固件\unitree_R1_Air_Edu_Pro_1.4.2.8\extracted\package_1.4.2.8_R1_Air_Edu_Pro_upk\module\robot_type_service\1.0.0.3\file\robot_type_service_1.0.0.3.upk,禁止的固件、压缩包、模型、共享库或抓包类型
stereo_patch_pc1_0.4.0.0.tar,历史固件研究材料,23040,0.022,5cc776a4d92d614ffdd21b081df9f3088bd6e0d3e48b0889be29678443242b31,C:\zyh\work\宇树固件\unitree_R1_Air_Edu_Pro_1.4.2.8\extracted\package_1.4.2.8_R1_Air_Edu_Pro_upk\module\stereo_patch_pc1\0.4.0.0\file\stereo_patch_pc1_0.4.0.0.tar,禁止的固件、压缩包、模型、共享库或抓包类型
stereo_patch_pc1_0.4.0.0.upk,历史固件研究材料,23156,0.022,9e7fbf40efde1996302e99d325b971dd9e6745597a3d13de6665a144e3279808,C:\zyh\work\宇树固件\unitree_R1_Air_Edu_Pro_1.4.2.8\extracted\package_1.4.2.8_R1_Air_Edu_Pro_upk\module\stereo_patch_pc1\0.4.0.0\file\stereo_patch_pc1_0.4.0.0.upk,禁止的固件、压缩包、模型、共享库或抓包类型
system_journal_1.0.0.1.tar,历史固件研究材料,36352,0.035,294f559fadb77f846a7ff20e61b15210669e816c4acd0949c35675c1f368ae1c,C:\zyh\work\宇树固件\unitree_R1_Air_Edu_Pro_1.4.2.8\extracted\package_1.4.2.8_R1_Air_Edu_Pro_upk\module\system_journal\1.0.0.1\file\system_journal_1.0.0.1.tar,禁止的固件、压缩包、模型、共享库或抓包类型
system_journal_1.0.0.1.upk,历史固件研究材料,36468,0.035,c99159fc05b338ba931be0d2af03eb5a844f2cd25cd837907904b240b1c7a3e5,C:\zyh\work\宇树固件\unitree_R1_Air_Edu_Pro_1.4.2.8\extracted\package_1.4.2.8_R1_Air_Edu_Pro_upk\module\system_journal\1.0.0.1\file\system_journal_1.0.0.1.upk,禁止的固件、压缩包、模型、共享库或抓包类型
unitree_patch_1.0.1.14.tar,历史固件研究材料,77500928,73.911,57a75a7e6a490f2f23acc699d758e7c800a6756f2120bb27a3ee8139dadce14c,C:\zyh\work\宇树固件\unitree_R1_Air_Edu_Pro_1.4.2.8\extracted\package_1.4.2.8_R1_Air_Edu_Pro_upk\module\unitree_patch\1.0.1.14\file\unitree_patch_1.0.1.14.tar,超过 50 MiB；禁止的固件、压缩包、模型、共享库或抓包类型
unitree_patch_1.0.1.14.upk,历史固件研究材料,77501044,73.911,6a9daa5ae482ebce528fb48351d5878510b2415cca22f5a2171ca7afa481caa8,C:\zyh\work\宇树固件\unitree_R1_Air_Edu_Pro_1.4.2.8\extracted\package_1.4.2.8_R1_Air_Edu_Pro_upk\module\unitree_patch\1.0.1.14\file\unitree_patch_1.0.1.14.upk,超过 50 MiB；禁止的固件、压缩包、模型、共享库或抓包类型
video_hub_1.0.0.11.tar,历史固件研究材料,97280,0.093,405b8d3cdedaaf0dd8423dd9302c2671cbbc8d177d9a6ed66872caf5976c066e,C:\zyh\work\宇树固件\unitree_R1_Air_Edu_Pro_1.4.2.8\extracted\package_1.4.2.8_R1_Air_Edu_Pro_upk\module\video_hub\1.0.0.11\file\video_hub_1.0.0.11.tar,禁止的固件、压缩包、模型、共享库或抓包类型
video_hub_1.0.0.11.upk,历史固件研究材料,97396,0.093,5f4edea6a78728b29859b0baaf64f61458296f789080b86af831694843137033,C:\zyh\work\宇树固件\unitree_R1_Air_Edu_Pro_1.4.2.8\extracted\package_1.4.2.8_R1_Air_Edu_Pro_upk\module\video_hub\1.0.0.11\file\video_hub_1.0.0.11.upk,禁止的固件、压缩包、模型、共享库或抓包类型
librkaudio_vqe.so,历史固件研究材料,8851392,8.441,9b78095b74b9e952d74032db1d995b0f143a5766b60e698f386b9967396443db,C:\zyh\work\宇树固件\unitree_R1_Air_Edu_Pro_1.4.2.8\extracted\package_1.4.2.8_R1_Air_Edu_Pro_upk\module\vui_service\2.2.0.19\file\vui_service_2.2.0.19\vui_service_2.2.0.19\module\vui_service\file\unitree\module\vui_service\deps\rkap\librkaudio_vqe.so,禁止的固件、压缩包、模型、共享库或抓包类型
librkauth_tool.so,历史固件研究材料,665032,0.634,1c6ddbc5ba931f151991f4ecc6edc3c7d1ff60917a4c1f00e93fee6d256363ff,C:\zyh\work\宇树固件\unitree_R1_Air_Edu_Pro_1.4.2.8\extracted\package_1.4.2.8_R1_Air_Edu_Pro_upk\module\vui_service\2.2.0.19\file\vui_service_2.2.0.19\vui_service_2.2.0.19\module\vui_service\file\unitree\module\vui_service\deps\rkap\librkauth_tool.so,禁止的固件、压缩包、模型、共享库或抓包类型
librknnrt.so,历史固件研究材料,7726232,7.368,d31fc19c85b85f6091b2bd0f6af9d962d5264a4e410bfb536402ec92bac738e8,C:\zyh\work\宇树固件\unitree_R1_Air_Edu_Pro_1.4.2.8\extracted\package_1.4.2.8_R1_Air_Edu_Pro_upk\module\vui_service\2.2.0.19\file\vui_service_2.2.0.19\vui_service_2.2.0.19\module\vui_service\file\unitree\module\vui_service\deps\rkap\librknnrt.so,禁止的固件、压缩包、模型、共享库或抓包类型
model5.bin,历史固件研究材料,704268,0.672,8207a82dbcfdfc638f15db17ad1eff8ec0e3119bddc79b19c03de22d423ec917,C:\zyh\work\宇树固件\unitree_R1_Air_Edu_Pro_1.4.2.8\extracted\package_1.4.2.8_R1_Air_Edu_Pro_upk\module\vui_service\2.2.0.19\file\vui_service_2.2.0.19\vui_service_2.2.0.19\module\vui_service\file\unitree\module\vui_service\deps\rkap\model5.bin,禁止的固件、压缩包、模型、共享库或抓包类型
model6.bin,历史固件研究材料,255496,0.244,ee6ffcc381218f1fc4afad2dba979b389f0c648fe47f256b1e3f1eea767baa69,C:\zyh\work\宇树固件\unitree_R1_Air_Edu_Pro_1.4.2.8\extracted\package_1.4.2.8_R1_Air_Edu_Pro_upk\module\vui_service\2.2.0.19\file\vui_service_2.2.0.19\vui_service_2.2.0.19\module\vui_service\file\unitree\module\vui_service\deps\rkap\model6.bin,禁止的固件、压缩包、模型、共享库或抓包类型
vui_service_2.2.0.19.tar,历史固件研究材料,85327360,81.375,73724d120ee762331f13c49a7b317cb5cf25466ade670b213a595e1084256737,C:\zyh\work\宇树固件\unitree_R1_Air_Edu_Pro_1.4.2.8\extracted\package_1.4.2.8_R1_Air_Edu_Pro_upk\module\vui_service\2.2.0.19\file\vui_service_2.2.0.19.tar,超过 50 MiB；禁止的固件、压缩包、模型、共享库或抓包类型
vui_service_2.2.0.19.upk,历史固件研究材料,85327476,81.375,853f51db1cfa381daf937dafd96fd2b1444c628e05ff564ffc811a57efb13bc1,C:\zyh\work\宇树固件\unitree_R1_Air_Edu_Pro_1.4.2.8\extracted\package_1.4.2.8_R1_Air_Edu_Pro_upk\module\vui_service\2.2.0.19\file\vui_service_2.2.0.19.upk,超过 50 MiB；禁止的固件、压缩包、模型、共享库或抓包类型
webrtc_bridge_1.0.1.3.upk,历史固件研究材料,2445428,2.332,8cd17637f21fa11052534d759864d36a900fa4d7cf9df755a68d0d89cc084317,C:\zyh\work\宇树固件\unitree_R1_Air_Edu_Pro_1.4.2.8\extracted\package_1.4.2.8_R1_Air_Edu_Pro_upk\module\webrtc_bridge\1.0.1.3\file\webrtc_bridge_1.0.1.3.upk,禁止的固件、压缩包、模型、共享库或抓包类型
package_1.4.2.8_R1_Air_Edu_Pro_1781247112840.tar,历史固件研究材料,911796736,869.557,a4a8575908a6de13d565df068029fc942c076abe29e2f3f412f5781edfa38252,C:\zyh\work\宇树固件\unitree_R1_Air_Edu_Pro_1.4.2.8\firmware\package_1.4.2.8_R1_Air_Edu_Pro_1781247112840.tar,超过 50 MiB；禁止的固件、压缩包、模型、共享库或抓包类型
package_1.4.2.8_R1_Air_Edu_Pro_1781247112840.upk,历史固件研究材料,911796852,869.557,262ad2c449d64d403b799bbd01ed44be1c15f2e5b2131539b19d365661d859cb,C:\zyh\work\宇树固件\unitree_R1_Air_Edu_Pro_1.4.2.8\firmware\package_1.4.2.8_R1_Air_Edu_Pro_1781247112840.upk,超过 50 MiB；禁止的固件、压缩包、模型、共享库或抓包类型
audio_detect_socket_to_shell_repro_2026-07-20.zip,历史固件研究材料,21477,0.020,fb473ba18c6e806f1ad46ee3dbae250408a5ef5e9d44c2f6ae0005a1cb0aa473,C:\zyh\work\宇树固件\unitree_R1_Air_Edu_Pro_1.4.2.8\outputs\audio_detect_socket_to_shell_repro_2026-07-20.zip,禁止的固件、压缩包、模型、共享库或抓包类型
漏洞复现指南.docx,GO2 漏洞成果,3004458,2.865,d76d293de964d0b324d11c73456f741b422edf4803acb576a65cddd2aef20728,C:\zyh\work\漏洞整理\unitree_GO2\Go2_RCE_完全链路\Go2_RCE_完全链路\漏洞复现指南.docx,原始报告文档，已用中文权威 README 替代
Go2_RCE_完全链路.zip,GO2 漏洞成果,3132920,2.988,20952e15d299a2c7e3686a9a40b392f06cde207d5a7e716bfab41f9aeede6b64,C:\zyh\work\漏洞整理\unitree_GO2\Go2_RCE_完全链路\Go2_RCE_完全链路.zip,禁止的固件、压缩包、模型、共享库或抓包类型
go2_rce.cpython-311.pyc,GO2 漏洞成果,26853,0.026,23adf723c62e347fa8648625882a896069d209bc0375048a06dc3f94cf918ef1,C:\zyh\work\漏洞整理\unitree_GO2\Go2_免token远程控制EXP\scripts\__pycache__\go2_rce.cpython-311.pyc,Python 字节码
aes_key.bin,GO2 漏洞成果,16,0.000,dee3429f9f5f9007e4e4026962846ac5b4de35972f402aa17461e088cf914ead,C:\zyh\work\漏洞整理\unitree_GO2\GO2蓝牙btgatt-server分片重组溢出到RCE\scripts\aes_key.bin,禁止的固件、压缩包、模型、共享库或抓包类型
btgatt-server.go2.elf,GO2 漏洞成果,1239984,1.183,05f64d83b235bbc41b486766527d44ba041eca540031780ec50c70c31cff9848,C:\zyh\work\漏洞整理\unitree_GO2\GO2蓝牙btgatt-server分片重组溢出到RCE\scripts\btgatt-server.go2.elf,禁止的固件、压缩包、模型、共享库或抓包类型
07_BLE未授权SN泄露.zip,GO2 漏洞成果,5895,0.006,29124988eac78b16396e3bd4534499a72ffa37e8fd3f6ca9770652e8d3300e62,C:\zyh\work\漏洞整理\unitree_GO2\未动态闭环\07_BLE未授权SN泄露.zip,禁止的固件、压缩包、模型、共享库或抓包类型
蓝牙GCM解密预认证栈溢出DoS.zip,GO2 漏洞成果,7868,0.008,d690e1a5392d40c64c10a3f0f23b90c3891c1698f621a6a8747341da2c18a124,C:\zyh\work\漏洞整理\unitree_GO2\蓝牙GCM解密预认证栈溢出DoS.zip,禁止的固件、压缩包、模型、共享库或抓包类型
package_1.4.2.8_first1MB.upk,R1 漏洞成果,1048576,1.000,894c750b21354b9178cf59135be749b31487d469eea7b94030cbd33e474dfb3a,C:\zyh\work\漏洞整理\unitree_R1\OTA固件远程获取链\evidence\package_1.4.2.8_first1MB.upk,禁止的固件、压缩包、模型、共享库或抓包类型
ota_acquire_chain.cpython-311.pyc,R1 漏洞成果,12505,0.012,bea15221956fb267f7ec9f3fe2bcc314d8f1aa0b286740c165c115c1e796dfb7,C:\zyh\work\漏洞整理\unitree_R1\OTA固件远程获取链\poc\__pycache__\ota_acquire_chain.cpython-311.pyc,Python 字节码
aes_key.bin,R1 漏洞成果,16,0.000,dee3429f9f5f9007e4e4026962846ac5b4de35972f402aa17461e088cf914ead,C:\zyh\work\漏洞整理\unitree_R1\R1蓝牙btgatt-server分片重组溢出到RCE\scripts\aes_key.bin,禁止的固件、压缩包、模型、共享库或抓包类型
btgatt-server.r1.elf,R1 漏洞成果,1239984,1.183,416db11e9dafdc5e7a1a3543d919716d2ab2395da7903118c1f019a04cb9b076,C:\zyh\work\漏洞整理\unitree_R1\R1蓝牙btgatt-server分片重组溢出到RCE\scripts\btgatt-server.r1.elf,禁止的固件、压缩包、模型、共享库或抓包类型
